id,categoria,tipo,zip,regiao,endereco,atendido,hash
TKJGF3,EMS,Respiratory emergency,19468,Upper Providence,SHAWNEE LN & COCHISE LN,1,acbe9cb1
TKJGJK,EMS,Unconscious subject,19468,Upper Providence,LINFIELD TRAPPE RD & RIDGEWOOD DR,1,db98b6c1
TKJGJY,Traffic,Vehicle accident,19004,Lower Merion,ASHLAND AVE & SPRINGFIELD AVE,1,f9067f1e
TKJGM9,Fire,Cardiac arrest,19468,Upper Providence,LINFIELD TRAPPE RD & RIDGEWOOD DR,1,e6527891
TKJHMQ,Traffic,Disabled vehicle,19446,Lansdale,W 7TH ST & N CANNON AVE,1,8732045c
TKJI2E,EMS,Cardiac emergency,19006,Lower Moreland,WALLER DR & WELSH RD,1,ea2a5a0d
TKJI6S,EMS,Unconscious subject,19087,Chester County,STEPHENS DR & RICHARDS RD,1,561550aa
TKJI7Y,EMS,Diabetic emergency,19040,Horsham,BUTTERNUT DR & REDGUM RD,1,130a2550
TKJI91,EMS,Unconscious subject,19428,Conshohocken,SPRING MILL AVE & E 8TH AVE,1,85b3a7fa
TKJIH9,EMS,Overdose,19401,Norristown,E MARSHALL ST,1,03a2a48c
TKJIKN,EMS,Head injury,18936,Montgomery,HORSHAM RD & PHEASANT RUN,1,e942ac81
TKJILK,EMS,Respiratory emergency,19095,Cheltenham,OLD FARM RD & RICES MILL RD,1,e13fc11a
TKJJBN,EMS,Medical alert alarm,19403,Lower Providence,SHANNONDELL DR & SHANNONDELL BLVD,1,16880660
TKJJDL,Traffic,Road obstruction,19012,Cheltenham,RT309 EXPY & RAMP S EASTON RD TO RT309 NB,1,f06fe399
TKJJEF,Traffic,Road obstruction,19012,Cheltenham,RT309 EXPY & RAMP S EASTON RD TO RT309 NB,1,cb1e705c
TKJJH9,EMS,Syncopal episode,19473,Skippack,SPENCER DR & COOPER DR,1,c1f3d09e
TKJJKP,EMS,Choking,19446,Towamencin,SUNNY AYRE WAY & MORRIS RD,1,15bf2a75
TKJJSN,EMS,Syncopal episode,19038,Abington,EASTON RD & OAKDALE AVE,1,5d056915
TKJKBF,EMS,Unknown medical emergency,19004,Lower Merion,CONSHOHOCKEN STATE RD & W NEWFIELD WAY,1,c179291c
TKJKII,EMS,Unknown medical emergency,19464,Pottstown,N ADAMS ST,1,c296ff4a
TKJKJC,EMS,Unconscious subject,19012,Cheltenham,MYRTLE AVE & ELM AVE,1,a89912ef
TKJKKX,EMS,Respiratory emergency,19401,Norristown,LAFAYETTE ST & SWEDE ST,1,b7d8f037
TKJL3O,EMS,Fall victim,19426,Lower Providence,RIDGE PIKE & GERMANTOWN PIKE,1,6b3e3e10
TKJL5X,Traffic,Vehicle accident,19075,Springfield,CHURCH RD & SANDY HILL RD,1,e09ca01b
TKJL93,Fire,Building fire,19046,Lower Moreland,VALLEY RD & WELSH RD,1,6073888c
TKJLZL,Traffic,Vehicle accident,19406,Upper Merion,GULPH RD & MALL BLVD,1,ec58ab0d
TKJM1R,EMS,Syncopal episode,19444,Whitemarsh,ALMOND CT & CRABAPPLE DR,1,7fe452ea
TKJME0,EMS,Head injury,19128,Springfield,RIDGE PIKE & NORTHWESTERN AVE,1,1d0a8ed6
TKJMHO,EMS,Syncopal episode,19454,Montgomery,FOX CHASE CT & WINDING BROOK RUN,1,8c61ad70
TKJMKA,EMS,Fall victim,19003,Lower Merion,ARDMORE AVE & W ATHENS AVE,1,1ac87e6b
TKJMMR,EMS,Head injury,19002,Horsham,CHESTNUT LN & W COUNTY LINE RD,1,0d7a7574
TKJN33,EMS,Seizures,19438,Lower Salford,CAMP WAWA RD & SALFORDVILLE RD,1,6e1df34f
TKJN7K,EMS,Nausea/vomiting,19464,Lower Pottsgrove,BUCHERT RD & LAUREL WAY,1,21172aa2
TKJN8S,Traffic,Vehicle accident,19426,Collegeville,MAIN ST & 2ND AVE,1,ac71527d
TKJNHX,EMS,Respiratory emergency,19428,Plymouth,BUTLER PIKE & MAPLE DR,1,68fac6ed
TKJNL1,Traffic,Road obstruction,19025,Upper Dublin,AYR LN & DUNDEE DR,1,78f07b45
TKJOTJ,EMS,Nausea/vomiting,19525,New Hanover,SANDPIPER CT & CHALET RD,1,b6cfb89b
TKJOUR,EMS,Syncopal episode,19465,Chester County,HARVEY LN & STEPHEN LN,1,099767f1
TKJOV2,EMS,Unconscious subject,19401,Norristown,MAIN ST & KNOX ST,1,dc69e107
TKJPA9,EMS,Fall victim,19040,Upper Moreland,TURNPIKE DR & DAVISVILLE RD,1,065c1b28
TKJPJU,EMS,Hemorrhaging,19405,Bridgeport,5TH ST & FORD ST,1,09b70c2c
TKJPSP,Fire,Woods/field fire,19464,Pottstown,WILLOW ST,1,650bfe0f
TKJPY4,Fire,Fire alarm,19001,Abington,MORELAND RD & CHERRY ST,1,8a5fb8c0
TKJPYO,Traffic,Disabled vehicle,19462,Plymouth,PLYMOUTH RD & FALCON WAY,1,bf506c9b
TKJQOX,EMS,Medical alert alarm,19006,Lower Moreland,DOGWOOD LN & HALE RD,1,14929061
TKJQVO,EMS,Hemorrhaging,19438,Upper Salford,OLD SKIPPACK RD & OAK LN,1,be531b8f
TKJQZN,EMS,Respiratory emergency,19002,Lower Gwynedd,KELLOGG DR & SLOAN WAY,1,e350e85a
TKJR5F,Fire,Fire alarm,19040,Hatboro,YORK RD & W MONTGOMERY AVE,1,98af67bf
TKJR83,Traffic,Disabled vehicle,19401,East Norriton,GERMANTOWN PIKE & HANNAH AVE,1,43e6918c
TKJRJ9,EMS,Subject in pain,19462,Plymouth,PLYMOUTH ROCK RD & BEACON HILL LN,1,f4fe3dc8
TKJS7D,EMS,Respiratory emergency,18073,Upper Hanover,KLINERD RD & LAYFIELD RD,1,8a348c53
TKJSGR,EMS,Nausea/vomiting,19040,Hatboro,MADISON AVE & EVERGREEN AVE,1,d3a312e1
TKJSI0,Fire,Vehicle accident,19473,Upper Salford,SCHWENKSVILLE RD,1,7c31bd68
TKJSI0-1,Fire,Vehicle accident,19473,Upper Salford,SCHWENKSVILLE RD & SALFORD STATION RD,1,ae2c9741
TKJSI5,EMS,Vehicle accident,19473,Upper Salford,SCHWENKSVILLE RD,1,d1c41498
TKJSI5-1,EMS,Vehicle accident,19473,Upper Salford,SCHWENKSVILLE RD & SALFORD STATION RD,1,93599e11
TKJSIZ,Traffic,Vehicle accident,19473,Upper Salford,SCHWENKSVILLE RD & SALFORD STATION RD,1,e949bdfc
TKJSOQ,EMS,EMS special service,19038,Springfield,PAPER MILL RD & CHELTENHAM AVE,1,180eb84f
TKJT23,Traffic,Vehicle accident,19002,Ambler,E MT PLEASANT AVE & N SPRING GARDEN ST,1,f33facb4
TKJT3N,EMS,Unconscious subject,19401,Norristown,STANBRIDGE ST & W AIRY ST,1,6f61d8c0
TKJTB2,Fire,Vehicle fire,19401,Norristown,HAWS AVE,1,242ca9f6
TKJTFK,Traffic,Vehicle fire,19401,Norristown,HAWS AVE & W MAIN ST,1,524c9c00
TKJTUN,EMS,Cardiac arrest,19426,Skippack,COLLEGEVILLE RD & CREAMERY RD,1,b44cbf25
TKJTVH,Fire,Cardiac arrest,19426,Skippack,COLLEGEVILLE RD & CREAMERY RD,1,999a10a3
TKJTYF,EMS,General weakness,19027,Cheltenham,COVENTRY AVE & VALLEY RD,1,575abd0d
TKJTZK,EMS,Fever,19095,Cheltenham,WASHINGTON LN & W CHURCH RD,1,fc0f6c74
TKJUH4,EMS,Fall victim,19444,Whitemarsh,JOSHUA RD & CEDAR GROVE RD,1,7f7d4ab4
TKJUSJ,Fire,Building fire,19464,Pottstown,LIBERTY ALY,1,f324e88b
TKJUSJ-1,Fire,Building fire,19464,Pottstown,CHARLOTTE ST & JEFFERSON AVE,1,fc7f50b9
TKJUU5,Fire,Unknown type fire,19464,West Pottsgrove,RACE ST & SCHOOL LN,1,d9771e00
TKJUW0,Traffic,Disabled vehicle,19464,Pottstown,KING ST & MANATAWNY ST,1,9d577074
TKJV59,EMS,Assault victim,19464,West Pottsgrove,CENTER ST,1,a3390f5f
TKJVFD,EMS,Medical alert alarm,19454,Montgomery,WILLOW LN & SPRINGHOUSE CT,1,c9c30937
TKJVJ9,EMS,Nausea/vomiting,18969,Franconia,FAIRWAY DR & ALEXANDER DR,1,fa54a4eb
TKJVRP,EMS,Dehydration,19444,Whitemarsh,CHRISTIE CIR & EMERSON DR,1,efb4a58c
TKJVZ3,Traffic,Road obstruction,19446,Upper Gwynedd,OLD ALLENTOWN RD & ALLENTOWN RD,1,2de4c8d6
TKJW9K,EMS,Unknown medical emergency,19405,Bridgeport,GROVE ST & CHERRY ALY,1,bc5910dd
TKJWBP,EMS,Fall victim,19001,Abington,ST JAMES PL & PATANE AVE,1,e6ef0e78
TKJWHM,EMS,General weakness,19446,Worcester,BLUEBIRD XING & MEADOWOOD DR,1,2242d508
TKJXAK,EMS,Head injury,19426,Trappe,JACOB WAY & W 1ST AVE,1,f3562c49
TKJXVK,EMS,Cardiac arrest,19406,Upper Merion,VALLEY FORGE RD & GENERAL STEUBEN RD,1,dd8a0735
TKJY9Q,Traffic,Vehicle accident,19034,Whitemarsh,JOSHUA RD & TOLAND DR,1,a1da4328
TKJY9Q-1,Traffic,Vehicle accident,19034,Whitemarsh,JOSHUA RD & MILITIA HILL RD,1,9cbe5ee4
TKJYGW,EMS,Respiratory emergency,19027,Cheltenham,HEATHER RD & SPRING AVE,1,613434ed
TKJYUM,EMS,Syncopal episode,19426,Perkiomen,GRAVEL PIKE & HIGH SCHOOL DR,1,63b919ee
TKJZQ7,EMS,EMS special service,19444,Whitemarsh,GERMANTOWN PIKE & KERPER RD,1,d1c39695
TKK2C9,EMS,Respiratory emergency,19464,Pottstown,HIGH ST & S WASHINGTON ST,1,40bafb0d
TKK2YY,EMS,Subject in pain,19465,Chester County,WORTH BLVD & TYSON ST,1,73206f12
TKK421,EMS,EMS special service,19046,Rockledge,ROCKLEDGE AVE & ROBBINS AVE,1,8b050163
TKK43W,EMS,Unknown medical emergency,19453,Upper Providence,WALNUT ST & NEEDLE ST,1,df297d10
TKK43W-1,EMS,Unknown medical emergency,19453,Upper Providence,BRIDGE ST & JACOBS ST,1,f24f7eed
TKK44R,EMS,Seizures,19002,Lower Gwynedd,LLANFAIR RD & BAKER RD,1,65e0379c
TKK7RK,EMS,Cardiac emergency,19002,Ambler,FOREST AVE & GLEN MAWR DR,1,5a6eae6e
TKK8B7,EMS,Fever,19002,Ambler,BETHLEHEM PIKE & ARGYLE AVE,1,f817091c
TKKB5X,EMS,Respiratory emergency,19464,Pottstown,KING ST & MANATAWNY ST,1,d0f5c745
TKKCKX,EMS,Fall victim,19426,Perkiomen,GRAVEL PIKE & GRATERFORD RD,1,c4da04a5
TKKCZW,EMS,Unknown medical emergency,18076,Pennsburg,MAIN ST & 4TH ST,1,6ed09432
TKKDNP,EMS,Unknown medical emergency,19444,Whitemarsh,GERMANTOWN PIKE & THORNHILL DR,1,d6281bdc
TKKETB,EMS,Seizures,19428,West Conshohocken,MOOREHEAD AVE & FRONT ST,1,732fc667
TKKFD8,EMS,Assault victim,19464,Pottstown,HIGH ST & UNION ST,1,5d0e6b7c
TKKH0S,Fire,Gas-odor/leak,19464,Pottstown,YORK ST & CHESTNUT ST,1,bd81a755
TKKHDY,EMS,Assault victim,19464,Pottstown,HIGH ST & UNION ST,1,1ca8b65b
TKKHYZ,Fire,Fire investigation,19446,Lansdale,MADISON ST & W 2ND ST,1,b43768f2
TKKI9X,EMS,Overdose,19403,Lower Providence,FOSTER AVE & N PARK AVE,1,888d9f56
TKKIAO,EMS,Subject in pain,19003,Lower Merion,LANCASTER AVE & CHATHAM RD,1,131462cf
TKKIBY,EMS,Assault victim,19406,Upper Merion,DEKALB PIKE & TOWN CENTER RD,1,8d86d9ab
TKKJ1L,EMS,Fall victim,19031,Springfield,BETHLEHEM PIKE & WEISS AVE,1,4ace4b89
TKKJ6Z,EMS,Fall victim,19403,Lower Providence,SHANNONDELL DR & SHANNONDELL BLVD,1,201f9aa3
TKKJ91,EMS,Unresponsive subject,18041,East Greenville,MAIN ST & E 5TH ST,1,71b51bbb
TKKK0U,EMS,Nausea/vomiting,19001,Upper Moreland,COUNTRY CLUB DR & EDGE HILL RD,1,f385a9c1
TKKK58,Fire,Fire alarm,19010,Lower Merion,MT PLEASANT RD & MUIRFIELD RD,1,c7cb9014
TKKK7M,EMS,Cardiac arrest,18964,Franconia,GREEN ST & PARKVIEW DR,1,b6135b91
TKKKC2,EMS,Respiratory emergency,19444,Springfield,EAGLE VIEW DR & MANOR RD,1,8253446f
TKKKDF,Traffic,Road obstruction,19002,Upper Dublin,WEBSTER LN & ANNASMEAD RD,1,fe0b6e8c
TKKKEN,Fire,Cardiac arrest,18964,Franconia,GREEN ST & PARKVIEW DR,1,ffa04af9
TKKKMQ,EMS,Back pains/injury,19446,Towamencin,ANDERS RD & MEADOW GLEN DR,1,a7e5e34a
TKKKZD,EMS,Hemorrhaging,19464,Pottstown,ADAMS ST & PARK DR,1,84b93d67
TKKLIF,EMS,Poisoning,19096,Lower Merion,PENN RD & AUBREY RD,1,98629ffa
TKKLNB,Fire,Fire alarm,19041,Lower Merion,LANCASTER AVE & OLD LANCASTER RD,1,e36a32fb
TKKLOM,EMS,CVA/stroke,19072,Lower Merion,GREENTREE LN & N WOODBINE AVE,1,fa4c311d
TKKM3L,EMS,Nausea/vomiting,19454,Horsham,HORSHAM RD & GREEN TREE TAVERN RD,1,66512c45
TKKMZU,EMS,Respiratory emergency,19462,Whitemarsh,COLONY LN & PURITAN RD,1,005cc7d2
TKKNDD,EMS,Diabetic emergency,19090,Upper Moreland,MADISON RD & SHELDON RD,1,aec438ba
TKKNTJ,Fire,Fire alarm,19428,Whitemarsh,MALAN DR & RIDGE PIKE,1,fb0b9924
TKKO9X,Traffic,Vehicle accident,19038,Cheltenham,WAVERLY RD & GYPSY LN,1,b3ec043e
TKKOC0,EMS,Seizures,19401,East Norriton,LAFAYETTE RD & LAWNTON RD,1,c5e8a467
TKKOE0,Fire,Fire alarm,19096,Lower Merion,LANCASTER AVE & W OLD WYNNEWOOD RD,1,9f9e32f7
TKKOHR,EMS,Cardiac emergency,19044,Upper Moreland,BLAIR MILL RD & W MORELAND AVE,1,87f6ce98
TKKOIW,EMS,Vehicle accident,19462,Plymouth,PLYMOUTH RD,1,6fd0a308
TKKORC,Fire,Fire alarm,19085,Lower Merion,MT PLEASANT RD & VALLEY RD,1,7aa59717
TKKPWY,EMS,Back pains/injury,19454,Upper Gwynedd,KEARNEY DR & ARBOUR CT,1,8cf4042a
TKKQ34,EMS,Fall victim,19403,Lower Providence,SHANNONDELL DR & SHANNONDELL BLVD,1,c5e11389
TKKQA7,Fire,Gas-odor/leak,18974,Hatboro,COUNTY LINE RD & MADISON AVE,1,9f5f79ed
TKKQKP,Traffic,Vehicle accident,19085,Lower Merion,CONSHOHOCKEN STATE RD & SPRING MILL RD,1,204bf634
TKKQVB,EMS,Carbon monoxide detector,18974,Hatboro,COUNTY LINE RD & MADISON AVE,1,412ba903
TKKQXD,EMS,Unresponsive subject,19446,Hatfield Township,BROAD ST & HIDDEN MEADOW DR,1,2ade3d2e
TKKRC0,Fire,Fire alarm,19454,Lower Gwynedd,MEETINGHOUSE RD & DEKALB PIKE,1,de1dc46f
TKKRMT,Traffic,Vehicle accident,19046,Rockledge,HUNTINGDON PIKE & S JARRETT AVE,1,dae3611e
TKKS1T,EMS,Fall victim,19035,Lower Merion,CONSHOHOCKEN STATE RD & BARR LN,1,f315a99e
TKKS45,EMS,Fall victim,19464,Lower Pottsgrove,EVERGREEN RD & W LIGHTCAP RD,1,d514aeab
TKKS8U,Traffic,Vehicle accident,19446,Lansdale,HANCOCK ST & ANDALE GREEN DR,1,3ed7abd1
TKKSML,EMS,Overdose,19090,Abington,FLEMING AVE & CARVER AVE,1,1aead916
TKKT52,EMS,Respiratory emergency,19464,Pottstown,5TH ST & JOHNSON ST,1,38b6ceea
TKKT9R,Fire,Fire alarm,19426,Lower Providence,FOREST LN,1,5b57b12c
TKKTEJ,EMS,Subject in pain,19462,Plymouth,JEFFERSON ST & BROOK ALY,1,445df2f9
TKKTO5,EMS,Abdominal pains,19473,Perkiomen,PANEPINTO DR & ROMAN DR,1,b0c4af2a
TKKU4J,EMS,Syncopal episode,19406,Upper Merion,BISMARK WAY & BRANDENBURG WAY,1,2179804e
TKKU8I,EMS,CVA/stroke,19006,Lower Moreland,CARSON TER & WELSH RD,1,bd6628bf
TKKUH6,Fire,Fire alarm,19002,Upper Dublin,SUSQUEHANNA RD & SPARK DR,1,923b0f9f
TKKUI9,EMS,General weakness,19072,Narberth,FORREST AVE & WINDSOR AVE,1,33b502a1
TKKUJR,EMS,Overdose,19401,Norristown,DEKALB ST & E OAK ST,1,6291a782
TKKV61,Fire,Building fire,19468,Limerick,LIGHTCAP RD & SANATOGA SPRINGS DR,1,4f78e27d
TKKV79,EMS,Diabetic emergency,19465,Chester County,LAURELWOOD RD & ROBERTA DR,1,3c1bf75c
TKKV7V,EMS,Unconscious subject,19454,Montgomery,MORRIS CT & JEFFERSON CT,1,783e048f
TKKV8N,EMS,Head injury,19462,Plymouth,GERMANTOWN PIKE & LAUNFALL RD,1,2fe5cbb1
TKKVL8,Fire,Fire alarm,19401,East Norriton,HANNAH AVE & E GERMANTOWN PIKE,1,7ed5e60d
TKKVTW,Fire,Fire alarm,19444,Whitemarsh,GERMANTOWN PIKE & N WARNER RD,1,f05fee2a
TKKVX1,EMS,Dehydration,19446,Towamencin,DOCK DR & DETWILER RD,1,a9fdc662
TKKVY5,EMS,Assault victim,19401,Norristown,MAIN ST & BARBADOES ST,1,ec18a6c1
TKKW4K,EMS,Back pains/injury,19454,Montgomery,FOX CHASE CT & WINDING BROOK RUN,1,a2b7da67
TKKW5M,EMS,Nausea/vomiting,19428,Whitemarsh,BUTLER PIKE & MAPLE DR,1,1c9e6359
TKKW69,Traffic,Vehicle accident,19464,Lower Pottsgrove,ARMAND HAMMER BLVD & MEDICAL DR,1,78203286
TKKWBU,EMS,Seizures,19003,Lower Merion,MONTGOMERY AVE & LLANFAIR RD,1,0ccba94a
TKKWCU,EMS,Altered mental status,19446,Lansdale,BROAD ST & E 6TH ST,1,f1c1fbbd
TKKWDX,EMS,Head injury,18076,Red Hill,SINGER WAY & E 8TH ST,1,59180161
TKKWIO,EMS,Cardiac emergency,19473,Perkiomen,TOWNSHIP LINE RD & LIMERICK RD,1,e171e0a4
TKKWM9,EMS,Vehicle accident,19464,Limerick,AIRPORT RD,1,b3a029d6
TKKWMQ,Traffic,Vehicle accident,19464,Limerick,AIRPORT RD & LIMERICK CENTER RD,1,880f2991
TKKWQ7,Fire,Vehicle accident,19464,Limerick,AIRPORT RD,1,d23133ae
TKKWT6,EMS,Fall victim,19440,Hatfield Township,WALNUT ST & GARDEN RD,1,2ce3b163
TKKWXK,EMS,Fall victim,19044,Horsham,WHITE BIRCH LN & TIMBER RD,1,416d2335
TKKWZE,EMS,Back pains/injury,19464,Pottstown,BEECH ST & N WARREN ST,1,be033f7c
TKKX4D,Traffic,Vehicle accident,18070,Upper Hanover,GRAVEL PIKE & ZIEGLER RD,1,be31c823
TKKXEN,EMS,Head injury,19401,East Norriton,GERMANTOWN PIKE & HANNAH AVE,1,cdede2c9
TKKXIT,EMS,Subject in pain,19038,Springfield,STENTON AVE & NEWTON ST,1,a100bba2
TKKXK7,EMS,Subject in pain,19464,Pottstown,HIGH ST & BEECH ST,1,dd414d94
TKKXY1,Fire,Vehicle accident,18041,Upper Hanover,GRAVEL PIKE & KRAUSSDALE RD,1,b679e3fb
TKKXY6,EMS,Vehicle accident,18041,Upper Hanover,GRAVEL PIKE & KRAUSSDALE RD,1,ec939fa0
TKKXZ9,Traffic,Vehicle accident,19038,Cheltenham,CHELTENHAM AVE & E UPSAL ST,1,3613d31e
TKKYDC,EMS,Fall victim,19095,Cheltenham,WASHINGTON LN & TOWNSHIP LINE RD,1,b82c8259
TKKYH6,EMS,Allergic reaction,19453,Upper Providence,2ND AVE & SOWERS AVE,1,aebf8ee6
TKKYLG,EMS,Fall victim,19403,West Norriton,BRANDON RD & S SCHUYLKILL AVE,1,df64e363
TKKYVX,Traffic,Disabled vehicle,19446,Lansdale,W 7TH ST & N CANNON AVE,1,b0c69f99
TKKYXF,Traffic,Vehicle accident,18041,Upper Hanover,GRAVEL PIKE & KRAUSSDALE RD,1,302b6fed
TKKZHH,EMS,Subject in pain,18073,Marlborough,BRINCKMAN RD & FINLAND RD,1,a0d27778
TKKZR3,EMS,Head injury,19403,Lower Providence,APPLEDALE RD,1,0bbec1f6
TKKZTF,EMS,General weakness,19403,West Norriton,PARK DR & OXFORD CIR,1,efa5957d
TKKZVM,Traffic,Vehicle accident,19027,Abington,TOWNSHIP LINE RD & CADWALADER AVE,1,7164f8f3
TKL035,EMS,Fall victim,19460,Upper Providence,PERKIOMEN TRL & WOODLAND AVE,1,5afef64b
TKL076,EMS,Respiratory emergency,19044,Horsham,HORSHAM RD & PROGRESS DR,1,d331f3a7
TKL0LO,Fire,Fire alarm,19401,Norristown,MARSHALL ST & VIOLET ST,1,481c7743
TKL0TL,EMS,Head injury,19403,Lower Providence,SHANNONDELL DR & SHANNONDELL BLVD,1,6a73dca5
TKL0YS,EMS,Respiratory emergency,19095,Cheltenham,WASHINGTON LN & W CHURCH RD,1,82e8fb93
TKL13H,EMS,Choking,19422,Whitpain,MARA DR & CONCORD CT,1,d995e62d
TKL175,Traffic,Vehicle accident,19003,Lower Merion,E COUNTY LINE RD & WILLOW AVE,1,783d4f09
TKL18T,Fire,Fire alarm,19040,Hatboro,YORK RD & E MORELAND AVE,1,f8813d0d
TKL1JN,EMS,Respiratory emergency,19492,Upper Frederick,BIG RD & FREDERICK DR,1,87c86797
TKL1XN,EMS,CVA/stroke,18964,Souderton,GARFIELD AVE & S 4TH ST,1,d0cc65b8
TKL241,EMS,Allergic reaction,19027,Abington,ROLLING HILL RD & CHANCELLOR AVE,1,3b9d9155
TKL27F,EMS,General weakness,19446,Lansdale,MAPLE AVE & W 6TH ST,1,6fd86535
TKL2EK,Traffic,Vehicle accident,19027,Cheltenham,CHELTEN HILLS DR & OLD YORK RD,1,2d474ef3
TKL2MK,EMS,Fracture,19440,Hatfield Township,COWPATH RD & DERSTINE RD,1,7084461e
TKL2SN,Traffic,Vehicle accident,19428,West Conshohocken,WILLIAM ST & FRONT ST,1,190013ba
TKL2SR,EMS,Building fire,18951,Bucks County,MILFORD SQUARE PIKE & JOHN FRIES HWY,1,43d15933
TKL32M,Traffic,Road obstruction,19046,Abington,RYDAL RD & AMITY RD,1,121de931
TKL3PN,EMS,Unknown medical emergency,19512,Berks County,WASHINGTON ST & E 4TH ST,1,9aca7bdd
TKL40E,EMS,Fall victim,19095,Cheltenham,CHURCH RD & RICES MILL RD,1,4e702845
TKL4O3,Traffic,Vehicle accident,19131,Phila County,W CITY AVE & N 50TH ST,1,91677497
TKL4VW,EMS,Unknown medical emergency,19401,Norristown,HAWS AVE,1,ae074816
TKL4WN,EMS,Head injury,19406,Upper Merion,VILLAGE DR & S GODDARD BLVD,1,e26bd325
TKL5OS,Traffic,Disabled vehicle,19405,Bridgeport,E 4TH ST & HURST ST,1,c4b2ed39
TKL5PN,Fire,Fire alarm,19462,Plymouth,LEE DR & DAVIS DR,1,bd9c265b
TKL5QL,Traffic,Disabled vehicle,19406,Upper Merion,E DEKALB PIKE & S HENDERSON RD,1,c5987f31
TKL5SL,Traffic,Vehicle accident,19422,Whitpain,DEKALB PIKE & SWEDE RD,1,0ce6a9cd
TKL606,EMS,Fall victim,19428,Whitemarsh,ROBERTS AVE & WELLS ST,1,11016bd7
TKL63Y,EMS,Syncopal episode,18041,East Greenville,BLAKER DR & HAMILTON RD,1,8c6def88
TKL6OF,EMS,CVA/stroke,18073,Marlborough,CAMPBELL RD & HENDRICKS RD,1,a9d3e367
TKL6R6,Traffic,Vehicle accident,19040,Horsham,EASTON RD & W COUNTY LINE RD,1,747e3040
TKL6R6-1,Traffic,Vehicle accident,18976,Horsham,COUNTY LINE RD & PRIVET RD,1,552df560
TKL6RR,EMS,Seizures,19406,Upper Merion,VALLEY FORGE CIR & OLD VALLEY FORGE RD,1,574cf939
TKL6V8,Traffic,Vehicle accident,19401,Norristown,MAIN ST & HAWS AVE,1,d14f132a
TKL6VK,EMS,Cardiac emergency,19462,Plymouth,GERMANTOWN PIKE & HALLOWELL RD,1,70875d28
TKL6YR,EMS,Respiratory emergency,19406,Upper Merion,VALLEY FORGE RD & GENERAL STEUBEN RD,1,f9884b5f
TKL7O8,Fire,Fire special service,19406,Upper Merion,VALLEY FORGE RD & GENERAL STEUBEN RD,1,13a7a7d6
TKL7Q7,Traffic,Disabled vehicle,19401,East Norriton,W JOHNSON HWY & DEKALB PIKE,1,f6fda745
TKL7VP,Traffic,Disabled vehicle,19401,East Norriton,W JOHNSON HWY & DEKALB PIKE,1,45345fce
TKL7VP-1,Traffic,Disabled vehicle,19401,Norristown,E JOHNSON HWY & DEKALB PIKE,1,68f78cc5
TKL7VT,Traffic,Vehicle accident,18969,Salford,N ALLENTOWN RD & RIDGE RD,1,209049c5
TKL7XY,Traffic,Vehicle accident,19428,Plymouth,ALAN WOOD RD & SERVICE ROAD,1,af42ae7a
TKL7ZR,EMS,Respiratory emergency,19453,Upper Providence,MEADOWVIEW LN & NORWOOD ST,1,e8503a7c
TKL8G4,EMS,Head injury,19525,Douglass,PHILADELPHIA AVE & CONGO RD,1,75043c95
TKL8IS,Fire,Fire investigation,19406,Upper Merion,GULPH RD & KIRK AVE,1,bc35f6a1
TKL8LI,EMS,Fall victim,18964,Franconia,CLIVEDEN TER & LIONS GATE CIR,1,be390f53
TKL8OF,EMS,Abdominal pains,19464,Lower Pottsgrove,WHITE PINE LN & RIDGEVIEW LN,1,0b700542
TKL91V,EMS,Seizures,19401,Norristown,CHAIN ST & W BLACKBERRY ALY,1,8ac08b3f
TKL9DW,EMS,Cardiac emergency,19462,Plymouth,GERMANTOWN PIKE & HALLOWELL RD,1,7784ee50
TKL9I3,Traffic,Vehicle accident,19002,Upper Dublin,LINCOLN DR & LINCOLN DR,1,6b7b7d8b
TKL9JA,EMS,Respiratory emergency,19401,Norristown,LAFAYETTE ST & SWEDE ST,1,46017527
TKL9JC,Traffic,Vehicle accident,19401,Norristown,GEORGE ST & W OAK ST,1,bb03d981
TKL9TN,Fire,Fire special service,19001,Abington,HUNTINGDON RD & GUERNSEY AVE,1,63c3bcec
TKL9X4,EMS,Head injury,19426,Upper Providence,MEADOWLAND DR & BELLMONT DR,1,1800011c
TKL9XV,Fire,Fire alarm,19401,East Norriton,GERMANTOWN PIKE & HANNAH AVE,1,a1180de1
TKL9YX,EMS,Syncopal episode,19403,West Norriton,NORTHRIDGE DR & BITTERSWEET CT,1,edafabc4
TKLA3L,EMS,Abdominal pains,19001,Abington,WOODLAND RD & ST CHARLES PL,1,e7355ddf
TKLA6U,EMS,Assault victim,19046,Jenkintown,FLORENCE AVE & GREENWOOD AVE,1,823e8cf5
TKLAIN,EMS,Fall victim,19438,Lower Salford,DEANO WAY & FLORENCE DR,1,2f8ea226
TKLALC,EMS,Head injury,19046,Jenkintown,WEST AVE & GREENWOOD AVE,1,44d1bd50
TKLAMK,EMS,Head injury,19403,West Norriton,SCHOOL LN & HEMLOCK RD,1,917cd650
TKLAOW,EMS,Respiratory emergency,19401,Norristown,MARSHALL ST & HIGH ST,1,429d01d8
TKLB7H,EMS,Altered mental status,19401,East Norriton,GERMANTOWN PIKE & HANNAH AVE,1,d6d9aa7b
TKLB94,Traffic,Vehicle fire,19454,Montgomery,REGENCY DR & TUDOR DR,1,4062df00
TKLB95,Fire,Vehicle fire,19454,Montgomery,REGENCY DR & TUDOR DR,1,af84f958
TKLBGM,EMS,Fall victim,19001,Abington,ROBERTA AVE & CLEVELAND AVE,1,2faa2b4d
TKLBRB,EMS,Assault victim,19464,Pottstown,ADAMS ST & ROWAN ALY,1,ecc96161
TKLC68,EMS,Fall victim,19464,Pottstown,LINCOLN AVE & N FRANKLIN ST,1,9575e8a5
TKLC9S,EMS,Cardiac emergency,18074,Pottstown,SHOEMAKER RD & CONNECTING ROAD,1,33b7d456
TKLCDE,EMS,Choking,19462,Plymouth,CHESTNUT ST & E RIDGE PIKE,1,99db011f
TKLCOK,EMS,Fall victim,19426,Lower Providence,LATTICE LN & LEVEL RD,1,2afa9dbc
TKLCU9,EMS,Respiratory emergency,19446,Lansdale,OAKLAND AVE & LAUREL LN,1,0636bf5f
TKLD53,EMS,Cardiac emergency,19001,Abington,MILDRED AVE & EASTON RD,1,e433a359
TKLDMP,Traffic,Vehicle accident,19525,Douglass,PHILADELPHIA AVE & WILLIAMS WAY,1,b704e1cf
TKLDS9,EMS,Cardiac emergency,19468,Royersford,RIVERFRONT DR & DIAMOND PL,1,f332083f
TKLDVW,EMS,Nausea/vomiting,19401,Norristown,CHAIN ST & W LOGAN ST,1,f6deccf1
TKLF2L,EMS,Poisoning,19401,Norristown,MARSHALL ST & STANBRIDGE ST,1,b1e6c64b
TKLF6L,Fire,Fire alarm,19010,Lower Merion,LADBROKE RD & PEMBROKE RD,1,92f3c2d9
TKLFNT,EMS,Hemorrhaging,19040,Upper Moreland,KAREN LN & DAVISVILLE RD,1,9285ca5d
TKLGIS,EMS,Medical alert alarm,19465,Chester County,NEIMAN RD & ROBERTA DR,1,a1e75203
TKLGKG,EMS,Overdose,19087,Chester County,MT PLEASANT AVE & UPPER GULPH RD,1,7735b933
TKLGOI,Fire,Fire alarm,19454,Montgomery,BETHLEHEM PIKE & NORTH WALES RD,1,63933371
TKLGS3,EMS,Syncopal episode,19422,Whitpain,SKIPPACK PIKE & CRESTLINE DR,1,3a68e0bf
TKLGZF,EMS,Dizziness,19446,Worcester,SKIPPACK PIKE & MEADOWOOD DR,1,dda06549
TKLH6F,EMS,Fracture,19446,Upper Gwynedd,SUMNEYTOWN PIKE & MERCK GATE 1,1,375a0b39
TKLHUX,EMS,Cardiac emergency,19464,Pottstown,UPLAND ST & MANATAWNY ST,1,b7ffeebe
TKLI5L,EMS,Head injury,19446,Lansdale,BROAD ST & E 6TH ST,1,850737dc
TKLIHE,EMS,Overdose,19027,Cheltenham,VALLEY RD & MILL RD,1,f6ce55a3
TKLIL7,Traffic,Disabled vehicle,19075,Springfield,CHURCH RD & BRENT RD,1,60ea1200
TKLJAV,EMS,Unconscious subject,19454,Horsham,HORSHAM RD & GREEN TREE TAVERN RD,1,3f49052c
TKLJBW,Traffic,Vehicle accident,19464,Pottstown,HIGH ST & N HANOVER ST,1,d35ef0ab
TKLJON,EMS,Fall victim,19464,Pottstown,HARMONY DR & FORESMAN DR,1,605df586
TKLJZO,Fire,Fire investigation,19464,Pottstown,KING ST & PENN ST,1,ebe05aa4
TKLK0S,Fire,Gas-odor/leak,19040,Upper Moreland,BROADWAY AVE & ELM AVE,1,290a5292
TKLKEO,EMS,Subject in pain,19454,Montgomery,HARVARD DR & CARRIAGE CT N,1,389291e5
TKLKGR,EMS,Hemorrhaging,19438,Franconia,MAPLEWOOD DR & CRESCENT CIR,1,74409c2e
TKLKV6,Traffic,Vehicle accident,19426,Perkiomen,LONGWOOD RD & WARTMAN RD,1,94573df4
TKLLT6,EMS,Seizures,19027,Cheltenham,FOREST AVE & SHOEMAKER RD,1,04fa716f
TKLMHE,EMS,Seizures,19095,Cheltenham,CHURCH RD & BENT RD,1,3e89e640
TKLMMA,EMS,Unknown medical emergency,19464,Pottstown,HIGH ST,1,c0610c8f
TKLN4J,EMS,Unknown medical emergency,19446,Lansdale,VINE ST & S BROAD ST,1,7a3082a2
TKLNAW,Fire,Fire special service,19464,Pottstown,HIGH ST,1,1687b082
TKLNBK,Traffic,Vehicle accident,19401,Norristown,W ROBERTS ST & LOCUST ST,1,17f7a65f
TKLNK9,EMS,CVA/stroke,19040,Hatboro,MORELAND AVE & S YORK RD,1,99cb23db
TKLNPG,EMS,Syncopal episode,19464,Lower Pottsgrove,SHIRE DR & TANGLEWOOD CT,1,bc7831da
TKLO2I,EMS,Fall victim,19428,Whitemarsh,LISA LN & DEAD END,1,be9cec63
TKLO52,Fire,Building fire,19426,Lower Providence,LEVEL RD & LEWIS RD,1,e5cbd677
TKLODB,EMS,Cardiac emergency,19428,Plymouth,PROGRESS DR & KIRK ST,1,33d95ed5
TKLP8E,Traffic,Road obstruction,19006,Lower Moreland,BYBERRY RD & HUNTINGDON PIKE,1,83325de8
TKLP8E-1,Traffic,Road obstruction,19006,Lower Moreland,BYBERRY RD & BUCK RD,1,f1972e20
TKLPAV,EMS,Abdominal pains,19075,Springfield,PAPER MILL RD & GOLF RD,1,c940582d
TKLPEE,EMS,Fall victim,19525,New Hanover,SANATOGA RD & JASPER FARMER RD,1,fb55f139
TKLPHC,EMS,Diabetic emergency,19464,Pottstown,HIGH ST & S WASHINGTON ST,1,a284507a
TKLPMM,EMS,Nausea/vomiting,19090,Upper Moreland,EVANS AVE & SILVER AVE,1,0460d52b
TKLQLB,EMS,Fracture,19002,Lower Gwynedd,PENLLYN PIKE & FOXFIELD RD,1,837556b1
TKLS22,EMS,Subject in pain,19401,Norristown,CARMEN DR & TREMONT AVE,1,2c2c993d
TKLS9K,EMS,General weakness,19464,West Pottsgrove,FAIRVIEW ST & JEFFERSON ST,1,be34e263
TKLSZG,EMS,Respiratory emergency,19446,Towamencin,COLUMBIA AVE & CENTRAL DR,1,77d843a4
TKLT56,EMS,Nausea/vomiting,19072,Narberth,GRAYLING AVE & HAVERFORD AVE,1,d2e21d33
TKLTGU,EMS,Unknown medical emergency,18964,Souderton,WALNUT ST & WILE AVE,1,fe7d175b
TKLTS2,EMS,Overdose,19468,Royersford,5TH AVE & PINE ST,1,b25fab45
TKLTS2-1,EMS,Overdose,19468,Royersford,PINE ST & DEAD END,1,4f4b287d
TKLTSY,Traffic,Disabled vehicle,19040,Horsham,W COUNTY LINE RD & LATCHSTRING LN,1,97ff9e9e
TKLVL9,EMS,Respiratory emergency,19001,Abington,WOODLAND RD & ST CHARLES PL,1,fe9e57fa
TKLVOL,Traffic,Road obstruction,19004,Lower Merion,ST ASAPHS RD & CONSHOHOCKEN STATE RD,1,9f5fe120
TKLWD5,EMS,Altered mental status,19090,Upper Moreland,EASTON RD & ANDREA DR,1,fb77a789
TKLWLM,Traffic,Disabled vehicle,19454,North Wales,WALNUT ST & S 7TH ST,1,d070f1bc
TKLWUZ,EMS,Cardiac emergency,19525,Douglass,WILLOW LN & COBBLESTONE DR,1,d0cfe23e
TKLXEW,Fire,Fire police needed,19454,North Wales,WALNUT ST & S 7TH ST,1,7a8369f2
TKLXEW-1,Fire,Fire police needed,19454,North Wales,BEAVER ST,1,d3e5d57b
TKLXHW,EMS,Dizziness,19438,Franconia,MAPLEWOOD DR & CRESCENT CIR,1,bd765704
TKLXXI,EMS,Respiratory emergency,19038,Upper Dublin,LOGAN AVE & WALNUT AVE,1,004f8490
TKLY61,EMS,EMS special service,19038,Springfield,PAPER MILL RD & CHELTENHAM AVE,1,5b9f25ac
TKLYF9,EMS,Unresponsive subject,19464,Pottstown,BEECH ST & N KEIM ST,1,5ab00e15
TKLZ0Y,EMS,Abdominal pains,19035,Lower Merion,WINSTON RD & BRIAR HILL RD,1,f23d1874
TKLZ30,EMS,Medical alert alarm,19038,Abington,NORTH HILLS AVE & BROOKE RD,1,2a6d3d92
TKM0T4,EMS,Head injury,19128,Springfield,RIDGE PIKE & NORTHWESTERN AVE,1,92b922df
TKM18T,EMS,Respiratory emergency,19464,Pottstown,KING ST & MANATAWNY ST,1,f5994f00
TKM27Y,EMS,Overdose,19401,Norristown,KNOX ST,1,a8f5c2c7
TKM5NV,EMS,Cardiac emergency,19403,Skippack,MOKYCHIC RD & PRISON RD,1,b2cf2425
TKM6KJ,EMS,Cardiac emergency,19465,Chester County,KULP RD & HARVEY LN,1,8b1a23bd
TKM79U,EMS,Cardiac emergency,19006,Lower Moreland,HUNTINGDON PIKE & CALVIN RD,1,8a219d25
TKM7FS,EMS,Medical alert alarm,19438,Lower Salford,OAK DR & MAPLE AVE,1,46c8c782
TKM7ND,EMS,Medical alert alarm,19038,Abington,NORTH HILLS AVE & BROOKE RD,1,61683e68
TKM7ST,EMS,Fever,19438,Lower Salford,MOYER RD & OAK RIDGE LN,1,58b0389b
TKM8G4,Traffic,Vehicle accident,19473,Limerick,N TOWNSHIP LINE RD & CEMETERY RD,1,e2dbd907
TKM8O9,Fire,Carbon monoxide detector,19041,Lower Merion,LANCASTER AVE & HAVERFORD STATION RD,1,6f55ffa1
TKM8PQ,EMS,Unconscious subject,19464,Pottstown,KING ST & N WASHINGTON ST,1,5992bb3e
TKM9KU,EMS,Fall victim,19403,Lower Providence,SHANNONDELL DR & SHANNONDELL BLVD,1,99f2268d
TKMA1M,Fire,Fire alarm,19006,Lower Moreland,COUNTY LINE RD & SOMERS DR,1,5ea46c2c
TKMA4L,Fire,Fire alarm,19406,Upper Merion,GODDARD BLVD & VALLEY GREEN LN,1,fedda20b
TKMA6R,EMS,Respiratory emergency,19027,Cheltenham,VALLEY RD & OAK AVE,1,002bd68d
TKMAEZ,Traffic,Vehicle accident,19462,Plymouth,PENNSYLVANIA TPKE & SERVICE ROAD,1,5252c586
TKMALV,EMS,CVA/stroke,19040,Horsham,COUNTY LINE RD & MEETINGHOUSE RD,1,20aad59d
TKMBJY,EMS,Unknown medical emergency,19038,Springfield,STENTON AVE & NEWTON ST,1,aa68f04c
TKMC1I,EMS,Fall victim,19151,Lower Merion,CITY AVE & HOLLINGSWORTH RD,1,51af0fcf
TKMCJM,Traffic,Vehicle accident,19440,Hatfield Township,BETHLEHEM PIKE & HILLTOWN PIKE,1,3bb75c5d
TKMCK8,Fire,Trash/dumpster fire,19440,Hatfield Township,MAPLE AVE & CHESTNUT ST,1,aaf21bdb
TKMCOY,EMS,Respiratory emergency,19001,Abington,HALLMAN RD & WOODLAND RD,1,958aa3a0
TKMD3I,EMS,General weakness,19454,Montgomery,RAMBLEWOOD LN & WILLOW LN,1,63611251
TKMDGX,EMS,Back pains/injury,19462,Plymouth,FAIRFIELD RD & HAWS ALY,1,e80bd2d6
TKMDKJ,EMS,Fall victim,19468,Limerick,VILLAGE WAY & LILAC PL,1,dede456e
TKMDPJ,EMS,Respiratory emergency,19403,Lower Providence,SHANNONDELL DR & SHANNONDELL BLVD,1,c3407ef8
TKMDRF,EMS,Respiratory emergency,19040,Hatboro,PENN ST & E MONUMENT AVE,1,5412e728
TKMDUZ,EMS,Cardiac emergency,19040,Hatboro,WARREN RD & MOREBORO RD,1,88d03c11
TKME7O,EMS,Cardiac emergency,19438,Towamencin,SHAGBARK CT & WOOD HOLLOW DR,1,21f4fc47
TKME7Q,Traffic,Vehicle accident,19096,Lower Merion,HAVERFORD RD & DELMONT DR,1,fb23adac
TKMELG,EMS,Overdose,19462,Plymouth,LOUELLA DR & PLYMWOOD DR,1,d470a45e
TKMEOG,EMS,Cardiac emergency,19438,Lower Salford,MARIAN CT & DEAD END,1,1e62ab18
TKMETO,EMS,Respiratory emergency,19428,Whitemarsh,RIDGE PIKE & BUTLER PIKE,1,68c66d04
TKMFF7,EMS,Head injury,19025,Upper Dublin,LIMEKILN PIKE & MARTIN LN,1,ea572195
TKMFI7,EMS,General weakness,19401,Norristown,KOHN ST & W BLACKBERRY ALY,1,2a715aa3
TKMFVG,Traffic,Road obstruction,19446,Montgomery,COUNTY LINE RD & UPPER STATE RD,1,bbba6748
TKMG10,Traffic,Road obstruction,19464,Limerick,LONGVIEW RD & KEEN RD,1,872be80b
TKMG3E,Traffic,Vehicle accident,18073,Upper Hanover,LAYFIELD RD & KUTZTOWN RD,1,4f072bf9
TKMG4X,EMS,Respiratory emergency,19446,Lansdale,LANSDALE AVE & E 7TH ST,1,04d25d1b
TKMGDH,Traffic,Disabled vehicle,19426,Upper Providence,BLACK ROCK RD & LONGFORD RD,1,681cc158
TKMGG4,EMS,Fall victim,19072,Narberth,WOODSIDE AVE & MAPLE AVE,1,0d6ee965
TKMGHU,Traffic,Vehicle accident,19027,Cheltenham,CHELTENHAM AVE & MASSEY WAY,1,a3658ff0
TKMGL7,Fire,Gas-odor/leak,19006,Lower Moreland,WASHINGTON LN,1,ee8b8c62
TKMGL7-1,Fire,Gas-odor/leak,19006,Lower Moreland,WELSH RD & WASHINGTON LN,1,047d43d1
TKMHHL,Traffic,Vehicle accident,19006,Lower Moreland,PINE RD & COUNTY LINE RD,1,5edfd3d8
TKMHIO,EMS,General weakness,19406,Upper Merion,SPRINGDELL RD & JASPER RD,1,62d48620
TKMHOK,EMS,Unresponsive subject,19072,Lower Merion,ANTHWYN RD & OAK RD,1,9559e7b3
TKMHX5,Fire,Fire alarm,19454,Upper Gwynedd,HANCOCK RD & DICKERSON RD,1,357bd314
TKMI62,EMS,Syncopal episode,19038,Cheltenham,EASTON RD & TOXONY AVE,1,3a9b22bf
TKMIAX,Traffic,Vehicle accident,19401,East Norriton,DEKALB PIKE & W GERMANTOWN PIKE,1,5bf56b12
TKMIUJ,Traffic,Vehicle accident,18964,Souderton,N 4TH ST & RIDGE AVE,1,235cdcd6
TKMIUW,EMS,Respiratory emergency,19003,Lower Merion,COULTER AVE & ST JAMES PL,1,b4ed7140
TKMIVQ,EMS,Syncopal episode,19044,Horsham,GIBRALTAR RD & PRUDENTIAL RD,1,bef74594
TKMIWB,Traffic,Vehicle accident,19446,Towamencin,MORRIS RD & VALLEY VIEW WAY,1,63e7f384
TKMIWJ,EMS,General weakness,19403,Lower Providence,EAGLEVILLE RD & SUNDERLAND DR,1,342981ee
TKMIXH,Traffic,Vehicle accident,19403,Worcester,TOWNSHIP LINE RD & VALLEY FORGE RD,1,6fd0a6f4
TKMIZY,EMS,Fall victim,19422,Lower Gwynedd,CHESHIRE DR & STAFFORD DR,1,8662b877
TKMJAL,Fire,Fire alarm,19446,Upper Gwynedd,ALLENTOWN RD,1,82b7668f
TKMJSI,Traffic,Vehicle accident,19001,Abington,OLD YORK RD & SUSQUEHANNA RD,1,acb95ed1
TKMKC9,EMS,Unresponsive subject,19446,Towamencin,SNYDER RD & VALLEY FORGE RD,1,cdf2a630
TKMKMV,EMS,CVA/stroke,19096,Lower Merion,GYPSY LN & ADRIENNE LN,1,ba738e62
TKMKR8,Fire,Fire alarm,19001,Abington,OLD YORK RD & LONDON RD,1,31d28025
TKMKXO,EMS,General weakness,19403,West Norriton,MAIN ST & S WAKEFIELD RD,1,1d3ccf90
TKMKZ7,EMS,Medical alert alarm,19512,Berks County,LANDIS LN & W READING RD,1,b06cf313
TKMLCU,EMS,Cardiac emergency,19090,Upper Moreland,EASTON RD & LAWNTON RD,1,a68b1512
TKMLNM,EMS,Medical alert alarm,19003,Delaware County,MORRIS RD & CRICKET AVE,1,49beffd0
TKMLRA,Fire,Fire alarm,19001,Abington,OLD YORK RD & WHEATSHEAF LN,1,5750727f
TKMLW6,EMS,CVA/stroke,19403,Lower Providence,EAGLEVILLE RD & SUNDERLAND DR,1,be3a99b8
TKMMAW,Traffic,Vehicle accident,19422,Whitpain,BUTLER PIKE & HAMPTON LN,1,f0386ead
TKMMET,EMS,Diabetic emergency,19440,Hatfield Township,DOGWOOD LN & SCHWAB RD,1,96cda921
TKMMGN,EMS,Back pains/injury,19446,Towamencin,ANDERS RD & MEADOW GLEN DR,1,52497131
TKMMKU,EMS,CVA/stroke,19090,Upper Moreland,BLAIR MILL RD & CARRELL LN,1,9496417a
TKMMLO,EMS,Cardiac emergency,19403,West Norriton,GENERAL ARMISTEAD AVE & GENERAL WASHINGTON AVE,1,cce8cacf
TKMMYN,Traffic,Road obstruction,19072,Narberth,FORREST AVE & HAVERFORD AVE,1,f8470846
TKMN62,EMS,Poisoning,19406,Upper Merion,BRYCE LN & E SWEDESFORD RD,1,1fae0840
TKMN7F,Traffic,Vehicle accident,19422,Whitpain,DEKALB PIKE & BLUE BELL SPRINGS DR,1,3add36d2
TKMN7V,EMS,Altered mental status,19444,Whitemarsh,RIDGE PIKE & BARREN HILL RD,1,26a0f8f9
TKMNBZ,EMS,Seizures,19401,Norristown,DEKALB ST & E MARSHALL ST,1,ed55567c
TKMNHK,EMS,Back pains/injury,18076,Red Hill,5TH ST & BITTING ALY,1,d138499d
TKMNOG,EMS,Fall victim,19040,Upper Moreland,COUNTY LINE RD & CENTENNIAL RD,1,8fdb6096
TKMNX1,EMS,Fall victim,19040,Hatboro,JEFFERSON AVE & CORINTHIAN AVE,1,944b6175
TKMOK0,Traffic,Vehicle accident,19044,Horsham,NORRISTOWN RD & SAWYERS WAY,1,61585968
TKMOOK,EMS,Cardiac emergency,19464,Lower Pottsgrove,SUNNYBROOK RD & E HIGH ST,1,37a7a188
TKMP5J,Traffic,Vehicle accident,19512,Douglass,PHILADELPHIA AVE & MONTGOMERY AVE,1,c763435c
TKMP6J,EMS,Altered mental status,19401,East Norriton,GERMANTOWN PIKE & HANNAH AVE,1,0aba1608
TKMP6Z,Traffic,Vehicle accident,19006,Lower Moreland,HUNTINGDON PIKE & CHESTNUT ST,1,7c601cad
TKMPDZ,EMS,Medical alert alarm,19406,Upper Merion,CROSSFIELD RD & JAMES ST,1,dac936d5
TKMPI3,Fire,Fire alarm,19403,West Norriton,SENTINEL RDG & MUSKET LN,1,9770fd9b
TKMPNQ,Traffic,Vehicle accident,19046,Abington,WRACK RD & COATES RD,1,b4cd78e8
TKMPOB,EMS,Altered mental status,19066,Lower Merion,W CITY AVE,1,9524360f
TKMPST,EMS,Head injury,19525,Douglass,CROSS RD & MEGA LN,1,65f4cf6b
TKMPU4,EMS,CVA/stroke,19095,Cheltenham,WASHINGTON LN & TOWNSHIP LINE RD,1,2a5dc15b
TKMPZ9,EMS,Subject in pain,19401,Norristown,LAFAYETTE ST & SWEDE ST,1,1c513e51
TKMQ6Q,EMS,Hemorrhaging,19403,East Norriton,GERMANTOWN PIKE & W CROSSING CIR,1,7907a371
TKMQ7K,EMS,Fall victim,19462,Plymouth,SANDY HILL RD & HALLOWELL RD,1,0b04ceff
TKMQB4,Traffic,Road obstruction,19464,Lower Pottsgrove,KEIM ST & BUCHERT RD,1,e4d60923
TKMQH1,Traffic,Vehicle accident,19512,Douglass,PHILADELPHIA AVE & BERKS ST,1,9e6a486b
TKMQJW,EMS,Fracture,19403,East Norriton,GERMANTOWN PIKE & FELTON RD,1,d0317173
TKMQW6,Fire,Unknown type fire,19001,Abington,EDGE HILL RD & ROCKWELL RD,1,154dfd26
TKMQY1,Fire,Fire alarm,19426,Collegeville,8TH AVE & CLAHOR AVE,1,2d6f4ec5
TKMR2R,Traffic,Vehicle accident,19150,Cheltenham,CHELTENHAM AVE & E DURHAM ST,1,fd2db2da
TKMR4T,EMS,Altered mental status,19406,Upper Merion,DEKALB PIKE & BRANDYWINE LN,1,462fd6e8
TKMR6Z,EMS,Unconscious subject,19406,Upper Merion,GULPH RD & TURN LANE,1,71094157
TKMRDB,EMS,Unknown medical emergency,19428,Conshohocken,FAYETTE ST & W 7TH AVE,1,58236e5b
TKMRJC,Traffic,Vehicle accident,19002,Lower Gwynedd,W WELSH RD & LOWER STATE RD,1,ca190610
TKMRMQ,EMS,Respiratory emergency,19446,Lansdale,PENNBROOK PKWY & CHURCH RD,1,18162779
TKMRRP,EMS,Unresponsive subject,19446,Lansdale,MAIN ST & S BROAD ST,1,ce5d930b
TKMRRY,Traffic,Vehicle accident,19002,Lower Gwynedd,W WELSH RD & LOWER STATE RD,1,7a7b198a
TKMRUR,EMS,Vehicle accident,19002,Lower Gwynedd,W WELSH RD,1,675832e7
TKMRWG,Fire,Fire alarm,18969,Telford,WASHINGTON AVE & FULTON AVE,1,af26854a
TKMSNL,Traffic,Vehicle accident,19406,Upper Merion,ALLENDALE RD & W DEKALB PIKE,1,605e5b7d
TKMSQE,EMS,Vehicle accident,19468,Upper Providence,RT422  & RAMP RT422 WB TO TOWNSHIP LINE RD,1,694cc822
TKMST8,EMS,Syncopal episode,19001,Abington,OLD WELSH RD & MARIAN RD,1,d6b8c680
TKMSWH,Traffic,Vehicle accident,19027,Abington,TOWNSHIP LINE RD & FORREST AVE,1,9725c740
TKMT0O,Traffic,Vehicle accident,19027,Abington,TOWNSHIP LINE RD & FORREST AVE,1,4b3c3e01
TKMTD8,Fire,Appliance fire,19401,Norristown,BUTTONWOOD ST & W ELM ST,1,2c319b23
TKMTF7,EMS,General weakness,19440,Hatfield Township,WILLOW DR & ROSE DR,1,62b2c5fc
TKMUHA,Traffic,Vehicle accident,19090,Upper Moreland,MORELAND RD & DAVISVILLE RD,1,9eff115a
TKMUJO,Traffic,Vehicle accident,19006,Lower Moreland,TOMLINSON RD & TRACEY RD,1,912245b9
TKMUJP,EMS,Hemorrhaging,19438,Franconia,MAPLEWOOD DR & CRESCENT CIR,1,ed1c8b23
TKMULB,EMS,Cardiac emergency,19403,Lower Providence,BRIMFIELD RD & SANDOWN RD,1,e25d5849
TKMUTJ,EMS,Cardiac emergency,19454,Montgomery,KNAPP RD & WITCHWOOD DR,1,3b557228
TKMUYX,Traffic,Disabled vehicle,19454,Lower Gwynedd,N BETHLEHEM PIKE & W WELSH RD,1,c0d25b98
TKMV68,EMS,Diabetic emergency,19401,Norristown,STANBRIDGE ST & W WASHINGTON ST,1,f91ff799
TKMV9R,Traffic,Road obstruction,19004,Lower Merion,CENTENNIAL RD & MARY WATERS FORD RD,1,c4f94c1e
TKMVB1,EMS,Seizures,19002,Horsham,BUTLER PIKE & NESBITT RD,1,b324ee32
TKMVDM,EMS,Head injury,19040,Upper Moreland,DAVISVILLE RD & PENNYPACK RD,1,820b8efa
TKMVE9,EMS,Subject in pain,19428,Plymouth,NORTH LN & PASTELL LN,1,3f1b9bdf
TKMVK5,EMS,Assault victim,19428,Whitemarsh,RIDGE PIKE & MALAN DR,1,6f61b79d
TKMVW5,EMS,Fall victim,19002,Lower Gwynedd,BETHLEHEM PIKE & ROBERTS RD,1,8cd11b80
TKMVZS,EMS,General weakness,19462,Plymouth,THOMAS RD & N GRAVERS RD,1,28e2a55c
TKMWKO,Traffic,Vehicle accident,19040,Hatboro,E MONTGOMERY AVE & N YORK RD,1,e1c6271e
TKMWNT,Traffic,Disabled vehicle,19401,East Norriton,DEKALB PIKE & W HARTRANFT BLVD,1,1e1969b7
TKMWVV,EMS,CVA/stroke,19464,Pottstown,HIGH ST & S WASHINGTON ST,1,965799ee
TKMWW9,Traffic,Disabled vehicle,19090,Upper Moreland,EASTON RD & MILL RD,1,e4652ee9
TKMWZ1,EMS,Respiratory emergency,19462,Whitemarsh,COLONY LN & PURITAN RD,1,3e136acd
TKMX4C,EMS,Cardiac emergency,19438,Towamencin,SUMNEYTOWN PIKE & FORTY FOOT RD,1,a1da772f
TKMXA8,EMS,Altered mental status,19004,Lower Merion,GARNET LN & BELMONT AVE,1,0415ba9e
TKMXPS,EMS,Respiratory emergency,19403,Lower Providence,RITTENHOUSE RD & EGYPT RD,1,fb20c71f
TKMY6R,Traffic,Disabled vehicle,19525,Douglass,PHILADELPHIA AVE & WILLIAMS WAY,1,811964d4
TKMY78,EMS,Cardiac emergency,19401,Norristown,NOBLE ST & DEAD END,1,6a4f9831
TKMYAX,Fire,Fire alarm,19468,Limerick,LEWIS RD & LINFIELD TRAPPE RD,1,19213fec
TKMYCQ,EMS,Head injury,19403,West Norriton,BEECH DR & SPRUCE ST,1,fefd7699
TKMYD9,Traffic,Disabled vehicle,19462,Plymouth,W GERMANTOWN PIKE & WALTON RD,1,699f7cdd
TKMYI2,EMS,Overdose,19401,Norristown,AIRY ST & OLD AIRY ST,1,f47d4e47
TKMYUD,EMS,Cardiac arrest,19401,Norristown,LAFAYETTE ST & SWEDE ST,1,ff8d9134
TKMYV8,Traffic,Disabled vehicle,19464,Limerick,RT422 EB & RAMP RT422 EB TO EVERGREEN RD,1,fb5372c3
TKMYZM,EMS,Fall victim,19041,Lower Merion,WALDRON PARK DR & MULBERRY LN,1,3f521f38
TKMZFE,EMS,General weakness,19401,Norristown,ARCH ST & E OAK ST,1,bad1afbe
TKMZG5,Traffic,Vehicle accident,18932,Hatfield Township,COUNTY LINE RD & LINE LEXINGTON RD,1,fcd2de6e
TKMZM4,Traffic,Disabled vehicle,19006,Lower Moreland,WELSH RD & WALTON RD,1,0e4b647e
TKMZS9,EMS,General weakness,19004,Lower Merion,CONSHOHOCKEN STATE RD & ST ASAPHS RD,1,3ffcc653
TKMZUG,Fire,Fire alarm,19118,Springfield,AUBURN AVE & STENTON AVE,1,0a4fcf62
TKMZXV,Fire,Fire alarm,19027,Cheltenham,STAHR RD & PARK AVE,1,de803d36
TKMZYR,EMS,General weakness,19012,Cheltenham,BROOKFIELD RD & OAK LANE RD,1,b9e59ab7
TKN02V,Fire,Building fire,19401,Norristown,NOBLE ST & W BLACKBERRY ALY,1,75b8afd9
TKN091,EMS,Fall victim,19403,East Norriton,CAPITOL RD & TAFT RD,1,044d2072
TKN0L8,EMS,Assault victim,19446,Lansdale,8TH ST & KENILWORTH AVE,1,8e186d5a
TKN0NC,EMS,Unknown medical emergency,19401,Norristown,AIRY ST & HIGH ALY,1,85924cc3
TKN0P5,Fire,Vehicle accident,18964,Souderton,CHERRY LN,1,232ef3b4
TKN0PA,EMS,Vehicle accident,18964,Souderton,CHERRY LN,1,1f38f919
TKN0QS,Traffic,Vehicle accident,18964,Souderton,CHERRY LN & WASHINGTON AVE,1,8e7fddb9
TKN0UE,EMS,Respiratory emergency,19403,Lower Providence,MT KIRK AVE & PROVIDENCE RD,1,7e86d63e
TKN0V3,EMS,Lacerations,19464,Pottstown,LINCOLN AVE & N WARREN ST,1,713389f3
TKN18Z,Fire,Woods/field fire,19406,Upper Merion,GULPH RD & KIRK AVE,1,decdf076
TKN1KZ,Traffic,Disabled vehicle,18054,Upper Salford,ZEPP RD & SUMNEYTOWN PIKE,1,d4473bab
TKN1L3,Traffic,Vehicle accident,19454,Montgomery,BETHLEHEM PIKE & VILSMEIER RD,1,28b3cefb
TKN1LE,EMS,Cardiac emergency,19096,Lower Merion,AUBREY RD & KENT RD,1,87e8c003
TKN1OK,Fire,Fire police needed,18054,Upper Salford,ZEPP RD,1,ccbbfa8e
TKN2B1,Traffic,Vehicle accident,19151,Lower Merion,CITY AVE & E WYNNEWOOD RD,1,554ffb24
TKN2ED,EMS,Syncopal episode,19422,Lower Gwynedd,EAST AVE & MANSION AVE,1,98464a4e
TKN2GM,EMS,General weakness,19001,Abington,WOODLAND RD & BIRCHWOOD AVE,1,987a3124
TKN2WU,EMS,Lacerations,19002,Whitpain,RAILROAD AVE & W MT PLEASANT AVE,1,39a04dff
TKN34T,EMS,Unconscious subject,19401,Norristown,DEKALB ST & E MARSHALL ST,1,45aad94f
TKN35N,EMS,Fracture,19027,Abington,ROLLING HILL RD & MAYFIELD AVE,1,da78c25e
TKN3F3,EMS,CVA/stroke,19406,Upper Merion,GYPSY LN & HUGHES RD,1,446ee72d
TKN3LH,EMS,Respiratory emergency,19462,Plymouth,JEFFERSON ST & FAIRFIELD RD,1,4c2944fb
TKN3TA,Fire,Fire investigation,19444,Whitemarsh,APPLEWOOD DR & SCARLET OAK DR,1,c5456cd4
TKN3UK,EMS,Fever,19426,Lower Providence,BAKER ST & DEAD END,1,9f862866
TKN3W0,Fire,Fire alarm,19401,Norristown,ELM ST & ASTOR ST,1,5ca64206
TKN4IU,EMS,General weakness,19038,Abington,ROBERTS AVE & GENEVA AVE,1,73d208e5
TKN4UZ,Traffic,Vehicle accident,18932,Hatfield Township,COUNTY LINE RD & MAPLE AVE,1,7d00bb66
TKN4UZ-1,Traffic,Vehicle accident,19440,Hatfield Township,BETHLEHEM PIKE & HILLTOWN PIKE,1,1613d0b5
TKN4WF,Traffic,Vehicle accident,19040,Horsham,LATCHSTRING LN & W COUNTY LINE RD,1,55cf8e27
TKN4WW,EMS,CVA/stroke,19072,Narberth,DUDLEY AVE & WINDSOR AVE,1,cf06c694
TKN54H,EMS,Medical alert alarm,19403,Lower Providence,SHANNONDELL DR & SHANNONDELL BLVD,1,ba8d8fba
TKN55A,Fire,Fire alarm,19428,Whitemarsh,BARREN HILL RD & DOGWOOD LN,1,da736b08
TKN57B,EMS,Subject in pain,19001,Abington,AMBLER RD & SHOEMAKER RD,1,56ee612f
TKN5MK,EMS,General weakness,19403,Lower Providence,CONESTOGA WAY & EAGLE STREAM DR,1,5145a635
TKN5TS,Traffic,Vehicle accident,19004,Lower Merion,E CITY AVE & PRESIDENTIAL BLVD,1,fa3956ee
TKN5Y0,EMS,Cardiac emergency,19444,Whitemarsh,RIDGE PIKE & BARREN HILL RD,1,a29c0aae
TKN60H,EMS,Subject in pain,19034,Upper Dublin,VIRGINIA DR & OFFICE CENTER DR,1,49ba3a47
TKN6RH,EMS,Cardiac emergency,19468,Upper Providence,BLACK ROCK RD & S TRAPPE RD,1,76218ed2
TKN70P,EMS,Fall victim,19040,Hatboro,YORK RD & HORSHAM RD,1,77f0be0f
TKN758,EMS,Assault victim,19027,Cheltenham,OLD YORK RD & GREEN BRIAR RD,1,3094845d
TKN78K,Fire,Vehicle accident,19438,Upper Salford,SUMNEYTOWN PIKE & SHADY LN,1,6f7af413
TKN793,EMS,Vehicle accident,19438,Upper Salford,SUMNEYTOWN PIKE & SHADY LN,1,f74a660b
TKN7AX,Traffic,Vehicle accident,19002,Upper Dublin,FORT WASHINGTON AVE & LUDWELL DR,1,e9219125
TKN7B8,Traffic,Vehicle accident,19438,Upper Salford,SUMNEYTOWN PIKE & SHADY LN,1,6b8f0ad3
TKN7DF,EMS,Respiratory emergency,18969,Telford,4TH ST & ERIE AVE,1,24677785
TKN7IJ,Fire,Gas-odor/leak,19401,Norristown,MAIN ST & HAMILTON ST,1,628fa4e9
TKN7JM,EMS,Respiratory emergency,19075,Springfield,SCOTT RD & RAMSEY RD,1,d3ff7ee3
TKN7LA,Traffic,Disabled vehicle,19468,Limerick,TRINLEY RD & LINFIELD TRAPPE RD,1,a48ec4c4
TKN7LU,EMS,Cardiac emergency,19401,East Norriton,DEKALB PIKE & COLONIAL DR,1,bb101084
TKN7MQ,EMS,Head injury,19438,Lower Salford,MAIN ST & OLD SUMNEYTOWN PIKE,1,8bb0d388
TKN7Y4,EMS,Medical alert alarm,19066,Lower Merion,HOWE RD & STANDISH RD,1,2c9caaea
TKN804,EMS,Abdominal pains,19454,Montgomery,RUNNING BROOK RD & INKBERRY CIR,1,cebab2a5
TKN8EC,EMS,Fall victim,19462,Plymouth,WAYLAND RD & CAMELOT DR,1,6b099a59
TKN8KK,Traffic,Disabled vehicle,18074,New Hanover,HILL RD & EICHELE RD,1,0e4ef7e9
TKN8L7,Traffic,Vehicle accident,19046,Abington,OLD YORK RD & WYNCOTE RD,1,2d666a3d
TKN8NT,EMS,General weakness,19468,Limerick,CHAPEL RD & OAK ST,1,24bab36c
TKN8S6,EMS,Abdominal pains,19090,Upper Moreland,EASTON RD & ANDREA DR,1,27a3e879
TKN8VH,EMS,Unconscious subject,19401,East Norriton,GERMANTOWN PIKE & HANNAH AVE,1,40c485db
TKN906,Traffic,Vehicle accident,19046,Abington,OLD YORK RD & WYNCOTE RD,1,cd58f613
TKN9BO,EMS,CVA/stroke,19001,Abington,ROBERTA AVE & CLEVELAND AVE,1,3cd9bfbb
TKN9O9,EMS,Assault victim,19405,Bridgeport,4TH ST & DEPOT ST,1,c82d3463
TKN9QO,Traffic,Disabled vehicle,19422,Whitpain,SKIPPACK PIKE & WHITPAIN HLS,1,2c6b316c
TKN9WD,EMS,Cardiac emergency,19462,Plymouth,GERMANTOWN PIKE & HALLOWELL RD,1,d2c3820b
TKN9ZH,Fire,Building fire,19034,Whitemarsh,PENNSYLVANIA AVE & INDIANA AVE,1,f7aa6021
TKNA24,EMS,Medical alert alarm,19422,Whitpain,HIGH GATE LN & PENLLYN BLUE BELL PIKE,1,e5d94ece
TKNA60,EMS,Diabetic emergency,19464,Pottstown,HANOVER ST & AIRY ST,1,8032fd43
TKNABO,EMS,Medical alert alarm,19403,Lower Providence,SHANNONDELL DR & SHANNONDELL BLVD,1,fb5fdb79
TKNADP,Fire,Fire alarm,19428,Conshohocken,SPRING MILL AVE & E 3RD AVE,1,a89d0b52
TKNAKK,EMS,Respiratory emergency,19464,Pottstown,HIGH ST & N BAILEY ST,1,b1b2b70b
TKNAOY,EMS,Building fire,19034,Whitemarsh,PENNSYLVANIA AVE & INDIANA AVE,1,cccae832
TKNB7P,EMS,Cardiac emergency,19403,Lower Providence,SHANNONDELL DR & SHANNONDELL BLVD,1,e6ce52a6
TKNBR9,Traffic,Road obstruction,19406,Upper Merion,SCHUYLKILL EXPY & RAMP I76 WB TO S GULPH RD,1,89f7676c
TKNBRP,Traffic,Road obstruction,19406,Upper Merion,SCHUYLKILL EXPY & RAMP I76 WB TO S GULPH RD,1,98bc3e72
TKNBYB,EMS,Subject in pain,19401,Norristown,PINE ST & W ROBERTS ST,1,ef4a0269
TKNC0K,EMS,Syncopal episode,19004,Lower Merion,CITY AVE & N 47TH ST,1,db578c94
TKNC0K-1,Traffic,Disabled vehicle,19401,Norristown,BARBADOES ST & W LAFAYETTE ST,1,df482faf
TKNCA1,EMS,Syncopal episode,19401,East Norriton,MILL RD & SWEDE RD,1,b29c5637
TKNCI7,EMS,Fall victim,19422,Whitpain,SAWGRASS DR & WINGED FOOT DR,1,2e4917ea
TKNCKI,EMS,Cardiac emergency,19406,Upper Merion,HENDERSON RD & ANDERSON RD,1,e5499d11
TKNCYH,EMS,Medical alert alarm,19460,Upper Providence,BLACK ROCK RD & S COLLEGEVILLE RD,1,19020a51
TKNCZR,Fire,Electrical fire outside,19406,Upper Merion,WILLIAMS RD & NANCYS LN,1,67a34fb9
TKND6E,EMS,Fever,18964,Franconia,SUMMIT ST & COLONIAL AVE,1,16919b88
TKND7M,Traffic,Disabled vehicle,19462,Whitpain,UNION MEETING RD & TOWNSHIP LINE RD,1,7de0239a
TKND7R,EMS,Unconscious subject,19464,Pottstown,BEECH ST & N EVANS ST,1,2c740804
TKND8B,Traffic,Road obstruction,19004,Lower Merion,BELMONT AVE & ROCK HILL RD,1,4614a3c1
TKND8S,Fire,Fire alarm,19001,Abington,OLD YORK RD & HORACE AVE,1,2d8f2750
TKNDIN,Fire,Gas-odor/leak,19006,Lower Moreland,PHILMONT AVE,1,0cb1d42b
TKNDIN-1,Fire,Gas-odor/leak,19006,Lower Moreland,PHILMONT AVE & ANNE ST,1,4b30232e
TKNDY5,EMS,Subject in pain,19468,Limerick,LAKEVIEW DR & 10TH AVE,1,4e88741b
TKNE22,Fire,Electrical fire outside,19090,Upper Moreland,FAIRHILL ST & WARREN ST,1,dac67bc8
TKNE22-1,Fire,Electrical fire outside,19090,Upper Moreland,FAIRHILL ST & MIRIAM AVE,1,cc6dc43f
TKNE31,Traffic,Vehicle accident,19090,Upper Moreland,EASTON RD & MILL RD,1,dfc07cee
TKNE37,EMS,Unconscious subject,19406,Upper Merion,PENN CIR & OLD FORGE LN,1,e63af8d3
TKNE5E,Fire,Cardiac arrest,19460,Upper Providence,BLACK ROCK RD & S COLLEGEVILLE RD,1,455ea2d5
TKNEGK,Fire,Fire special service,19406,Upper Merion,PENN CIR & OLD FORGE LN,1,4fe9ff42
TKNEGY,Traffic,Vehicle fire,19090,Upper Moreland,FITZWATERTOWN RD & RUSSELL RD,1,3ca896b0
TKNEHC,Fire,Vehicle fire,19090,Upper Moreland,FITZWATERTOWN RD,1,d41631c8
TKNEHO,EMS,Vehicle fire,19090,Upper Moreland,FITZWATERTOWN RD,1,1ce51234
TKNEWT,Traffic,Vehicle accident,19090,Upper Moreland,FITZWATERTOWN RD & RUSSELL RD,1,bfb70e72
TKNF8P,EMS,Medical alert alarm,19403,Lower Providence,SHANNONDELL DR & SHANNONDELL BLVD,1,4fa0d972
TKNFA1,EMS,Respiratory emergency,19465,Chester County,MOUNT ZION AVE & COYNE ALY,1,9bf3bd02
TKNFG8,Fire,Electrical fire outside,19090,Upper Moreland,MIRIAM AVE,1,e556f965
TKNFKP,EMS,Dehydration,19444,Whitemarsh,JOSHUA RD,1,ec454d9d
TKNFM4,EMS,Fall victim,19462,Plymouth,WAYLAND RD & CAMELOT DR,1,64805631
TKNFN2,Fire,Gas-odor/leak,19025,Upper Dublin,GREEN VALLEY CIR & SUSQUEHANNA RD,1,b4b41c7a
TKNFWR,EMS,Fever,19006,Lower Moreland,HUNTINGDON PIKE & CALVIN RD,1,e47625ae
TKNGJH,EMS,Cardiac emergency,19406,Upper Merion,ABRAMS MILL RD & SUELLEN DR,1,48866842
TKNGLQ,EMS,Cardiac emergency,19401,East Norriton,DEKALB PIKE & COLONIAL DR,1,21c2214d
TKNGPI,EMS,Head injury,19462,Plymouth,PLYMOUTH RD & EAGLE DR,1,7763ec92
TKNGWV,EMS,Overdose,19464,New Hanover,CHARLOTTE ST & BUCHERT RD,1,ed7afca6
TKNGYT,EMS,Cardiac emergency,19403,Lower Providence,SHANNONDELL DR & SHANNONDELL BLVD,1,0adcfc33
TKNH0G,Fire,Gas-odor/leak,19462,Plymouth,PLYMOUTH RD & RITTENHOUSE SQ,1,fdeb714b
TKNH7D,EMS,Assault victim,19401,Norristown,MAIN ST & KNOX ST,1,6ca74d3f
TKNH8L,Traffic,Vehicle accident,19403,Lower Providence,EGYPT RD & BUCKWALTER RD,1,ef4c51f4
TKNH8Z,EMS,Maternity,19464,Pottstown,SPRUCE ST & EAST ST,1,36cda0bc
TKNHB6,EMS,CVA/stroke,19003,Lower Merion,SCHOOL LN & SHELDON LN,1,5ae53eef
TKNHH9,EMS,Respiratory emergency,19426,Collegeville,5TH AVE & BUM HOLLOW RD,1,1f4e7204
TKNIMS,EMS,Dehydration,19406,Upper Merion,WAYNE DR & CLUBHOUSE RD,1,47c1421f
TKNIRF,Fire,Carbon monoxide detector,19460,Upper Providence,HUDSON DR & BAXTER DR,1,83759ba0
TKNK3J,EMS,Hemorrhaging,19401,Norristown,MARKLEY ST & W SPRUCE ST,1,8996ee21
TKNK71,EMS,Dizziness,18964,Souderton,PENN AVE & HIGHLAND AVE,1,ec5615d6
TKNKD5,EMS,Unknown medical emergency,19462,Plymouth,CONSHOHOCKEN RD & E LAFAYETTE ST,1,1f748c69
TKNKWN,EMS,Lacerations,18964,Franconia,ALLENTOWN RD & BANBURY DR,1,99edf56d
TKNKXE,Traffic,Disabled vehicle,19446,Towamencin,FORTY FOOT RD & WELSH RD,1,81f3f6e7
TKNLMU,EMS,Lacerations,19444,Whitemarsh,GERMANTOWN PIKE & KERPER RD,1,fbfc272b
TKNLUZ,EMS,Fall victim,19095,Cheltenham,HOPELAND RD & ASHBOURNE RD,1,6cd26d09
TKNM7S,EMS,Overdose,18964,Franconia,BARLOW DR & AUBURN CT,1,66c94be4
TKNNC8,Traffic,Road obstruction,19010,Lower Merion,W MONTGOMERY AVE & AIRDALE RD,1,b45d341a
TKNNC8-1,Traffic,Road obstruction,19010,Lower Merion,W MONTGOMERY AVE & N ROBERTS RD,1,a83ff85b
TKNNLJ,EMS,Cardiac emergency,18054,Marlborough,MAIN ST & MAGAZINE RD,1,7c3cca38
TKNNSI,Fire,Fire alarm,18054,Upper Frederick,DOGWOOD DR & CONEFLOWER LN,1,e2c5401d
TKNO1M,EMS,Fall victim,19406,Upper Merion,CROSSFIELD RD & FOX RUN RD,1,ee588521
TKNOIA,Traffic,Disabled vehicle,19038,Springfield,HULL DR & CHURCHILL RD,1,3a8821a4
TKNOOE,EMS,Lacerations,19403,West Norriton,BEECH DR & SPRUCE ST,1,4eeaa5f7
TKNOS0,Traffic,Disabled vehicle,19446,Towamencin,FORTY FOOT RD & WELSH RD,1,e9090331
TKNP8Z,EMS,Cardiac emergency,19401,Norristown,DEKALB ST & E ELM ST,1,0557cb0f
TKNPKC,Fire,Fire alarm,19454,North Wales,5TH ST & E WALNUT ST,1,44da0bed
TKNPM9,EMS,Subject in pain,19464,West Pottsgrove,GROSSTOWN RD & QUINTER ST,1,27afb793
TKNR2G,EMS,Respiratory emergency,19001,Abington,ST JAMES PL & PATANE AVE,1,a1de0d86
TKNR5J,EMS,Seizures,19038,Cheltenham,BROOKDALE AVE & STANLEY AVE,1,32afe382
TKNRCV,EMS,Unknown medical emergency,19462,Plymouth,IRWINS LN & PLYMOUTH RD,1,aecce756
TKNTE6,EMS,Respiratory emergency,19422,Whitpain,LESLIE LN & WALTON RD,1,ab433a95
TKNTK6,EMS,Maternity,19440,Hatfield Township,BRAMBLE GATE DR & HEDGEWOOD RD,1,0e801ae6
TKNTOK,EMS,Head injury,19001,Abington,GREEN RD & GRISDALE RD,1,577eed57
TKNU2P,EMS,Cardiac emergency,19464,Lower Pottsgrove,BUCHERT RD & LAUREL WAY,1,4b7c427a
TKNUK0,EMS,Fall victim,19465,Chester County,SCHUYLKILL RD & COYNE ALY,1,442fd8d7
TKNUZL,Fire,Fire alarm,19040,Horsham,COUNTY LINE RD & MEETINGHOUSE RD,1,223200e0
TKNWL2,Fire,Fire alarm,19454,Montgomery,WELSH RD & NORTH WALES RD,1,77b3c699
TKNXER,EMS,Medical alert alarm,19003,Lower Merion,LANCASTER AVE & CHATHAM RD,1,a9627f85
TKNXOL,Fire,Fire alarm,19464,Upper Pottsgrove,SPRINGHILL LN & DEAD END,1,73947283
TKNY4D,EMS,Fall victim,19464,Pottstown,SPRUCE ST & MINERAL ST,1,99cbfe82
TKNZ7J,EMS,Subject in pain,19401,Norristown,LAFAYETTE ST & HAMILTON ST,1,82512721
TKNZAA,EMS,Fracture,19406,Upper Merion,COLONIAL PL & POWDERHORN RD,1,7afda253
TKO09Q,EMS,Head injury,18964,Franconia,SUMMIT ST & COLONIAL AVE,1,497c812f
TKO1GM,Fire,Carbon monoxide detector,19426,Worcester,HEDWIG LN & STUMP HALL RD,1,a53cc794
TKO1US,EMS,Cardiac arrest,19438,Franconia,DORCHESTER LN & YORKSHIRE WAY,1,e9d7d9a1
TKO1WY,Fire,Cardiac arrest,19438,Franconia,DORCHESTER LN & YORKSHIRE WAY,1,288bce56
TKO1Y6,Fire,Fire alarm,19422,Whitpain,LEWIS LN & MILES DR,1,951d9c8f
TKO2EL,Fire,Fire alarm,19002,Horsham,LOWER STATE RD & SQUIRE DR,1,c4c43e27
TKO3Q6,Traffic,Road obstruction,19406,Upper Merion,SCHUYLKILL EXPY & RAMP I76 WB TO S GULPH RD,1,0f056dac
TKO3YS,Fire,Fire alarm,19001,Abington,NOLEN RD & TURNER AVE,1,58438576
TKO4GN,Traffic,Vehicle accident,19453,Upper Providence,BRIDGE ST & JACOBS ST,1,59bea2f6
TKO5TA,Traffic,Hazardous road conditions,19446,Montgomery,KNAPP RD & SYCAMORE DR,1,02cdcd46
TKO5VC,EMS,Fall victim,19096,Lower Merion,REMINGTON RD & HAVERFORD RD,1,85ea1530
TKO66K,EMS,Respiratory emergency,19044,Horsham,UPLAND AVE & COTTAGE AVE,1,067be1a3
TKO6FU,Fire,Fire alarm,19473,Perkiomen,SHIRE LN & FOX HEATH BLVD,1,75850cf6
TKO6HB,EMS,Head injury,19095,Cheltenham,FERNBROOK AVE & MAPLE AVE,1,db6e5234
TKO6S8,EMS,Cardiac emergency,19401,Norristown,POWELL ST & E WOOD ST,1,b168fd74
TKO6XG,Traffic,Hazardous road conditions,19446,Lansdale,KNAPP RD & NORWAY DR,1,9bf3eaaa
TKO70Y,EMS,Diabetic emergency,19004,Lower Merion,JONES ST & LEEDOM AVE,1,01699089
TKO74M,EMS,Unconscious subject,19464,Pottstown,WILSON ST & N EVANS ST,1,57132203
TKO76Q,EMS,Medical alert alarm,19438,Franconia,MAPLEWOOD DR & CRESCENT CIR,1,828685ea
TKO7G3,EMS,Subject in pain,19473,Schwenksville,PERKIOMEN AVE & MONTGOMERY AVE,1,23a54545
TKO7H2,Fire,Cardiac arrest,19464,Pottstown,WILSON ST & N EVANS ST,1,c7e92bc7
TKO7I8,EMS,Cardiac emergency,18969,Telford,CHURCH AVE & AUTUMN LEA CIR,1,1adb91a3
TKO7M1,Traffic,Hazardous road conditions,19446,Lansdale,KNAPP RD & NORWAY DR,1,620c9de2
TKO7M1-1,Traffic,Hazardous road conditions,19446,Montgomery,KNAPP RD & NORWAY DR,1,88ab1543
TKO7SF,EMS,Respiratory emergency,19002,Whitpain,GRAYSTONE RD & JEFRON DR,1,abb836ae
TKO83O,EMS,Subject in pain,19006,Abington,DURAND RD & LIPPINCOTT RD,1,1af9e57f
TKO84C,EMS,Fever,19446,Lansdale,2ND ST & N MITCHELL AVE,1,762401ff
TKO88F,EMS,Back pains/injury,19446,Lansdale,BROAD ST & E MAIN ST,1,9f1379b4
TKO898,Traffic,Vehicle accident,19462,Plymouth,RIDGE PIKE & LUCETTA ST,1,32ed9d33
TKO8GG,EMS,Head injury,19401,Norristown,CHURCH ST & E AIRY ST,1,5c44cb1d
TKO8VY,Fire,Gas-odor/leak,19406,Upper Merion,GLENWOOD RD & BARNES AVE,1,b13721a9
TKO9GI,Traffic,Vehicle accident,19440,Hatfield Township,COWPATH RD & MOYER RD,1,e2ad0010
TKO9IR,Traffic,Disabled vehicle,19428,Conshohocken,FAYETTE ST & E 4TH AVE,1,76d42596
TKO9WL,Traffic,Hazardous road conditions,19446,Montgomery,KNAPP RD & LANSDALE AVE,1,418bf057
TKO9WL-1,Traffic,Hazardous road conditions,19446,Montgomery,KNAPP RD & NORWAY DR,1,d0080503
TKOA2Q,EMS,Cardiac emergency,19040,Upper Moreland,BREADY RD & PENNYPACK CIR,1,7b87cb79
TKOA4J,EMS,Syncopal episode,19401,Norristown,HAWS AVE & W MAIN ST,1,f2e26a36
TKOA7A,EMS,Subject in pain,19444,Whitemarsh,GERMANTOWN PIKE & KERPER RD,1,fbc604c2
TKOAC8,EMS,Syncopal episode,19095,Cheltenham,EASTON RD & GREENWOOD AVE,1,1bc80b44
TKOAF5,EMS,Seizures,19128,Springfield,RIDGE PIKE & NORTHWESTERN AVE,1,0bbfdfd5
TKOAI7,Traffic,Disabled vehicle,19401,Norristown,W MAIN ST & GEORGE ST,1,bb0478f8
TKOAJK,EMS,Medical alert alarm,18054,Marlborough,MCLEAN STATION RD & REIHMAN RD,1,329c6d85
TKOBC6,Traffic,Road obstruction,19006,Bryn Athyn,CATHEDRAL RD & HUNTINGDON PIKE,1,507e02ce
TKOBJC,Fire,Fire alarm,19462,Plymouth,GERMANTOWN PIKE & LAUNFALL RD,1,207005c1
TKOBLY,EMS,Unresponsive subject,19001,Abington,GUERNSEY AVE & HUNTINGDON RD,1,b24514d1
TKOBOM,EMS,Respiratory emergency,19090,Upper Moreland,COMMERCE AVE & MARYLAND RD,1,d6b55aac
TKOC2G,EMS,Fall victim,19006,Lower Moreland,HUNTINGDON PIKE & CALVIN RD,1,5023f69b
TKOCQO,Traffic,Vehicle accident,19027,Cheltenham,CHELTENHAM AVE & GEORGIAN RD,1,acd48f4b
TKOCQX,Fire,Fire alarm,19072,Lower Merion,PENN VALLEY RD & MANOR RD,1,8a2fcc21
TKOCS2,EMS,Subject in pain,19040,Upper Moreland,DAVISVILLE RD & PENNYPACK RD,1,51f967dd
TKOCZJ,EMS,Fall victim,19006,Lower Moreland,WELSH RD & WALTON RD,1,4030d0c3
TKOD0X,EMS,Medical alert alarm,19027,Cheltenham,GRAHAM LN & B D ST,1,060a44fa
TKOD3I,Traffic,Disabled vehicle,19464,Pottstown,GABLE AVE & W CHESTNUT ST,1,1022dea8
TKODCH,EMS,Subject in pain,19464,West Pottsgrove,HOWARD ST & WALNUT ST,1,a7014bba
TKODJH,Traffic,Disabled vehicle,19044,Horsham,EASTON RD & MAPLE AVE,1,703561b3
TKODKG,Fire,Fire alarm,19041,Lower Merion,ROSE LN & ROSE LN N,1,da52a159
TKOEUL,EMS,General weakness,19040,Upper Moreland,HORSHAM RD & MOREBORO RD,1,9a6967e6
TKOEVB,Traffic,Disabled vehicle,19403,Lower Providence,EGYPT RD & S TROOPER RD,1,7dd8c5d8
TKOEVL,Fire,Fire alarm,19464,Pottstown,KING ST & PENN ST,1,73d6e552
TKOF1E,EMS,Fever,18054,Marlborough,WALTERS RD & MAGAZINE RD,1,faa38bc1
TKOFGM,EMS,Nausea/vomiting,19446,Montgomery,BETHLEHEM PIKE & TAYLOR RD,1,dea39424
TKOFJQ,EMS,Fall victim,19405,Upper Merion,JEFFERSON ST & TOSE ST,1,bdee147c
TKOFP3,EMS,Unconscious subject,18041,East Greenville,MAIN ST & 4TH ST,1,19270a74
TKOFQG,EMS,Hemorrhaging,19010,Lower Merion,MONTGOMERY AVE & MORRIS AVE,1,c368d91b
TKOFU4,EMS,Fall victim,19444,Whitemarsh,RIDGE PIKE & BARREN HILL RD,1,63839150
TKOFUN,Traffic,Disabled vehicle,19044,Horsham,HORSHAM RD & DRESHER RD,1,0bc016f9
TKOFWS,EMS,General weakness,19046,Jenkintown,RUNNYMEDE AVE & WEST AVE,1,ab14d13b
TKOFXK,Traffic,Vehicle accident,19006,Lower Moreland,WELSH RD & HUNTINGDON PIKE,1,962ed4de
TKOG6L,EMS,Cardiac emergency,19401,Norristown,ARCH ST & E FORNANCE ST,1,c1c20696
TKOG78,EMS,Hemorrhaging,19492,Upper Frederick,BIG RD & FREDERICK DR,1,6da019f6
TKOG9A,EMS,Fall victim,19440,Hatfield Township,DERSTINE RD & CLEMENS RD,1,f86f282f
TKOGB0,EMS,Fall victim,19002,Ambler,PARK AVE,1,4d86a7c7
TKOGC4,EMS,Respiratory emergency,19464,Pottstown,YORK ST & LESHER ALY,1,47221c93
TKOGMU,EMS,Syncopal episode,19090,Horsham,EASTON RD & BLAIR MILL RD,1,607110ec
TKOGRX,EMS,Unresponsive subject,19002,Upper Dublin,MELISSA DR & THELMA LN,1,7cd0b945
TKOGUI,Fire,Fire alarm,19004,Lower Merion,LEVERING MILL RD & ROLLING RD,1,e51d23ef
TKOGYE,Fire,Woods/field fire,19085,Lower Merion,SPRING MILL RD & MORRIS AVE,1,c033fb91
TKOHAH,Traffic,Road obstruction,19001,Abington,EDGE HILL RD & SUSQUEHANNA RD,1,552f30ee
TKOHHJ,Traffic,Vehicle accident,19401,East Norriton,SWEDE RD & W GERMANTOWN PIKE,1,d9c374e2
TKOHKY,Fire,Fire alarm,18076,Red Hill,WASHINGTON ST & E 6TH ST,1,8cb7eaac
TKOHOC,EMS,Unresponsive subject,18974,Horsham,COUNTY LINE RD & DELMONT AVE,1,a8de7142
TKOHW3,Traffic,Vehicle accident,19446,Lansdale,N MITCHELL AVE & W 3RD ST,1,80c6e117
TKOHZC,EMS,Vehicle accident,19446,Lansdale,N MITCHELL AVE,1,3486e16a
TKOIBV,Fire,Fire investigation,19010,Lower Merion,LANCASTER AVE & TOWN PL,1,8055c8b2
TKOIFE,Traffic,Disabled vehicle,19406,Upper Merion,GULPH RD & VALLEY FORGE PARK RD,1,4c422abf
TKOIFR,Traffic,Disabled vehicle,19406,Upper Merion,GULPH RD & VALLEY FORGE PARK RD,1,f1830558
TKOIJ5,EMS,Respiratory emergency,19464,Pottstown,ROBINSON ST & TUCKER CT,1,20752d2d
TKOIPJ,Traffic,Vehicle accident,19002,Ambler,HIGHLAND AVE & PARK AVE,1,756ef50f
TKOIZW,Traffic,Disabled vehicle,19440,Hatfield Township,KOFFEL RD & ORVILLA RD,1,ddefda69
TKOJ2D,EMS,Respiratory emergency,18073,Marlborough,UPPER RIDGE RD & PRICE RD,1,9b7b6d43
TKOJ3H,EMS,Unknown medical emergency,19401,Norristown,AIRY ST & DEKALB ST,1,45b8d93a
TKOJKX,EMS,Respiratory emergency,19426,Trappe,MUHLENBERG DR & W 1ST AVE,1,e962fb45
TKOKEG,Traffic,Hazardous road conditions,19464,Pottstown,YORK ST & BUTTONWOOD ALY,1,5f1cc34d
TKOKOC,EMS,Abdominal pains,18070,Upper Hanover,STATION RD & STOUDT RD,1,4fc0b99b
TKOKRM,EMS,Respiratory emergency,19426,Trappe,7TH AVE & BONNY BROOK AVE,1,13c00107
TKOL89,Traffic,Vehicle accident,19428,Plymouth,RIDGE PIKE & ALAN WOOD RD,1,c5cab2ec
TKOLGB,EMS,Vehicle accident,19090,Upper Moreland,FITZWATERTOWN RD & BARTRAM RD,1,c472b473
TKOLH1,Traffic,Vehicle accident,19090,Upper Moreland,FITZWATERTOWN RD & BARTRAM RD,1,44d27961
TKOLI2,Traffic,Disabled vehicle,19090,Upper Moreland,DAVISVILLE RD & N YORK RD,1,d666fc5b
TKOLVF,EMS,Subject in pain,19438,Lower Salford,MAIN ST & OLD SUMNEYTOWN PIKE,1,1499c283
TKOLW8,Traffic,Vehicle accident,19464,Pottstown,HIGH ST & N KEIM ST,1,7ba46291
TKOLXO,EMS,CVA/stroke,19002,Horsham,BUTLER PIKE & NESBITT RD,1,344dd8cd
TKOM3V,Traffic,Vehicle accident,19027,Cheltenham,BROOKFIELD RD & SUNNYBROOK AVE,1,14636736
TKOM6A,Traffic,Vehicle accident,19422,Whitpain,W BUTLER PIKE & NORRISTOWN RD,1,cdd92ff3
TKOM6B,Fire,Fire alarm,19401,Norristown,MOORE ST & HIGH ST,1,3305ca4c
TKOM9I,Fire,Fire alarm,19454,Montgomery,KNAPP RD & WITCHWOOD DR,1,efb7403f
TKOMAC,EMS,Altered mental status,19403,Lower Providence,SHANNONDELL DR & SHANNONDELL BLVD,1,11404f5c
TKOMAZ,EMS,Fall victim,19401,Norristown,GLENN VALLEY DR & E ROBERTS ST,1,fc47dc07
TKOMJO,EMS,Syncopal episode,19406,Upper Merion,TOWN CENTER RD & W DEKALB PIKE,1,0f5d6d0d
TKOMLT,EMS,Hemorrhaging,19090,Abington,NORTH HILLS AVE & SCHOOL LN,1,3aad44cd
TKOMTL,EMS,Altered mental status,19465,Chester County,KEIM ST & HAWK ST,1,e57b97ec
TKOMU8,Traffic,Hazardous road conditions,19001,Abington,ARLINE AVE & HAMILTON AVE,1,d48c99ab
TKOMZZ,EMS,Unresponsive subject,19401,Norristown,BASIN ST & GREENVALLEY RD,1,593452f6
TKON3V,EMS,Fall victim,18969,Franconia,HARVEST DR & MEMORY LN,1,34848759
TKONEM,Fire,Fire alarm,19001,Abington,OLD WELSH RD & ROCKWELL RD,1,e44e327d
TKONN3,EMS,Fall victim,19004,Lower Merion,UNION AVE & CONSHOHOCKEN STATE RD,1,f28c7bbe
TKONQU,EMS,Head injury,19403,East Norriton,CAPITOL RD & TAFT RD,1,ed6fdf96
TKOO0K,EMS,Altered mental status,19128,Springfield,RIDGE PIKE & NORTHWESTERN AVE,1,09a566e4
TKOO29,EMS,Respiratory emergency,19464,Pottstown,BUTTONWOOD ST & MYRTLE ST,1,4bd55e68
TKOO5E,EMS,Abdominal pains,19010,Lower Merion,OLD LANCASTER RD & SUMMIT GROVE AVE,1,9ac09b91
TKOOFP,Traffic,Disabled vehicle,19422,Whitpain,DEKALB PIKE & TOURNAMENT DR,1,c1f3992f
TKOOI1,Traffic,Disabled vehicle,19422,Whitpain,PULASKI DR & STIRLING WAY,1,65ba5d75
TKOOQB,EMS,Unresponsive subject,19401,Norristown,BARBADOES ST & W AIRY ST,1,82243724
TKOOV6,EMS,Medical alert alarm,19038,Abington,EGERTON AVE & MT CARMEL AVE,1,2d82afc8
TKOP6D,Traffic,Vehicle accident,19525,New Hanover,CHARLOTTE ST & KLEMAN RD,1,36ca2cd8
TKOPBY,EMS,Cardiac arrest,19401,Norristown,MAIN ST & HAWS AVE,1,b71456c4
TKOPCM,EMS,Respiratory emergency,19044,Horsham,HORSHAM RD & NORRISTOWN RD,1,89185841
TKOPPW,EMS,Head injury,19446,Lansdale,VALLEY FORGE RD & PERKIOMEN AVE,1,30de64b0
TKOPQ2,Traffic,Road obstruction,19464,West Pottsgrove,MORELLO DR & GROSSTOWN RD,1,8db2aa43
TKOPU3,Traffic,Vehicle accident,19040,Hatboro,N YORK RD & E COUNTY LINE RD,1,a7f93362
TKOPXN,EMS,Head injury,19462,Plymouth,JULIAN CT & NARCISSA RD,1,93c02bd7
TKOPYB,EMS,Subject in pain,19403,Lower Providence,SHANNONDELL DR & SHANNONDELL BLVD,1,4ef96cde
TKOPZN,Fire,Fire alarm,19151,Lower Merion,CITY AVE & GREENHILL RD,1,d9156951
TKOQ6J,EMS,Cardiac emergency,19464,Pottstown,FRANKLIN ST & UNION ALY,1,ced2759d
TKOQ7D,Traffic,Disabled vehicle,19040,Hatboro,N YORK RD & E COUNTY LINE RD,1,72255dbc
TKOQ8X,Traffic,Disabled vehicle,19406,Upper Merion,W DEKALB PIKE & N GULPH RD,1,15ae8c75
TKOQCC,EMS,Subject in pain,19401,Norristown,BROWN ST & ARCH ST,1,8be91c81
TKOQI2,EMS,Cardiac emergency,19426,Lower Providence,GERMANTOWN PIKE & EVANSBURG RD,1,502d79d5
TKOQMT,Fire,Fire alarm,19001,Abington,SUSQUEHANNA RD & JERICHO RD,1,7bd5f07d
TKOQXK,Traffic,Road obstruction,19440,Hatfield Township,BETHLEHEM PIKE & UNIONVILLE PIKE,1,15dfc593
TKORFE,Traffic,Disabled vehicle,19464,Lower Pottsgrove,PLEASANT VIEW RD & DONNA LN,1,03f3a95e
TKORKZ,EMS,General weakness,19403,Lower Providence,THRUSH LN & WREN RD,1,b06b4979
TKORNG,Traffic,Disabled vehicle,19126,Cheltenham,CHELTENHAM AVE & N 5TH ST,1,9dc8387d
TKORNK,EMS,Respiratory emergency,19031,Springfield,WISSAHICKON AVE & ROSE LN,1,c7b2ff36
TKORQG,Traffic,Vehicle accident,19446,Lansdale,W MAIN ST & WEST END DR,1,52803cae
TKORR1,EMS,Fall victim,19009,Lower Moreland,PAPER MILL RD & MEADOW LN,1,c9df0f3a
TKORS8,Traffic,Vehicle accident,19446,Lansdale,W MAIN ST & WEST END DR,1,0ab5d3ab
TKORTW,EMS,Fall victim,19464,Upper Pottsgrove,HANOVER DR & IRWIN PL,1,336e26b8
TKORYJ,EMS,Abdominal pains,19468,Upper Providence,BLACK ROCK RD & S TRAPPE RD,1,13da185f
TKOS1O,EMS,Respiratory emergency,19525,Douglass,PHILADELPHIA AVE & CONGO RD,1,693a1e5b
TKOS5M,EMS,Overdose,19044,Upper Moreland,BLAIR MILL RD & WITMER RD,1,5968854c
TKOS6M,Fire,Fire alarm,19096,Lower Merion,WYNNEWOOD RD & MORRIS RD,1,2d4825f8
TKOS8T,EMS,CVA/stroke,19090,Upper Moreland,WHITEHALL DR & FITZWATERTOWN RD,1,44cfabbe
TKOSC6,Fire,Cardiac arrest,19438,Lower Salford,MAIN ST & GODSHALL DR,1,4df7c1ef
TKOSCA,EMS,Cardiac arrest,19438,Lower Salford,MAIN ST & GODSHALL DR,1,4f03bcfe
TKOSDF,EMS,General weakness,19401,Norristown,MARSHALL ST & NORRIS ST,1,bba87e6b
TKOSJD,EMS,Lacerations,19438,Lower Salford,PAMELA CIR & SHIRLEY DR,1,478ac6d5
TKOSMZ,Traffic,Disabled vehicle,19406,Upper Merion,SCHUYLKILL EXPY & RAMP I76 WB TO S GULPH RD,1,198f960a
TKOSNF,Traffic,Disabled vehicle,19406,Upper Merion,SCHUYLKILL EXPY & RAMP I76 WB TO S GULPH RD,1,726e4285
TKOSSO,Traffic,Disabled vehicle,19426,Upper Providence,MARKET ST & WATER LOOP DR,1,cafb4f06
TKOT3M,EMS,Fall victim,19464,Pottstown,WILSON ST & N EVANS ST,1,d573d89f
TKOT50,EMS,Overdose,19464,Pottstown,KING ST & MANATAWNY ST,1,8b28b92d
TKOTB9,Traffic,Vehicle accident,19040,Hatboro,N YORK RD & E COUNTY LINE RD,1,1df8c79f
TKOTEI,Traffic,Disabled vehicle,19006,Lower Moreland,BYBERRY RD & EDENCROFT RD,1,d559e968
TKOTEV,EMS,CVA/stroke,19040,Hatboro,YORK RD & WILLIAMS LN,1,725fdb1c
TKOTJU,EMS,Subject in pain,19066,Lower Merion,LATCHS LN & OLD LANCASTER RD,1,6bff8821
TKOTMU,EMS,General weakness,19473,Lower Frederick,GRIMLEY RD & LAUREEN RD,1,fcebd096
TKOTSR,Fire,Vehicle fire,18073,Upper Hanover,E BUCK RD,1,cc977c8b
TKOTSR-1,Fire,Vehicle accident,18073,Upper Hanover,BUCK RD & OTTS RD,1,fc08e8d3
TKOTW9,Traffic,Vehicle fire,18073,Upper Hanover,E BUCK RD & OTTS RD,1,0d2a8651
TKOTW9-1,Traffic,Vehicle accident,18073,Upper Hanover,BUCK RD & OTTS RD,1,3fcf6085
TKOUD5,Traffic,Vehicle accident,19446,Lansdale,N VALLEY FORGE RD & W 3RD ST,1,22b67c23
TKOUER,EMS,Overdose,19002,Upper Dublin,E BUTLER PIKE,1,a71a1956
TKOUOM,EMS,Cardiac emergency,18964,Franconia,CHATHAM CT & WESTBURY DR,1,14277750
TKOUVY,Traffic,Vehicle accident,19468,Limerick,S LIMERICK RD & W RIDGE PIKE,1,223e7d3a
TKOUY4,EMS,Syncopal episode,19401,Norristown,E FREEDLEY ST,1,6a6782fb
TKOVI3,EMS,Subject in pain,19440,Hatfield Township,TULIP DR & SPRUCE DR,1,0dc2d465
TKOVPW,Traffic,Disabled vehicle,19090,Abington,FITZWATERTOWN RD & OKLAHOMA RD,1,0bd6bfd3
TKOVR3,EMS,Vehicle accident,19468,Limerick,S LIMERICK RD,1,b587cf88
TKOVT7,EMS,Unknown medical emergency,19422,Lower Gwynedd,TREWELLYN AVE & GWYNEDD AVE,1,1ee1d5fe
TKOVW6,Fire,Fire alarm,19027,Abington,TOWNSHIP LINE RD & ROLLING HILL RD,1,9f32b655
TKOVXZ,Traffic,Vehicle accident,19525,New Hanover,SANATOGA RD & JASPER FARMER RD,1,6e0701ec
TKOWBZ,Traffic,Vehicle accident,19454,Lower Gwynedd,W WELSH RD & N BETHLEHEM PIKE,1,e57d0395
TKOWFO,EMS,Vehicle accident,19002,Lower Gwynedd,W WELSH RD,1,25a71543
TKOWH0,EMS,CVA/stroke,19401,Norristown,NOBLE ST & BEECH ST,1,730f6e17
TKOWKV,EMS,Fall victim,18076,Red Hill,5TH ST & BITTING ALY,1,c446f7bc
TKOWU8,Traffic,Vehicle accident,19006,Upper Moreland,BYBERRY RD & PIONEER RD,1,0e260887
TKOXNA,EMS,Vehicle accident,19401,Norristown,NEW HOPE ST,1,d610e1a8
TKOXOZ,Fire,Vehicle fire,19401,Norristown,NEW HOPE ST,1,38be1226
TKOXT6,Traffic,Vehicle accident,19401,Norristown,NEW HOPE ST & E FORNANCE ST,1,ab11644b
TKOXXX,EMS,Unknown medical emergency,19464,Pottstown,HIGH ST & UNION ST,1,da359d60
TKOY1K,EMS,Assault victim,19462,Plymouth,IRWINS LN & PLYMOUTH RD,1,18b30739
TKOY7T,Traffic,Vehicle accident,19090,Upper Moreland,FITZWATERTOWN RD & MORELAND RD,1,c5e0df72
TKOYAV,EMS,Syncopal episode,19401,Norristown,MARKLEY ST & W SPRUCE ST,1,56f1c0b1
TKOYCV,EMS,Subject in pain,19003,Lower Merion,GRANDVIEW RD & E ATHENS AVE,1,3a2e0735
TKOYI8,EMS,Altered mental status,19464,Pottstown,CHESTNUT ST & N FRANKLIN ST,1,8716e0f8
TKOYMD,Traffic,Vehicle accident,19444,Whitemarsh,GERMANTOWN PIKE & CENTER AVE,1,df408a95
TKOYUC,EMS,Nausea/vomiting,19044,Upper Moreland,BLAIR MILL RD & WITMER RD,1,515c539c
TKOZ96,Fire,Trash/dumpster fire,19046,Rockledge,SYLVANIA AVE & HUNTINGDON PIKE,1,a24e823a
TKOZA3,Fire,Woods/field fire,19406,Upper Merion,VILLAGE DR & N GULPH RD,1,e86d0e3d
TKOZB5,Fire,Fire investigation,19401,East Norriton,PENN CROSSING DR & VINCENT WAY,1,8ec70e96
TKOZK2,Fire,Fire alarm,19464,Pottstown,UNION ALY & N EVANS ST,1,d2ffb91a
TKOZMX,EMS,CVA/stroke,18073,Upper Hanover,WONZIEGLER RD & FINLAND RD,1,f2e3fe35
TKOZOY,EMS,Abdominal pains,18041,Pennsburg,MAIN ST & CHURCH ST,1,c87e6f83
TKOZSX,Traffic,Vehicle accident,19462,Plymouth,W GERMANTOWN PIKE & PLYMOUTH RD,1,faa364fc
TKP04V,EMS,General weakness,19001,Abington,MILDRED AVE & EASTON RD,1,7f0f85d3
TKP05L,EMS,Head injury,19072,Lower Merion,RIGHTERS MILL RD & LARKSPUR LN,1,1dc0e286
TKP0BM,Traffic,Disabled vehicle,19025,Upper Dublin,N LIMEKILN PIKE & DRESHERTOWN RD,1,7605e5ce
TKP0DY,Traffic,Disabled vehicle,19046,Jenkintown,WASHINGTON LN & OLD YORK RD,1,6835fec4
TKP0I5,Traffic,Vehicle accident,18964,Franconia,COWPATH RD & BECK RD,1,e5ec9031
TKP0JK,Traffic,Vehicle accident,18074,New Hanover,LAYFIELD RD & DEEP CREEK RD,1,3f21e1f3
TKP0NA,Fire,Fire alarm,19027,Cheltenham,STAHR RD & PARK AVE,1,cf2b9a5b
TKP0WA,Fire,Fire alarm,19002,Ambler,FOREST AVE & AINSWORTH ST,1,18a35a42
TKP0WM,Traffic,Vehicle accident,19464,Upper Pottsgrove,RT100 NB & W MOYER RD,1,c38545a5
TKP0ZE,Fire,Vehicle accident,19525,New Hanover,LAYFIELD RD,1,7ea8bc93
TKP18Y,EMS,Fall victim,19518,Berks County,MIDDLEMARCH RD & RANDOM RD,1,f5791ab8
TKP1M7,EMS,Fall victim,19044,Horsham,WHITE BIRCH LN & TIMBER RD,1,67d5beaf
TKP1MR,Traffic,Disabled vehicle,19025,Upper Dublin,N LIMEKILN PIKE & DRESHERTOWN RD,1,07049974
TKP207,Traffic,Vehicle accident,19096,Lower Merion,LANCASTER AVE & REMINGTON RD,1,90fb0eed
TKP2DZ,Fire,Fire alarm,19012,Cheltenham,COVENTRY AVE & OAK LANE RD,1,c36a47df
TKP2N4,Fire,Fire alarm,19090,Abington,MORELAND RD & EASTON RD,1,0dc3e7d3
TKP2ZQ,Fire,Fire alarm,19004,Lower Merion,FORDHAM RD & LELAND RD,1,06ff26c3
TKP329,EMS,CVA/stroke,19403,Lower Providence,LONG MEADOW RD & MARTHA LN,1,1471f956
TKP39D,EMS,Vehicle accident,18092,Lehigh County,KINGS HWY & LIMEPORT PIKE,1,ba4f41c4
TKP3JH,Fire,Fire alarm,19046,Jenkintown,WEST AVE & LEEDOM ST,1,4a97b5d9
TKP3MG,Traffic,Vehicle accident,19010,Lower Merion,W LANCASTER AVE & SUMMIT GROVE AVE,1,cb6f50b7
TKP3Z5,EMS,Respiratory emergency,19072,Lower Merion,WOODBINE AVE & BRYN MAWR AVE,1,d31dc245
TKP477,EMS,Fall victim,19401,Norristown,HIGH ST & LINDA LN,1,e038c5ac
TKP4D1,Traffic,Vehicle accident,19426,Lower Providence,EAGLEVILLE RD & VISITATION RD,1,64edac8d
TKP4TK,EMS,EMS special service,19473,Skippack,BRIDGE RD & SERENDIPITY WAY,1,15e3b335
TKP539,EMS,Maternity,19464,Pottstown,KING ST & MANATAWNY ST,1,3fc2972d
TKP5FP,EMS,Medical alert alarm,19438,Lower Salford,MAIN ST & GODSHALL DR,1,95c3f377
TKP5FQ,Traffic,Disabled vehicle,19403,East Norriton,GERMANTOWN PIKE & EINSTEIN WAY,1,44fe696a
TKP5KA,Fire,Fire investigation,19401,Norristown,KNOX ST & W WASHINGTON ST,1,5363bc90
TKP5QO,EMS,Hemorrhaging,19464,Lower Pottsgrove,EVERGREEN RD & W LIGHTCAP RD,1,58f5313c
TKP5W7,EMS,Subject in pain,19001,Horsham,WOODLAND AVE & HIGHLAND AVE,1,e7eee63e
TKP5ZI,Fire,Carbon monoxide detector,19001,Abington,OLD WELSH RD & ROCKWELL RD,1,6690e6bb
TKP6FB,EMS,Cardiac emergency,19468,Upper Providence,2ND AVE & GAY ST,1,aa665be1
TKP6UW,EMS,Fall victim,19001,Abington,JOHNSTON AVE & FERNWOOD AVE,1,fbe7da6c
TKP79R,EMS,Assault victim,19096,Lower Merion,WYNNEWOOD RD & WILLIAMS RD,1,3a559508
TKP7HB,EMS,Lacerations,19401,Norristown,BUTTONWOOD ST & RICH ALY,1,9278042a
TKP7QE,Traffic,Vehicle accident,19006,Lower Moreland,HUNTINGDON PIKE & WELSH RD,1,7b3364d5
TKP8EP,EMS,Cardiac arrest,19462,Plymouth,RUNNYMEDE DR & KNOLL RD,1,bace22c4
TKPA8P,Traffic,Vehicle accident,19440,Towamencin,ORVILLA RD & WELSH RD,1,c6cb7f58
TKPACY,Traffic,Vehicle accident,19440,Towamencin,ORVILLA RD & WELSH RD,1,98667580
TKPAFQ,EMS,Cardiac emergency,19468,Upper Providence,2ND AVE & GAY ST,1,4af068e4
TKPBE1,EMS,Subject in pain,19464,Pottstown,KING ST & PENN ST,1,3463b48d
TKPC1Y,EMS,Subject in pain,19401,Norristown,LAFAYETTE ST & SWEDE ST,1,29db6a6b
TKPC67,EMS,Lacerations,19401,Norristown,AIRY ST & HIGH ALY,1,3db90117
TKPC90,Traffic,Hazardous road conditions,19027,Abington,TOWNSHIP LINE RD & BREYER DR,1,2115a73b
TKPCTW,EMS,Respiratory emergency,18964,Souderton,2ND ST & SPRUCE ALY,1,2a351349
TKPCZZ,EMS,Seizures,19401,Norristown,PINE ST & W ROBERTS ST,1,a0568db4
TKPD0V,EMS,General weakness,18041,East Greenville,MAIN ST & 4TH ST,1,20656adb
TKPD93,Fire,Burn victim,19426,Worcester,KRIEBEL MILL RD & HEEBNER RD,1,f5c872c0
TKPD9A,EMS,Burn victim,19426,Worcester,KRIEBEL MILL RD & HEEBNER RD,1,de7b182f
TKPDR0,Fire,Fire special service,18041,East Greenville,MAIN ST & 4TH ST,1,1a4da74b
TKPDXO,EMS,Fall victim,19012,Cheltenham,CENTRAL AVE & MYRTLE AVE,1,17453735
TKPE0O,EMS,Nausea/vomiting,19464,Pottstown,APPLE ST & S EVANS ST,1,77aa383c
TKPE1L,EMS,Head injury,19454,Horsham,HORSHAM RD & LOWER STATE RD,1,9c61cefd
TKPE58,EMS,Allergic reaction,19464,Lower Pottsgrove,HIGH ST & BROWN ST,1,2a502fb9
TKPEQF,EMS,Fall victim,19401,Norristown,CEDAR LN & NEW HOPE ST,1,12cccc26
TKPGKS,EMS,General weakness,19401,Norristown,AIRY ST & FORNANCE ALY,1,99e880b6
TKPGMK,Traffic,Disabled vehicle,19454,Upper Gwynedd,DEKALB PIKE & HANCOCK RD,1,4d77344f
TKPGZQ,EMS,Abdominal pains,19468,Limerick,BROOKE DR & JOSHUA DR,1,41254761
TKPH1X,EMS,Vehicle accident,19401,Norristown,E BASIN ST,1,f0e10587
TKPH52,Traffic,Vehicle accident,19401,Norristown,E BASIN ST & DEKALB ST,1,ee0b13b7
TKPH6I,EMS,Head injury,19075,Springfield,GARTH RD & BRUCE RD,1,956e797f
TKPHFR,Fire,Fire alarm,19401,Norristown,STANBRIDGE ST & W WASHINGTON ST,1,e5a5d7e6
TKPHJK,EMS,Assault victim,19462,Plymouth,FOUNTAIN RD & HICKORY RD,1,0c449f33
TKPHRV,EMS,Seizures,19446,Worcester,SHADY LN & OAK TER,1,094e6664
TKPHZD,EMS,Altered mental status,19403,West Norriton,CAREY LN & KESWICK WAY,1,80c6d58b
TKPI52,EMS,Unconscious subject,19446,Lansdale,YORK AVE & GREEN ST,1,31025527
TKPJ5U,EMS,Abdominal pains,19468,Limerick,BROOKE DR & JOSHUA DR,1,a987d61b
TKPJJG,EMS,Overdose,19464,Pottstown,CHARLOTTE ST & MASTER ST,1,032b0b3e
TKPJOT,EMS,Subject in pain,19464,Pottstown,WALNUT ST & N FRANKLIN ST,1,7b4ce150
TKPLEY,Fire,Building fire,19401,Norristown,JACOBY ST & GREEN ST,1,6c12cce5
TKPLTP,EMS,Building fire,19401,Norristown,JACOBY ST & GREEN ST,1,a6036ffe
TKPM1L,EMS,Respiratory emergency,19406,Upper Merion,VALLEY FORGE RD & GENERAL STEUBEN RD,1,f1d016f0
TKPM9H,EMS,Fall victim,19027,Cheltenham,ASHBOURNE RD & PARK AVE,1,69726a0f
TKPMB0,EMS,EMS special service,19473,Skippack,BRIDGE RD & SERENDIPITY WAY,1,e507c6f4
TKPMIH,Fire,Fire alarm,19468,Upper Providence,STARMONT WAY,1,f7b18a17
TKPMXR,EMS,Syncopal episode,19438,Towamencin,INDEPENDENCE DR & LIBERTY BELL DR,1,42eb5bfe
TKPPFA,Traffic,Road obstruction,19025,Upper Dublin,JARRETTOWN RD & TUCKERSTOWN RD,1,013f3d6e
TKPRW5,EMS,Cardiac emergency,19468,Upper Providence,ORCHARD CT & VAUGHN RD,1,141f72db
TKPS3R,EMS,Seizures,19468,Upper Providence,BLACK ROCK RD & S TRAPPE RD,1,de036139
TKPT6P,EMS,EMS special service,19034,Upper Dublin,LOCH ALSH AVE & SPARK DR,1,727681a1
TKPTDD,EMS,Respiratory emergency,19462,Plymouth,GERMANTOWN PIKE & HALLOWELL RD,1,0dd0dc7c
TKPU1P,Traffic,Road obstruction,19426,Lower Providence,RIDGE PIKE & GERMANTOWN PIKE,1,3dc8de2b
TKPU34,EMS,Cardiac emergency,19040,Horsham,BLAIR MILL RD & MALLARD RD,1,f8410ae1
TKPUIW,EMS,Respiratory emergency,18073,Pennsburg,MACOBY ST & E 5TH ST,1,2fb759d1
TKPVII,EMS,Cardiac arrest,19464,Pottstown,ROBINSON ST & TUCKER CT,1,152ae798
TKPW0K,Traffic,Disabled vehicle,18936,Montgomery,STUMP RD & BETHLEHEM PIKE,1,2032c968
TKPXC5,EMS,Respiratory emergency,19040,Upper Moreland,KAREN LN & DAVISVILLE RD,1,aa2959e7
TKPXD0,EMS,Seizures,18074,Upper Frederick,LITTLE RD & TOWNSHIP LINE RD,1,499b67a3
TKPYVF,Traffic,Disabled vehicle,19044,Horsham,WELSH RD & NORRISTOWN RD,1,1a693c16
TKPZC7,Traffic,Disabled vehicle,19046,Abington,TOWNSHIP LINE RD & OLD YORK RD,1,93755fe0
TKPZC9,Traffic,Vehicle accident,19440,Hatfield Township,BETHLEHEM PIKE & TREWIGTOWN RD,1,7b28896d
TKPZP2,EMS,Cardiac emergency,19428,Whitemarsh,HILLCREST AVE & WELLS ST,1,3d284820
TKPZQO,Fire,Gas-odor/leak,19006,Lower Moreland,WELSH RD & WASHINGTON LN,1,dbcaddb0
TKPZS0,EMS,Subject in pain,19440,Hatfield Township,STRATFORD AVE & WELLINGTON WAY,1,e7bcc650
TKQ06G,Traffic,Vehicle accident,19006,Lower Moreland,HUNTINGDON PIKE & RED LION RD,1,d5e7af9e
TKQ06G-1,Traffic,Vehicle accident,19006,Lower Moreland,RED LION RD & MURRAY AVE,1,e6ee4e3b
TKQ0EJ,EMS,Gas-odor/leak,19006,Lower Moreland,WELSH RD & WASHINGTON LN,1,ee3c19ff
TKQ0RI,EMS,Subject in pain,18969,Salford,RIDGE RD & WEBBER RD,1,33967e6c
TKQ1QP,EMS,Fall victim,19401,Norristown,SWEDE ST & E OAK ST,1,88603354
TKQ24T,Fire,Fire alarm,19025,Upper Dublin,ARCADE WAY,1,9ab69a44
TKQ2IH,Traffic,Disabled vehicle,19440,Hatfield Township,CLEMENS RD & FAIRGROUNDS RD,1,30ff3b20
TKQ2Z0,EMS,Syncopal episode,19426,Perkiomen,RAHNS RD & IRON BRIDGE DR,1,4405c3ab
TKQ2ZO,EMS,Unknown medical emergency,19401,Norristown,E MARSHALL ST,1,3d1a1a6a
TKQ3A4,EMS,Overdose,19440,Hatfield Boro,GARFIELD AVE & DEAD END,1,46366e65
TKQ3EI,EMS,Fall victim,19403,Lower Providence,SHANNONDELL DR & SHANNONDELL BLVD,1,5fdbc4cd
TKQ3HG,Traffic,Vehicle accident,19040,Hatboro,N YORK RD & E COUNTY LINE RD,1,d1d59399
TKQ3SQ,EMS,Fall victim,19438,Lower Salford,MAIN ST & OLD SUMNEYTOWN PIKE,1,a3857b19
TKQ3TD,EMS,Unknown medical emergency,19438,Towamencin,FREEDOM CIR & ADAMS RD,1,31c91c07
TKQ444,EMS,Cardiac emergency,19001,Abington,ARLINE AVE & PATANE AVE,1,8a267a02
TKQ48P,EMS,Fall victim,19087,Upper Merion,DENBIGH LN & WEYBRIDGE LN,1,477ed0ca
TKQ49K,EMS,Head injury,19401,Norristown,SPRUCE ST & BRINGHURST ALY,1,010d8c65
TKQ4BV,Traffic,Disabled vehicle,19440,Hatfield Township,CLEMENS RD & FAIRGROUNDS RD,1,478ed138
TKQ4FV,EMS,Cardiac emergency,19403,Lower Providence,BRIMFIELD RD & SANDOWN RD,1,3f7cfb05
TKQ4UW,Fire,Fire special service,19087,Upper Merion,DENBIGH LN & WEYBRIDGE LN,1,fe78c316
TKQ4WT,EMS,Head injury,19444,Whitemarsh,JOSHUA RD & CEDAR GROVE RD,1,18aba5ae
TKQ4YU,EMS,Medical alert alarm,19095,Cheltenham,OLD FARM RD & RICES MILL RD,1,ad14bc68
TKQ5BP,EMS,Syncopal episode,19150,Cheltenham,CHELTENHAM AVE & E UPSAL ST,1,ba9b50ec
TKQ5N9,EMS,Diabetic emergency,19046,Jenkintown,YORK RD & YORKWAY PL,1,0760eee4
TKQ5R8,Traffic,Vehicle accident,19438,Towamencin,SUMNEYTOWN PIKE & FORTY FOOT RD,1,2c8ff727
TKQ60U,EMS,Fall victim,19006,Abington,HUNTINGDON PIKE & JUGHANDLE,1,03344050
TKQ61G,Traffic,Hazardous road conditions,19468,Limerick,W RIDGE PIKE & N LEWIS RD,1,cb00f1d6
TKQ67M,EMS,Cardiac emergency,19090,Upper Moreland,EASTON RD & LAWNTON RD,1,88d209b1
TKQ6PL,EMS,Unconscious subject,19438,Towamencin,TOWAMENCIN AVE & SUMNEYTOWN PIKE,1,6b205993
TKQ6VZ,EMS,Cardiac emergency,19460,Upper Providence,BLACK ROCK RD & S COLLEGEVILLE RD,1,9e72af4b
TKQ756,EMS,CVA/stroke,19040,Upper Moreland,DAVISVILLE RD & PENNYPACK RD,1,323aea6c
TKQ7G2,Fire,Fire alarm,19003,Lower Merion,GREENFIELD AVE & W LANCASTER AVE,1,ed483a82
TKQ7T6,EMS,Unconscious subject,19046,Abington,HOLMECREST RD & CYPRESS AVE,1,0a6be431
TKQ84N,EMS,Back pains/injury,19468,Upper Providence,ORCHARD CT & VAUGHN RD,1,e0131319
TKQ86W,Traffic,Road obstruction,19025,Upper Dublin,LIMEKILN PIKE & GOLDEN DR,1,1629409d
TKQ89M,EMS,Back pains/injury,19464,Pottstown,KING ST & VANBUSKIRK ALY,1,7919122b
TKQ8CB,EMS,Cardiac emergency,19403,Lower Providence,EAGLEVILLE RD & SUNDERLAND DR,1,818dfa71
TKQ8DZ,Fire,Fire alarm,19464,Pottstown,CHERRY LN & ST CLAIR ST,1,15ac13f7
TKQ8PT,Traffic,Vehicle accident,19401,Norristown,ARCH ST & SUMMIT ST,1,f0022b2f
TKQ8TD,Traffic,Vehicle accident,19027,Abington,PERRY ST & OSWALD ST,1,f1cfd004
TKQ917,EMS,Cardiac emergency,19401,Norristown,AIRY ST & NOBLE ST,1,ee735788
TKQ93K,EMS,Back pains/injury,18041,Lehigh County,LANDIS LN & E MILL HILL RD,1,8626a28c
TKQ99Q,EMS,CVA/stroke,19446,Worcester,MORRIS RD & BLUE FOX DR,1,945c6ae0
TKQ9GB,EMS,Subject in pain,19010,Lower Merion,LAFAYETTE RD & MORRIS AVE,1,41c65c88
TKQ9XR,Traffic,Vehicle accident,19403,East Norriton,WOODLAND AVE & IRENIC CT,1,105417e6
TKQ9YD,EMS,Respiratory emergency,19096,Lower Merion,LANCASTER AVE & LANKENAU DR,1,d7d46e98
TKQ9YZ,EMS,Respiratory emergency,18073,Upper Hanover,GERYVILLE PIKE & JOHN FRIES HWY,1,b99eb740
TKQA97,EMS,Head injury,19446,Towamencin,DOCK DR & DETWILER RD,1,74c05c2b
TKQAA1,EMS,Medical alert alarm,19446,Lansdale,SHAW AVE & UNNAMED ALY,1,9a3dd8e8
TKQAB8,EMS,Hemorrhaging,19403,Lower Providence,SHANNONDELL DR & SHANNONDELL BLVD,1,204d6d3c
TKQALZ,Traffic,Road obstruction,19464,Pottstown,ROSEDALE DR & BEECH ST,1,4349d0d8
TKQAOJ,Traffic,Road obstruction,19438,Lower Salford,HARLEYSVILLE PIKE & CLUBHOUSE DR,1,0f0f9b65
TKQAPT,EMS,Cardiac arrest,19025,Upper Dublin,SOUTHWIND WAY & CANDLEBROOK DR,1,9bfb2809
TKQAQ6,Traffic,Disabled vehicle,19090,Upper Moreland,CENTER AVE & EASTON RD,1,bc46eb6b
TKQAUD,EMS,Hemorrhaging,19040,Upper Moreland,HORSHAM RD & CASTELLO AVE,1,8cbdfabf
TKQB0Q,EMS,Fall victim,19518,Berks County,MIDDLEMARCH RD & RANDOM RD,1,6a5cb760
TKQB3Z,EMS,Respiratory emergency,19525,Douglass,MOORE DR & S WERSTLER AVE,1,bca4d314
TKQB8G,Traffic,Disabled vehicle,19444,Whitemarsh,RIDGE PIKE & BARREN HILL RD,1,268b4561
TKQBBY,EMS,Syncopal episode,19090,Upper Moreland,WELSH RD & COMPUTER AVE,1,e9f4716d
TKQBO2,EMS,Fall victim,19090,Upper Moreland,MORELAND RD & PARK AVE,1,460dec8c
TKQCCU,EMS,Unconscious subject,19406,Upper Merion,TRINITY LN & SWEDELAND RD,1,fb481fcd
TKQCHH,Fire,Fire alarm,19006,Lower Moreland,HUNTINGDON PIKE & ANNE ST,1,db2d3fce
TKQCLP,EMS,Cardiac emergency,19006,Upper Moreland,TERWOOD RD & OAK RIDGE FARM RD,1,352c0724
TKQCV2,Traffic,Vehicle accident,19446,Towamencin,ALLENTOWN RD & TROXEL RD,1,115350fc
TKQCXJ,EMS,Medical alert alarm,19444,Whitemarsh,ANGUS WAY & FOX HOUND DR,1,a5b3baeb
TKQCYJ,EMS,Fall victim,19002,Lower Gwynedd,FOULKE AVE & PEN AMBLER RD,1,0e9006ed
TKQDCD,Traffic,Vehicle accident,19403,Worcester,VALLEY FORGE RD & TOWNSHIP LINE RD,1,64cc7537
TKQDE2,EMS,General weakness,19454,Montgomery,LINCOLN DR & E KENNEDY RD,1,9c4b4c84
TKQDGK,EMS,Allergic reaction,19454,Montgomery,BISHOP DR & WILDER WAY,1,07e916d6
TKQDUG,EMS,Medical alert alarm,19090,Abington,DAVISVILLE RD & EASTON RD,1,8e431a43
TKQEEW,Traffic,Disabled vehicle,19027,Cheltenham,W CHURCH RD & CHELTEN HILLS DR,1,e0ae2719
TKQEID,Fire,Fire alarm,19406,Upper Merion,HUGHES RD & LYNN LN,1,7f07ebc5
TKQEIX,Traffic,Disabled vehicle,19462,Plymouth,W GERMANTOWN PIKE & HICKORY RD,1,0fba3b93
TKQEU9,EMS,Cardiac arrest,19426,Worcester,ZACHARIAS RD & DEAD END,1,efae4dfb
TKQEUW,Fire,Cardiac arrest,19426,Worcester,ZACHARIAS RD & DEAD END,1,87b3b531
TKQEWB,EMS,Respiratory emergency,19044,Horsham,JACK LADDER CIR & LOG POND DR,1,38614213
TKQEX6,Fire,Woods/field fire,19040,Upper Moreland,MILL RD & S YORK RD,1,4c504502
TKQF1J,Traffic,Road obstruction,19095,Cheltenham,LIMEKILN PIKE & CHELTENHAM AVE,1,066fac2f
TKQF62,EMS,Subject in pain,19406,Upper Merion,HAWTHORN RD & CINNAMON HILL RD,1,7e49e677
TKQFI8,Fire,Fire investigation,19446,Lansdale,KNOLL DR & FREDERICK RD,1,0e04c03d
TKQFJD,EMS,Unknown medical emergency,19401,Norristown,MARKLEY ST & W BROWN ST,1,ec06425b
TKQFUS,Traffic,Vehicle accident,19041,Lower Merion,OLD LANCASTER RD & W MONTGOMERY AVE,1,8830f942
TKQG9F,Traffic,Disabled vehicle,19454,Montgomery,STUMP RD & JUGHANDLE,1,861c9827
TKQGWP,Traffic,Vehicle accident,19090,Upper Dublin,TWINING RD & DALE RD,1,848c3622
TKQH80,EMS,Respiratory emergency,19040,Horsham,COUNTY LINE RD & MEETINGHOUSE RD,1,6f4663c1
TKQHDM,EMS,Cardiac emergency,19401,Norristown,ANN ST & CHERRY ST,1,b13514d8
TKQHFB,Fire,Fire police needed,19090,Upper Dublin,TWINING RD & DALE RD,1,e83d6b4d
TKQHUK,Traffic,Disabled vehicle,19438,Franconia,EXTENSION PENNSYLVANIA TPKE & SCHOOLHOUSE RD ACCESS GATE,1,428e99c6
TKQHXL,EMS,Hemorrhaging,19464,Upper Pottsgrove,STATE ST & COMMERCE DR,1,919193f7
TKQHYA,EMS,Fall victim,19438,Towamencin,WOODBINE CT & WOOD HOLLOW DR,1,f5c0c8d6
TKQHZX,Traffic,Vehicle accident,19446,Towamencin,SUMNEYTOWN PIKE & FINCH RUN,1,a5cc965e
TKQI7E,EMS,Medical alert alarm,19003,Lower Merion,DELMONT AVE & E SPRING AVE,1,603a4760
TKQIJA,Fire,Fire alarm,19010,Lower Merion,WAKEFIELD RD & WYNDON AVE,1,93ee038c
TKQIPW,EMS,Subject in pain,19464,Pottstown,HIGH ST & S WASHINGTON ST,1,48e0daae
TKQIQD,EMS,General weakness,19446,Towamencin,NASH AVE & SWARTLEY RD,1,c16565a5
TKQIV4,Traffic,Vehicle accident,19462,Plymouth,GERMANTOWN PIKE & LAUNFALL RD,1,aabccc0e
TKQIWL,EMS,Respiratory emergency,19440,Hatfield Township,BETHLEHEM PIKE & TREWIGTOWN RD,1,1ed0626e
TKQIXM,EMS,Seizures,19027,Cheltenham,OLD YORK RD & SPRING AVE,1,4bfa7df8
TKQIZR,EMS,Unresponsive subject,19406,Upper Merion,GULPH RD & TURN LANE,1,55251162
TKQJ3Q,EMS,Subject in pain,19128,Springfield,RIDGE PIKE,1,517199d7
TKQJ3Q-1,EMS,Subject in pain,19128,Phila County,RIDGE AVE & AYRDALE RD,1,470a6f43
TKQJK3,EMS,Cardiac emergency,19406,Upper Merion,GULPH RD & KIRK AVE,1,4b1ed0a2
TKQJRT,EMS,Nausea/vomiting,19446,Towamencin,DOCK DR & DETWILER RD,1,fed57db7
TKQJZB,Traffic,Vehicle accident,19468,Limerick,E CHERRY LN & N LEWIS RD,1,ab376444
TKQKDH,Traffic,Vehicle accident,18974,Hatboro,JACKSONVILLE RD & E COUNTY LINE RD,1,4e7e47d6
TKQKQM,EMS,Head injury,19460,Upper Providence,BLACK ROCK RD & S COLLEGEVILLE RD,1,40adfaa5
TKQKVY,Fire,Fire alarm,19002,Lower Gwynedd,MCKEAN RD & STONE HOUSE RD,1,0734e982
TKQKXD,Traffic,Disabled vehicle,19006,Lower Moreland,BRAE BOURN RD & PINE RD,1,fc837970
TKQKXP,Traffic,Vehicle accident,19454,Worcester,EXTENSION PENNSYLVANIA TPKE & DEKALB PIKE ACCESS GATE,1,d6479164
TKQL58,Fire,Fire alarm,19085,Lower Merion,MT PLEASANT RD & PROSPECT HILL RD,1,2ee43b6e
TKQL81,Traffic,Road obstruction,19004,Lower Merion,ROCKLAND AVE & PRICE ST,1,fe76635c
TKQL81-1,Traffic,Road obstruction,19004,Lower Merion,PRICE ST & FAIRVIEW AVE,1,58ffcae5
TKQLIU,EMS,Subject in pain,19464,Lower Pottsgrove,KEIM ST & BROOKE RD,1,9fdffd40
TKQLLT,EMS,CVA/stroke,19095,Cheltenham,WASHINGTON LN & TOWNSHIP LINE RD,1,2a45265e
TKQLSI,EMS,Respiratory emergency,19454,North Wales,WINDSOR WAY & S CENTER ST,1,99254990
TKQLUI,EMS,Nausea/vomiting,18964,Franconia,SUMMIT ST & COLONIAL AVE,1,e3dbc38c
TKQLVE,EMS,Altered mental status,19446,Montgomery,BETHLEHEM PIKE & TAYLOR RD,1,022313ff
TKQM6B,Traffic,Disabled vehicle,19440,Hatfield Township,BETHLEHEM PIKE & MILL RD,1,4768c32e
TKQMFW,Fire,Unknown type fire,19403,Lower Providence,ORCHARD LN & CULP RD,1,a9459a00
TKQMI7,EMS,Medical alert alarm,19462,Plymouth,GERMANTOWN PIKE & ATRIUM WAY,1,02d36786
TKQMJ3,Traffic,Disabled vehicle,19087,Upper Merion,S GULPH RD & UPPER GULPH RD,1,e85593e9
TKQMVE,EMS,Syncopal episode,19090,Abington,FAIRVIEW AVE & PARKVIEW AVE,1,bd2b2626
TKQMYD,EMS,Back pains/injury,19446,Lansdale,PENNBROOK AVE & WISSAHICKON AVE,1,b8f1f5b8
TKQN2B,EMS,Respiratory emergency,19401,Norristown,MAIN ST & CHERRY ST,1,5d482908
TKQN7J,Traffic,Vehicle accident,19464,Pottstown,HIGH ST & BEECH ST,1,e322abc2
TKQNG0,Traffic,Disabled vehicle,19040,Upper Moreland,DAVISVILLE RD & TERWOOD RD,1,d8c2156b
TKQNHW,Traffic,Vehicle accident,19027,Cheltenham,OLD YORK RD & CHELTEN HILLS DR,1,9e8bae06
TKQNIM,EMS,Cardiac emergency,19464,Upper Pottsgrove,MEADOWVIEW DR & WHITESPIRE CIR,1,d123d1e1
TKQNLH,EMS,Unknown medical emergency,19462,Plymouth,SCHOOL LN & COLEMAN ST,1,970004cc
TKQNM9,EMS,Assault victim,19090,Abington,LAMOTT AVE & OSBOURNE AVE,1,5dcea823
TKQNN7,Traffic,Vehicle accident,19464,Upper Pottsgrove,W MOYER RD & RT100 SB,1,02e5abc2
TKQNSK,EMS,Respiratory emergency,19464,Pottstown,HIGH ST & S FRANKLIN ST,1,5e54ec62
TKQNWV,Fire,Fire special service,19462,Plymouth,GERMANTOWN PIKE & ATRIUM WAY,1,cd841c78
TKQO0F,Traffic,Vehicle accident,18964,Franconia,ALLENTOWN RD & BANBURY DR,1,67680e0a
TKQO4L,EMS,Fall victim,19002,Ambler,PARK AVE & S SPRING GARDEN ST,1,a243df87
TKQOCS,EMS,Overdose,19401,Norristown,REGATTA CIR & KELLY DR,1,059dcd42
TKQOJP,Fire,Electrical fire outside,19010,Delaware County,ROBERTS RD & MILL RD,1,c8106573
TKQOSO,Traffic,Vehicle accident,19446,Montgomery,BETHLEHEM PIKE & HORSHAM RD,1,0da2072e
TKQOTV,EMS,Overdose,19464,Pottstown,SOUTH ST & S FRANKLIN ST,1,a03e7993
TKQP4L,EMS,Unconscious subject,19035,Lower Merion,CONSHOHOCKEN STATE RD & MAPLECREST CIR,1,8d10a376
TKQP5H,EMS,Abdominal pains,19003,Lower Merion,LINWOOD AVE & E SPRING AVE,1,f5c55a8d
TKQPEH,Traffic,Vehicle accident,19446,Towamencin,VALLEY FORGE RD & SUMNEYTOWN PIKE,1,8d6fad4d
TKQPFT,EMS,Syncopal episode,19046,Abington,HUNTINGDON PIKE & SAN DIEGO AVE,1,c62caab3
TKQPIW,Traffic,Disabled vehicle,19027,Cheltenham,W CHURCH RD & CHELTEN HILLS DR,1,8c230832
TKQPXC,Fire,Fire investigation,19473,Perkiomen,SADDLE CT & MARTINGALE RD,1,cb69ed61
TKQQ9B,Fire,Fire alarm,19072,Lower Merion,SPRAGUE RD & FLAT ROCK RD,1,5f756d9f
TKQQF6,EMS,Assault victim,19464,Pottstown,UNION ALY & MANATAWNY ST,1,3081312a
TKQQMY,Traffic,Vehicle accident,19446,Towamencin,VALLEY FORGE RD & MCAULIFFE LN,1,2a28090f
TKQQUN,Traffic,Vehicle accident,19001,Abington,HORACE AVE & OLD YORK RD,1,c81f3075
TKQR1J,EMS,Hemorrhaging,19454,Upper Gwynedd,DELANCY CT & DONOVAN CT,1,79a62f17
TKQRDS,Traffic,Vehicle accident,19426,Trappe,3RD AVE & W MAIN ST,1,7b1fe0af
TKQREW,Traffic,Vehicle accident,19438,Towamencin,EXTENSION PENNSYLVANIA TPKE & MORRIS RD,1,3c7de994
TKQRFD,EMS,CVA/stroke,19446,Montgomery,BETHLEHEM PIKE & TAYLOR RD,1,1a509b1d
TKQRG6,EMS,Medical alert alarm,19035,Lower Merion,WATERFORD CT & SPRING MILL RD,1,2dc583d6
TKQRGH,EMS,Medical alert alarm,19465,Chester County,MEADOWBROOK RD & MILLER RD,1,42f4a7f2
TKQRME,EMS,Syncopal episode,19027,Cheltenham,VALLEY RD & CREST AVE,1,859002c3
TKQRV2,EMS,Dehydration,19453,Upper Providence,MEADOWVIEW LN & NORWOOD ST,1,e8d4409f
TKQRVO,EMS,Cardiac emergency,19462,Plymouth,GERMANTOWN PIKE & WALTON RD,1,72fceac8
TKQRXK,EMS,Diabetic emergency,19401,Norristown,GEORGE ST,1,bb9448c4
TKQSK5,Fire,Building fire,19044,Horsham,AVENUE C  & PALMER AVE,1,a47bf46c
TKQSTA,EMS,CVA/stroke,19027,Cheltenham,OLD YORK RD & SPRING AVE,1,67825d28
TKQSZC,EMS,Vehicle accident,19401,Norristown,MARSHALL ST & MARKLEY ST,1,bf17ebdc
TKQSZV,Traffic,Vehicle accident,19446,Towamencin,VALLEY FORGE RD & SUMNEYTOWN PIKE,1,6f79cac2
TKQT3F,Traffic,Vehicle accident,19401,Norristown,MARSHALL ST & MARKLEY ST,1,8ce6496d
TKQTE3,EMS,Head injury,19090,Upper Moreland,BROOKS ST & MIRIAM AVE,1,289745c9
TKQTRB,Traffic,Vehicle accident,19031,Springfield,BETHLEHEM PIKE & E MILL RD,1,7cbbf0b5
TKQTTR,EMS,Respiratory emergency,19401,East Norriton,DEKALB PIKE & COLONIAL DR,1,985d2b5d
TKQU7D,Fire,Fire alarm,19446,Upper Gwynedd,GARFIELD AVE & STIRLING DR,1,19d34c1e
TKQUCY,Traffic,Disabled vehicle,19006,Bryn Athyn,HUNTINGDON PIKE & ALNWICK RD,1,f822e01f
TKQURL,Traffic,Vehicle accident,19446,Lansdale,KENILWORTH AVE & W 5TH ST,1,ef828015
TKQUV2,Traffic,Vehicle accident,19038,Springfield,CHURCH RD & STATION AVE,1,8484e465
TKQUVR,Traffic,Vehicle accident,19462,Plymouth,RED ROWEN LN & LAUNFALL RD,1,c40839e6
TKQUY6,Fire,Gas-odor/leak,19468,Limerick,BAYBERRY DR & MULBERRY DR,1,c5d3c2a2
TKQV73,EMS,Respiratory emergency,19401,Norristown,LOCUST ST & DOGWOOD DR,1,742cda10
TKQVCE,EMS,Hemorrhaging,19034,Upper Dublin,FORT WASHINGTON AVE & PROSPECT AVE,1,08afe1f4
TKQVO4,Fire,Woods/field fire,19446,Lansdale,WEDGEWOOD DR & ANDOVER RD,1,4309552b
TKQVTM,Traffic,Vehicle accident,19401,Plymouth,ARCH RD & OXFORD RD,1,80b33f72
TKQVUM,Traffic,Vehicle accident,19401,Plymouth,ARCH RD & OXFORD RD,1,23a5d0ef
TKQVWY,EMS,Vehicle accident,19462,Plymouth,ARCH RD,1,6a30c293
TKQVXI,EMS,Choking,19027,Cheltenham,LYCOMING AVE & LENAPE AVE,1,fd0d461e
TKQW0J,EMS,Altered mental status,19446,Lansdale,MAPLE AVE & W 6TH ST,1,a9c9709d
TKQW18,Fire,Fire alarm,19403,Lower Providence,SHANNONDELL DR & SHANNONDELL BLVD,1,aa6c6b00
TKQW21,Fire,Carbon monoxide detector,19446,Montgomery,ASCOT CT & UPPER STATE RD,1,feb7a7d9
TKQW7K,EMS,CVA/stroke,19038,Abington,HAWTHORNE RD & ELM AVE,1,da805dad
TKQW9G,EMS,Syncopal episode,19406,Upper Merion,MAIN ST & BRYCE LN,1,05cd4f04
TKQWAM,EMS,Fall victim,19403,West Norriton,SCHUYLKILL AVE & BUTLER AVE,1,1eb80238
TKQWEK,Traffic,Vehicle accident,18936,Montgomery,WITCHWOOD DR & STUMP RD,1,42c89dba
TKQWJ5,EMS,Fall victim,19446,Towamencin,VALLEY VIEW WAY & MORRIS RD,1,2db5cf11
TKQWM2,EMS,Subject in pain,19006,Abington,HUNTINGDON PIKE & JUGHANDLE,1,f4c0b05f
TKQWS3,Fire,Fire alarm,19001,Abington,ROBERT RD & DEAD END,1,e4303334
TKQWXP,Fire,Fire alarm,19002,Horsham,TALAMORE DR & STONEHAM CT,1,3f70f38e
TKQX0D,EMS,Head injury,19046,Lower Moreland,LIEBERMAN DR & WELSH RD,1,dfe3c62c
TKQXQ8,EMS,Shooting,19464,Upper Pottsgrove,MEADOWVIEW DR & JUNIPER ST,1,dc2bef04
TKQXR5,EMS,Respiratory emergency,19428,Plymouth,CARDINAL DR & SCARLET DR,1,49ade2fc
TKQXSB,EMS,Medical alert alarm,19438,Franconia,MAPLEWOOD DR & CRESCENT CIR,1,369802ce
TKQY2D,Fire,Carbon monoxide detector,19046,Rockledge,SYLVANIA AVE & VALLEY ST,1,c084f913
TKQY3O,EMS,Hemorrhaging,19468,Upper Providence,BLACK ROCK RD & S TRAPPE RD,1,4b93cc73
TKQY4H,EMS,Subject in pain,19006,Abington,HUNTINGDON PIKE & JUGHANDLE,1,a7cd4c43
TKQY8U,Fire,Fire alarm,19096,Lower Merion,WYNNEWOOD RD & PENN RD,1,676645e9
TKQYAE,Fire,Trash/dumpster fire,19003,Lower Merion,WELLINGTON RD & MARLBORO RD,1,8fcc5b23
TKQYBT,Fire,Fire alarm,19027,Cheltenham,OLD YORK RD & MEETINGHOUSE RD,1,49c3d62a
TKQYPW,Traffic,Vehicle accident,19468,Limerick,S TOWNSHIP LINE RD & RAMP TOWNSHIP LINE RD TO RT422 EB,1,24c916a8
TKQYSC,Traffic,Vehicle accident,19464,Pottstown,KING ST & MANATAWNY ST,1,b85205b1
TKQYTT,EMS,Fall victim,19446,Towamencin,ALLENTOWN RD & WOODLAWN DR,1,03914dd4
TKQZG5,EMS,EMS special service,19473,Skippack,BRIDGE RD & SERENDIPITY WAY,1,fbb10717
TKR0DR,EMS,Unconscious subject,19464,Pottstown,KING ST & MANATAWNY ST,1,18f89577
TKR0EI,Traffic,Disabled vehicle,19004,Lower Merion,ST ASAPHS RD & BELMONT AVE,1,df92eca4
TKR0MA,EMS,CVA/stroke,19002,Ambler,OVERLOOK RD & ARTMAN RD,1,abbe3891
TKR0TF,EMS,Fall victim,19001,Abington,OSBOURNE AVE & GALLOWAY AVE,1,36dc7afc
TKR10K,EMS,Diabetic emergency,19464,Pottstown,WARREN ST & GRACE ST,1,a0bb0ff5
TKR14G,EMS,Subject in pain,19462,Plymouth,FOUNTAIN RD & HICKORY RD,1,1c9f70c8
TKR18Z,EMS,Head injury,19405,Bridgeport,FORD ST & UNION AVE,1,db8189fe
TKR1DS,EMS,Seizures,19401,Norristown,MARKLEY ST & LINCOLN AVE,1,7ed10f1d
TKR1MO,EMS,Lacerations,19426,Upper Providence,COLLEGEVILLE RD & ARCOLA RD,1,ec01d34d
TKR1OG,EMS,CVA/stroke,19035,Lower Merion,WAVERLY RD & YOUNGS FORD RD,1,4294535c
TKR1TB,EMS,Cardiac emergency,19046,Abington,PHEASANT RD & DIXON LN,1,8be2883d
TKR1WP,EMS,Fall victim,19403,Lower Providence,SHANNONDELL DR & SHANNONDELL BLVD,1,bf23b4a7
TKR28L,EMS,Diabetic emergency,19464,Pottstown,CLEARVIEW ST & W 8TH ST,1,0661b7bd
TKR29E,EMS,Fall victim,19040,Upper Moreland,NEWINGTON DR & TOPSFIELD RD,1,640feb8f
TKR2C4,EMS,Animal bite,19454,Montgomery,HIDDEN SPRINGS LN & STREAM VIEW DR,1,869b07c2
TKR2EB,EMS,CVA/stroke,19401,Norristown,CEDAR LN & NEW HOPE ST,1,8e21a17a
TKR2JF,EMS,Subject in pain,19464,Pottstown,HANOVER ST & E 4TH ST,1,8f74292c
TKR2N0,Fire,Fire alarm,19401,Norristown,MAIN ST & KNOX ST,1,697d9c62
TKR2PI,EMS,Head injury,19010,Delaware County,CHESWICK RD & STRATHMORE RD,1,51bc8a9f
TKR2WI,EMS,Seizures,19010,Lower Merion,REES AVE & THOMAS AVE,1,47a74782
TKR2YZ,EMS,Unresponsive subject,19046,Abington,THE FAIRWAY  & RYDAL RD,1,efbf8101
TKR333,Traffic,Disabled vehicle,19004,Lower Merion,ST ASAPHS RD & BELMONT AVE,1,ae993f24
TKR35K,Fire,S/B at helicopter landing,19454,Montgomery,HIDDEN SPRINGS LN & STREAM VIEW DR,1,84f2d353
TKR3CU,Fire,Gas-odor/leak,19468,Limerick,DEER RUN CT & DOE CT,1,487c405f
TKR3F3,Fire,Carbon monoxide detector,19401,Norristown,LINWOOD AVE & FORNANCE ALY,1,d052ae4c
TKR3VW,EMS,General weakness,19468,Royersford,4TH AVE & CHURCH ST,1,06ce9cc1
TKR3Y8,EMS,Allergic reaction,19428,Conshohocken,6TH AVE & MAPLE ST,1,85906f3f
TKR4FN,Traffic,Disabled vehicle,19403,West Norriton,WHITEHALL RD & CARSON DR,1,1ced020a
TKR4S7,Fire,Fire alarm,19464,Pottstown,BEECH ST & LOCUST ALY,1,002b284d
TKR51M,Traffic,Vehicle accident,19401,Norristown,NOBLE ST & W AIRY ST,1,94e60fb2
TKR5O2,Traffic,Vehicle accident,19401,Norristown,FRANKLIN ALY & W MARSHALL ST,1,973c9657
TKR5TR,Traffic,Vehicle accident,19001,Abington,OLD YORK RD & SUSQUEHANNA RD,1,695ff9d6
TKR5VT,EMS,Vehicle accident,19001,Abington,OLD YORK RD,1,44be769f
TKR5XR,Fire,Vehicle accident,19001,Abington,OLD YORK RD,1,63d1c1cc
TKR6IG,EMS,Syncopal episode,19473,Lower Frederick,SPRING MOUNT RD & PERKIOMEN AVE,1,1b0c3a80
TKR7EX,EMS,Fall victim,19401,Norristown,COOKE LN & CEDAR LN,1,6eca3b64
TKR7UZ,EMS,Cardiac emergency,18976,Bucks County,TABATHA DR & DEAD END,1,8cb4209d
TKR88N,EMS,Head injury,19446,Lansdale,BROAD ST & E 6TH ST,1,a1408fd0
TKR8CD,Traffic,Disabled vehicle,19468,Limerick,STATION AVE & MAIN ST,1,a9851557
TKR8V9,EMS,Cardiac emergency,19406,Upper Merion,CAMBRIDGE RD & REDWOOD RD,1,f51fe236
TKR9SE,EMS,Medical alert alarm,19403,West Norriton,MARSHALL ST & N MONTGOMERY AVE,1,02c84ce5
TKRAH2,EMS,Fall victim,19468,Limerick,MUIRFIELD DR & SPRING HAVEN CIR,1,dcbc85aa
TKRAML,EMS,Assault victim,19401,Norristown,POWELL ST & E FORNANCE ST,1,e29ae782
TKRAPD,EMS,Head injury,19403,Lower Providence,SHANNONDELL DR & SHANNONDELL BLVD,1,b7943344
TKRB6X,EMS,Unknown medical emergency,19464,Upper Pottsgrove,STEINMETZ RD & FARMINGTON AVE,1,0dc942ab
TKRCSU,EMS,Subject in pain,19090,Upper Moreland,EASTON RD & BARRETT RD,1,bffa86c5
TKRD1X,Fire,Fire alarm,19446,Upper Gwynedd,ROSEMONT AVE & WHITES RD,1,171d3a1d
TKRDD9,Traffic,Road obstruction,19464,West Pottsgrove,MANATAWNY ST & GROSSTOWN RD,1,77c0b064
TKREJZ,EMS,Cardiac arrest,18041,East Greenville,VALLEY RD & COLONIAL DR,1,08ee16af
TKRENT,Fire,Cardiac arrest,18041,East Greenville,VALLEY RD & COLONIAL DR,1,12337bc9
TKRF5I,EMS,Fall victim,19046,Jenkintown,LEEDOM ST & CHERRY ST,1,1d3607ab
TKRFNK,EMS,Medical alert alarm,19040,Hatboro,MORELAND AVE & S YORK RD,1,36d5c756
TKRG8K,Fire,Fire alarm,19010,Lower Merion,ORCHARD WAY & AIRDALE RD,1,2d8f1ab7
TKRGFV,EMS,Unknown medical emergency,19464,Lower Pottsgrove,EVERGREEN RD & W LIGHTCAP RD,1,552a406d
TKRHJY,EMS,Respiratory emergency,19446,Towamencin,MULBERRY CT & MORGANDALE DR,1,dd407e63
TKRI2N,EMS,Seizures,19464,Lower Pottsgrove,EVERGREEN RD & W LIGHTCAP RD,1,50b0dbec
TKRI5F,EMS,Cardiac emergency,19464,Lower Pottsgrove,WHITE PINE LN & N CHARLOTTE ST,1,76640fce
TKRIG8,Fire,Fire alarm,19046,Abington,OLD YORK RD & E TOWNSHIP LINE RD,1,1d32db83
TKRIHK,EMS,Cardiac emergency,19046,Abington,THE FAIRWAY  & RYDAL RD,1,79222577
TKRIIK,EMS,Cardiac emergency,19401,Norristown,LOCUST ST & DOGWOOD DR,1,3ced987c
TKRIT0,EMS,Diabetic emergency,19401,East Norriton,GERMANTOWN PIKE & MILL RD,1,18646c52
TKRJ6D,EMS,Fall victim,19403,Lower Providence,SHANNONDELL DR & SHANNONDELL BLVD,1,dc471811
TKRJLR,EMS,Fall victim,19401,East Norriton,VALLEYVIEW CIR & VALLEYVIEW RD,1,01f96790
TKRKJF,EMS,Subject in pain,19003,Lower Merion,ELM AVE & SHELDON LN,1,cb245a06
TKRL9D,Fire,Fire alarm,19046,Abington,OLD YORK RD & E TOWNSHIP LINE RD,1,3db46bc1
TKRLBA,Fire,Building fire,19440,Hatfield Township,CAMBRIDGE CIR & WELLINGTON WAY,1,f3a1a0d1
TKRLGG,EMS,Assault victim,19401,Norristown,BEECH ST & NOBLE ST,1,96c8c1e6
TKRLQM,EMS,Overdose,19426,Collegeville,E 9TH AVE,1,b5b0f316
TKRN3W,EMS,Head injury,19444,Whitemarsh,RIDGE PIKE & BARREN HILL RD,1,6d47cf0e
TKRNA5,EMS,Unknown medical emergency,19401,Norristown,MAIN ST & BARBADOES ST,1,3b870695
TKRO9S,Fire,Carbon monoxide detector,19096,Lower Merion,CLOVER HILL RD & PARKVIEW DR,1,53960928
TKRODC,EMS,Nausea/vomiting,19096,Lower Merion,ARGYLE RD & E ATHENS AVE,1,a2d2b694
TKROGU,EMS,Maternity,19464,Pottstown,MANATAWNY ST & BEECH ST,1,28c07b9d
TKRPJL,EMS,Respiratory emergency,18964,Souderton,HUNSBERGER LN & MADISON AVE,1,6ecb7ed7
TKRPKL,EMS,Subject in pain,19010,Lower Merion,WOODLEAVE RD & GREAT SPRINGS RD,1,be401d32
TKRQAD,EMS,Unknown medical emergency,19464,Pottstown,HIGH ST & S WASHINGTON ST,1,fa61d081
TKRQPJ,EMS,Unconscious subject,19090,Upper Moreland,EVANS AVE & N YORK RD,1,01440b8b
TKRQQQ,EMS,Hemorrhaging,19001,Abington,WOODLAND RD & ST CHARLES PL,1,542beee0
TKRQQS,Traffic,Disabled vehicle,19440,Hatfield Township,RICHMOND RD & UNIONVILLE PIKE,1,b365f122
TKRR4Z,EMS,Respiratory emergency,19090,Upper Moreland,EASTON RD & GILPIN RD,1,75ed4c59
TKRRCY,Traffic,Vehicle accident,19403,East Norriton,GERMANTOWN PIKE & EINSTEIN WAY,1,58938b2e
TKRRH8,Fire,Fire alarm,19454,Montgomery,AVONDALE DR & HERITAGE DR,1,2cafc054
TKRRM9,EMS,Back pains/injury,19446,Lansdale,POPLAR ST & EDGEMONT AVE,1,5f1318d8
TKRRTV,Fire,Vehicle accident,19403,East Norriton,GERMANTOWN PIKE & EINSTEIN WAY,1,4ddecc28
TKRSDD,Traffic,Disabled vehicle,19440,Hatfield Township,RICHMOND RD & UNIONVILLE PIKE,1,6832d99e
TKRTJA,Fire,Electrical fire outside,19031,Whitemarsh,W MILL RD,1,cca94569
TKRTJI,Traffic,Disabled vehicle,19002,Upper Dublin,NORRISTOWN RD & PENNS LN,1,2ac5819e
TKRU30,Fire,Gas-odor/leak,19464,West Pottsgrove,GLASGOW ST & RICE ST,1,d7f7751a
TKRU6Y,EMS,Head injury,19090,Upper Moreland,YORK RD & LAKEVUE DR,1,7769be98
TKRVHD,EMS,Unconscious subject,19150,Cheltenham,CHELTENHAM AVE & 79TH AVE,1,cbdcc719
TKRVJR,EMS,Medical alert alarm,19465,Chester County,HANOVER ST & SCHUYLKILL AVE,1,82a1c5cc
TKRVMR,Traffic,Vehicle accident,19027,Cheltenham,TOWNSHIP LINE RD & MEETINGHOUSE RD,1,e5a1bde5
TKRVRF,EMS,Diabetic emergency,19446,Lansdale,6TH ST & RIDGE ST,1,e814a608
TKRX6S,Traffic,Vehicle accident,19090,Upper Moreland,W MORELAND RD & PARK AVE,1,563fc51c
TKRX7E,EMS,Vehicle accident,19090,Upper Moreland,W MORELAND RD,1,c27d109b
TKRX94,Traffic,Vehicle accident,19090,Upper Moreland,W MORELAND RD & PARK AVE,1,5bdbb5d2
TKRXMP,Traffic,Vehicle accident,19040,Hatboro,LINCOLN AVE & TERRACE AVE,1,6e93ed94
TKRY6C,Traffic,Vehicle accident,19027,Cheltenham,CHURCH RD & HAWTHORNE LN,1,97befd19
TKRY7N,Traffic,Vehicle accident,19038,Abington,EASTON RD & FLOREY LN,1,f61dd0a9
TKRYFO,EMS,Unconscious subject,19401,East Norriton,NEW HOPE ST & SAW MILL CT,1,28202c04
TKRYJ6,Traffic,Vehicle accident,18974,Horsham,W COUNTY LINE RD & NORRISTOWN RD,1,0b3314ad
TKRYJ6-1,Traffic,Vehicle accident,19040,Horsham,COUNTY LINE RD & HENRY AVE,1,da886c42
TKRYXU,EMS,Medical alert alarm,19040,Horsham,MIMOSA LN & CRAB APPLE LN,1,46a20409
TKRYZQ,Traffic,Vehicle accident,19422,Whitpain,SKIPPACK PIKE & WENTZ RD,1,96fda073
TKRZ1L,Traffic,Vehicle accident,19468,Limerick,RT422  & RAMP EVERGREEN RD TO RT422 EB,1,69044362
TKRZ6G,EMS,Diabetic emergency,19446,Lansdale,PERKIOMEN AVE & S MITCHELL AVE,1,8966f226
TKRZOX,EMS,Subject in pain,19003,Lower Merion,ARDMORE AVE & SCHOOL LN,1,2463a4e8
TKS04G,Traffic,Vehicle accident,19401,Norristown,W MAIN ST & CHERRY ST,1,4d390322
TKS0H5,Traffic,Disabled vehicle,19428,Conshohocken,HECTOR ST & JONES ST,1,526bafed
TKS0LM,Fire,Fire alarm,19464,Pottstown,HIGH ST & S FRANKLIN ST,1,36fc80e4
TKS1BH,Fire,Fire alarm,19006,Lower Moreland,RED LION RD & DALE RD,1,55b77c52
TKS1KD,EMS,Abdominal pains,19403,Lower Providence,MIDLAND AVE & 3RD ST,1,1e8dcfb4
TKS1Z5,EMS,Cardiac emergency,19426,Skippack,CRESSMAN RD & MOKYCHIC RD,1,03d20c8b
TKS215,EMS,Altered mental status,19401,East Norriton,DEKALB PIKE & W GERMANTOWN PIKE,1,7e261176
TKS21U,EMS,Nausea/vomiting,19095,Cheltenham,FERNBROOK AVE & MAPLE AVE,1,991f8890
TKS23I,EMS,Cardiac emergency,19401,Norristown,SANDY ST & TREMONT AVE,1,0bbcba7b
TKS25I,EMS,Fall victim,19446,Towamencin,DOCK DR & DETWILER RD,1,ca635a97
TKS2ET,EMS,Abdominal pains,19150,Springfield,IVY HILL RD & BAYARD ST,1,ef57310d
TKS2K9,EMS,Respiratory emergency,19464,West Pottsgrove,HOWARD ST & QUINTER ST,1,8b9f65a0
TKS2KX,Traffic,Vehicle accident,19046,Abington,JENKINTOWN RD & HIGHLAND AVE,1,00cb17d3
TKS2US,EMS,Respiratory emergency,19446,Worcester,WEBER RD & CURTIS LN,1,3f0a5cd6
TKS3H7,Fire,Fire alarm,19401,Norristown,ARCH ST & HAYDEN ALY,1,4c2c24b4
TKS3I4,Traffic,Vehicle accident,19027,Cheltenham,OLD YORK RD & E TOWNSHIP LINE RD,1,f6c43ce5
TKS3MR,EMS,Medical alert alarm,18054,Marlborough,REIHMAN RD & MCLEAN STATION RD,1,6e3c43b3
TKS47Q,Fire,Fire alarm,19401,Plymouth,NORTHVIEW BLVD & WALNUT LN,1,a796a544
TKS4GT,EMS,Abdominal pains,19464,Pottstown,HIGH ST & S FRANKLIN ST,1,b16f394d
TKS4JH,Fire,Fire alarm,19046,Jenkintown,YORK RD & GREENWOOD AVE,1,2bc518fb
TKS4UM,Traffic,Disabled vehicle,19438,Lower Salford,HARLEYSVILLE PIKE & MONTGOMERY DR,1,3f820a13
TKS4X7,Fire,Fire alarm,19046,Jenkintown,WEST AVE & CEDAR ST,1,950b3eab
TKS53W,EMS,Subject in pain,18964,Franconia,BENTLEY WAY & HIDDEN SPRINGS DR,1,d31298b7
TKS549,Traffic,Vehicle accident,19401,Norristown,GREEN ST & E ELM ST,1,0688d220
TKS598,EMS,Unknown medical emergency,19001,Abington,BIRCHWOOD AVE & WOODLAND RD,1,c7db8fff
TKS5AV,EMS,Cardiac emergency,19403,East Norriton,GERMANTOWN PIKE & BRIDLE PATH RD,1,66672cd6
TKS5C0,EMS,Syncopal episode,19044,Horsham,WITMER RD & DRESHER RD,1,1cfc8f6e
TKS5F1,EMS,Overdose,19034,Upper Dublin,FORT WASHINGTON AVE & HAWTHORNE LN,1,118d7b77
TKS5J3,Traffic,Vehicle accident,19038,Abington,JENKINTOWN RD & HAMEL AVE,1,6900a830
TKS5MB,EMS,Seizures,19454,Whitemarsh,LAFAYETTE AVE & WISSAHICKON GREEN RIBBON TRL,1,74375576
TKS5OD,Traffic,Disabled vehicle,19095,Cheltenham,W CHURCH RD & WASHINGTON LN,1,f606976f
TKS5PU,EMS,Fall victim,19438,Lower Salford,MAIN ST & OLD SUMNEYTOWN PIKE,1,399f8af3
TKS5Y8,EMS,Overdose,19464,Pottstown,HIGH ST & S MT VERNON ST,1,660925c9
TKS612,EMS,Unknown medical emergency,19401,Norristown,AIRY ST & HIGH ALY,1,b82b1592
TKS627,EMS,Medical alert alarm,19040,Hatboro,PENN ST & E MORELAND AVE,1,b4e77214
TKS6K9,EMS,Unknown medical emergency,19428,Conshohocken,3RD AVE & FAYETTE ST,1,8aa46acd
TKS710,Traffic,Vehicle accident,19468,Limerick,LONGVIEW RD & CHURCH RD,1,491a21ea
TKS7LU,EMS,Nausea/vomiting,19464,West Pottsgrove,HOLLY DR & DOGWOOD LN,1,b5b7490f
TKS7V7,Traffic,Vehicle accident,19095,Cheltenham,CHELTENHAM AVE & VERNON RD,1,e4941d15
TKS886,EMS,Abdominal pains,19446,Lansdale,3RD ST & RIDGE ST,1,d53be916
TKS8M8,EMS,Dehydration,19446,Lansdale,LANSDALE AVE & E 7TH ST,1,a7893810
TKS93I,EMS,Head injury,19040,Upper Moreland,DAVISVILLE RD & PENNYPACK RD,1,5bee941c
TKS95O,EMS,Medical alert alarm,19027,Cheltenham,VALLEY RD & CREST AVE,1,ca220294
TKS98X,EMS,Seizures,19464,Pottstown,HIGH ST & S FRANKLIN ST,1,f1c3f6f1
TKS9DJ,EMS,Respiratory emergency,19038,Abington,ROSLYN AVE & ROSEMORE AVE,1,5d60187e
TKS9M8,EMS,Respiratory emergency,19401,Norristown,SWEDE ST & E JACOBY ST,1,eebcf76d
TKS9MT,EMS,Respiratory emergency,19403,West Norriton,WAYNE DR & SHEPHERD LN,1,5eda48c8
TKSA6B,Fire,Fire alarm,19401,Norristown,LAFAYETTE ST & SWEDE ST,1,6bac6baa
TKSAFE,EMS,Cardiac emergency,19454,Montgomery,BRAXTON CT & INDEPENDENCE DR,1,d5d33e32
TKSAV8,EMS,Overdose,19403,Lower Providence,EAGLEVILLE RD & SUNDERLAND DR,1,766f19b2
TKSB1P,EMS,Altered mental status,19001,Abington,LINDBERGH AVE & PATANE AVE,1,6cf058de
TKSB7T,EMS,Fall victim,19001,Abington,FERNDALE AVE & ROY AVE,1,03106b4c
TKSBA2,Traffic,Disabled vehicle,19454,Montgomery,HORSHAM RD & MONTGOMERY GLEN DR,1,65ee16f1
TKSBNV,Fire,Fire alarm,19406,Upper Merion,DREW CT & E CHURCH RD,1,844f6377
TKSBQI,EMS,Medical alert alarm,19403,Lower Providence,SHANNONDELL DR & SHANNONDELL BLVD,1,1363b563
TKSBZ1,EMS,Subject in pain,19426,Upper Providence,TROUTMAN RD & ASHENFELTER RD,1,5529ed25
TKSC4T,EMS,Fall victim,19444,Springfield,EAGLE VIEW DR & MANOR RD,1,1e6d742d
TKSC5D,Fire,Fire special service,19444,Springfield,EAGLE VIEW DR & MANOR RD,1,4a7f00e1
TKSC6J,EMS,Head injury,19426,Skippack,BUTTERCUP CIR & CRESTVIEW BLVD,1,d5d5d50d
TKSC7B,EMS,Fall victim,19464,West Pottsgrove,GLASGOW ST & QUINTER ST,1,fa4df016
TKSC86,EMS,Subject in pain,19027,Cheltenham,BARCLAY RD & LANFAIR RD,1,a86d92e4
TKSCD5,EMS,Cardiac emergency,19090,Upper Moreland,COMMERCE AVE & MARYLAND RD,1,333d0521
TKSCOI,Fire,Gas-odor/leak,19096,Lower Merion,LANCASTER AVE & W OLD WYNNEWOOD RD,1,b683cc02
TKSCPW,Traffic,Disabled vehicle,19464,Pottstown,RT100 NB & SHOEMAKER RD,1,0bcfaa49
TKSCQ0,EMS,Lacerations,19422,Whitpain,SYLVAN DR & LAFAYETTE WAY,1,58ee5a9d
TKSCSQ,EMS,Cardiac emergency,19446,Towamencin,WELLINGTON TER & OBERLIN TER,1,b96e28e8
TKSCUI,EMS,Fall victim,19464,Lower Pottsgrove,VALLEY RD & BUCHERT RD,1,930cc473
TKSD39,EMS,Respiratory emergency,19046,Abington,SUSQUEHANNA RD & HUNTINGDON RD,1,869600e0
TKSD3P,Traffic,Vehicle accident,19095,Cheltenham,WASHINGTON LN & CHELTENHAM AVE,1,94bd4dfd
TKSDBT,EMS,Diabetic emergency,19002,Upper Dublin,NORRISTOWN RD & N LIMEKILN PIKE,1,21bb1a2c
TKSDCL,Traffic,Vehicle accident,19401,Norristown,MAIN ST & PEARL ST,1,71b91002
TKSDV5,EMS,Fall victim,19403,West Norriton,EGYPT RD & HESTON AVE,1,59fa3b5f
TKSDZJ,Traffic,Vehicle accident,19512,Douglass,E PHILADELPHIA AVE & MONTGOMERY AVE,1,1296ef9d
TKSE90,Traffic,Vehicle accident,19428,Plymouth,RIDGE PIKE & INDUSTRIAL WAY,1,e14c2b55
TKSEEM,EMS,Seizures,19044,Horsham,HORSHAM RD & WALNUT AVE,1,0f662b0c
TKSEHU,EMS,Cardiac emergency,19150,Springfield,IVY HILL RD & BAYARD ST,1,ea76c5e6
TKSEXL,Fire,Fire alarm,19464,Pottstown,BEECH ST & THOMAS ST,1,1e7b6dc4
TKSF17,Traffic,Vehicle accident,19454,Montgomery,BETHLEHEM PIKE & PARK DR,1,4870b476
TKSFD6,EMS,Fall victim,19095,Cheltenham,W CHURCH RD,1,d01ffbab
TKSFFO,Traffic,Vehicle accident,19406,Upper Merion,VALLEY FORGE CIR & OLD VALLEY FORGE RD,1,28c8ad93
TKSFGF,EMS,Seizures,19090,Upper Moreland,FITZWATERTOWN RD & BARTRAM RD,1,c57760c8
TKSFNC,EMS,Vehicle accident,19095,Cheltenham,W CHURCH RD,1,e588a393
TKSFNC-1,Traffic,Vehicle accident,19038,Cheltenham,W CHURCH RD & WILLOW GROVE AVE,1,619e79a5
TKSFO4,EMS,General weakness,19006,Lower Moreland,CARSON TER & WELSH RD,1,454e4d5e
TKSGK1,Traffic,Vehicle accident,19003,Lower Merion,LANCASTER AVE & CRICKET AVE,1,78800abb
TKSGQ3,Fire,Woods/field fire,19072,Narberth,WOODBINE AVE & IONA AVE,1,53f6c7e1
TKSGR8,Fire,Trash/dumpster fire,19403,Lower Providence,RIDGE PIKE & EAGLE STREAM DR,1,db766941
TKSGY1,Fire,Trash/dumpster fire,18974,Horsham,COUNTY LINE RD & NORRISTOWN RD,1,5d5e13d4
TKSH7P,Traffic,Vehicle accident,19012,Cheltenham,CENTRAL AVE & BEECHER AVE,1,7ee3f06e
TKSHAR,Traffic,Vehicle accident,19465,Chester County,E SCHUYLKILL RD & S KEIM ST,1,261392c1
TKSHB0,EMS,Vehicle accident,19002,Horsham,TENNIS AVE,1,3e4907c3
TKSHBP,Traffic,Vehicle accident,19002,Horsham,TENNIS AVE & LIMEKILN PIKE,1,1f88e6d6
TKSHEH,EMS,Head injury,19010,Lower Merion,LANCASTER AVE & PROSPECT AVE,1,42493764
TKSHL0,Fire,Vehicle accident,19038,Horsham,TENNIS AVE,1,02291cab
TKSHOT,EMS,Cardiac emergency,19446,Towamencin,DOCK DR & WOODS DR,1,aeef55dd
TKSHQK,EMS,Heat exhaustion,19468,Limerick,LIGHTCAP RD & SANATOGA SPRINGS DR,1,5b731f06
TKSHS8,Traffic,Road obstruction,19095,Cheltenham,WASHINGTON LN & ASHBOURNE RD,1,b5a327dd
TKSHW2,Traffic,Vehicle accident,19090,Upper Dublin,WELSH RD & BARTRAM RD,1,7ef056f8
TKSHW7,Fire,Fire alarm,19438,Lower Salford,MAIN ST & OLD SUMNEYTOWN PIKE,1,a62be838
TKSHY0,EMS,CVA/stroke,19002,Lower Gwynedd,PENLLYN PIKE & FOXFIELD RD,1,39d422f7
TKSI6B,EMS,Heat exhaustion,19428,Plymouth,RIDGE PIKE & BUTLER PIKE,1,986377b0
TKSIF1,EMS,Heat exhaustion,19426,Worcester,KRIEBEL MILL RD & GERMANTOWN PIKE,1,ca9ae2e1
TKSIKF,Traffic,Vehicle accident,18074,Upper Frederick,BIG RD & PERKIOMENVILLE RD,1,446df214
TKSIOO,EMS,Heat exhaustion,18969,Salford,MEADOW LN & RED BARN LN,1,bfa822f3
TKSIQX,Fire,Unknown type fire,19038,Springfield,WAINWRIGHT RD,1,149ee106
TKSIQX-1,Fire,Unknown type fire,19038,Springfield,WAINWRIGHT RD & FARRELL RD,1,c4431886
TKSIWM,Traffic,Vehicle accident,18074,Upper Frederick,BIG RD & PERKIOMENVILLE RD,1,b6440dd3
TKSIWU,Traffic,Vehicle accident,19006,Lower Moreland,COUNTY LINE RD & RAMAGE RUN,1,f64bb894
TKSJ10,Traffic,Vehicle accident,19426,Lower Providence,RIDGE PIKE & LEVEL RD,1,643875a3
TKSJ15,EMS,Vehicle accident,19426,Lower Providence,RIDGE PIKE & LEVEL RD,1,bde70ecc
TKSJ2W,Traffic,Vehicle accident,19027,Cheltenham,E CHURCH RD & CEDAR RD,1,b54eec74
TKSJ37,EMS,Syncopal episode,19446,Towamencin,ANDERS RD & HILLSIDE AVE,1,3619fa08
TKSJ4L,EMS,Fall victim,19012,Cheltenham,CAMBERLEY RD & LINDLEY RD,1,fb3ef676
TKSJ8W,EMS,Cardiac emergency,19464,Pottstown,HIGH ST & S WASHINGTON ST,1,40cfdb1b
TKSJ9H,Traffic,Vehicle accident,19454,Montgomery,UPPER STATE RD & BETHLEHEM PIKE,1,f4d6a557
TKSJI0,Traffic,Vehicle accident,19465,Chester County,S HANOVER ST & RIVER RD,1,91da326f
TKSJY7,Traffic,Vehicle accident,19001,Abington,OLD YORK RD & KEITH RD,1,62b009a3
TKSK3U,Fire,Fire alarm,19010,Lower Merion,WAVERLY RD & MORRIS AVE,1,ff2967cf
TKSK5Z,Traffic,Vehicle accident,19001,Abington,OLD WELSH RD & ROCKWELL RD,1,6bd21679
TKSK5Z-1,Traffic,Vehicle accident,19001,Abington,OLD YORK RD & ROCKWELL RD,1,e180863d
TKSK6S,Fire,Building fire,19027,Abington,GLEN WAY & VALLEY GLEN RD,1,8382c6af
TKSK97,Fire,Woods/field fire,19464,Lower Pottsgrove,MEDICAL DR & ARMAND HAMMER BLVD,1,d204465a
TKSKDS,Traffic,Vehicle accident,19038,Abington,EASTON RD & OAKDALE AVE,1,287867e1
TKSKK6,Traffic,Disabled vehicle,18073,Marlborough,UPPER RIDGE RD & ZIEGLER RD,1,c1115495
TKSKO9,EMS,Cardiac emergency,19128,Springfield,RIDGE PIKE & NORTHWESTERN AVE,1,fdbd372a
TKSKRF,Traffic,Vehicle accident,19468,Limerick,KUGLER RD & W RIDGE PIKE,1,e7b8015b
TKSKZN,EMS,Medical alert alarm,19438,Lower Salford,OAK DR & MAPLE AVE,1,b2b1f689
TKSL4I,EMS,Cardiac emergency,19010,Lower Merion,MIDDLE RD & PASTURE LN,1,8dd93817
TKSL7D,Traffic,Disabled vehicle,19095,Cheltenham,W CHURCH RD & RICES MILL RD,1,8ea314d3
TKSLAO,Traffic,Disabled vehicle,19446,Hatfield Township,BROAD ST & COWPATH RD,1,154478ed
TKSLBE,Traffic,Disabled vehicle,19401,Norristown,DEKALB ST & E MAIN ST,1,af6c3f32
TKSLCC,EMS,Unconscious subject,19454,Montgomery,JONATHAN DR & WINDSOR CIR,1,bcaee4e8
TKSLH0,Traffic,Vehicle accident,19525,Douglass,PHILADELPHIA AVE & WILLIAMS WAY,1,82e3ce5f
TKSLKR,Traffic,Vehicle accident,19004,Lower Merion,BELMONT AVE & ST ASAPHS RD,1,3d8635a2
TKSLNI,Traffic,Hazardous road conditions,19438,Lower Salford,CRESSMAN RD & SHADY NOOK RD,1,1658bb17
TKSLO8,EMS,Altered mental status,19426,Perkiomen,MAPLE AVE & GLENNVIEW LN,1,9eeedbd1
TKSLW5,Traffic,Vehicle accident,19118,Springfield,E GRAVERS LN & STENTON AVE,1,c6af35f3
TKSLZO,EMS,Vehicle accident,19038,Springfield,E GRAVERS LN,1,89810ceb
TKSM7O,Traffic,Road obstruction,19038,Springfield,RORER ST & YEAKEL AVE,1,f812d18e
TKSMVV,Fire,Fire alarm,19438,Skippack,ASHLAND DR & COLEBROOK LN,1,fd0955dd
TKSN5R,Traffic,Vehicle accident,19403,Lower Providence,RIDGE PIKE & N PARK AVE,1,58963e5e
TKSN91,EMS,Fall victim,19006,Lower Moreland,WELSH RD & WALTON RD,1,df172634
TKSNCW,EMS,Syncopal episode,19454,Whitemarsh,LAFAYETTE AVE & WISSAHICKON GREEN RIBBON TRL,1,933214fd
TKSNEB,Traffic,Disabled vehicle,19454,Montgomery,BETHLEHEM PIKE & NORTH WALES RD,1,1d493ccc
TKSNL3,Traffic,Vehicle accident,19446,Upper Gwynedd,BROAD ST & WHITES RD,1,dcd3d5d3
TKSNMN,Traffic,Disabled vehicle,19003,Lower Merion,MONTGOMERY AVE & SCHOOL HOUSE LN,1,e38e475d
TKSNO9,Traffic,Vehicle accident,19027,Cheltenham,HIGH SCHOOL RD & E CHURCH RD,1,350d8624
TKSNOI,EMS,Subject in pain,19462,Plymouth,SANDY HILL RD & RIVERVIEW BLVD,1,8b286ee5
TKSNR5,Traffic,Disabled vehicle,19044,Upper Dublin,WELSH RD & NORRISTOWN RD,1,d304afd1
TKSNUV,Traffic,Disabled vehicle,19044,Upper Dublin,WELSH RD & NORRISTOWN RD,1,69105a47
TKSO7S,EMS,Dehydration,19401,Norristown,GREEN ST & E ELM ST,1,71d91e42
TKSONQ,Fire,Electrical fire outside,19426,Upper Providence,PLAZA DR & MARKET ST,1,f4887b1b
TKSOVL,EMS,Medical alert alarm,19438,Franconia,MAPLEWOOD DR & CRESCENT CIR,1,bbb1c0af
TKSOZ3,EMS,Unconscious subject,19401,East Norriton,DEKALB PIKE & COLONIAL DR,1,32b73dad
TKSP6S,EMS,Fracture,19038,Abington,PENN AVE & SPRUCE AVE,1,c273b5bc
TKSP9J,EMS,Vehicle accident,19002,Upper Dublin,PERRIN CT,1,8f9d68e0
TKSP9P,Traffic,Vehicle accident,19002,Upper Dublin,PERRIN CT & N SPRING HILL DR,1,879f7b1e
TKSPI1,Traffic,Vehicle accident,19438,Lower Salford,SALFORDVILLE RD & FREEMAN SCHOOL RD,1,4a006227
TKSPVV,Fire,Vehicle accident,19438,Lower Salford,SALFORDVILLE RD,1,6729e381
TKSPW0,EMS,Vehicle accident,19438,Lower Salford,SALFORDVILLE RD,1,946c2ea6
TKSQ3E,Traffic,Vehicle accident,19001,Abington,OLD YORK RD & HORACE AVE,1,be7f558c
TKSQ3E-1,Traffic,Vehicle accident,19001,Abington,OLD YORK RD & WOODLAND RD,1,43b38660
TKSQ6S,EMS,Nausea/vomiting,18074,Pottstown,SHOEMAKER RD & CONNECTING ROAD,1,8c5e1a4e
TKSQ83,Fire,Woods/field fire,19428,Plymouth,RIDGE PIKE & E MAIN ST,1,832b9171
TKSQGH,Traffic,Vehicle accident,19428,Conshohocken,9TH AVE & WELLS ST,1,3239c75d
TKSQJT,EMS,Syncopal episode,18070,Upper Hanover,GRAVEL PIKE & PALM HILL RD,1,c827dbd5
TKSQN7,EMS,Fall victim,19403,Lower Providence,TROOPER RD & W MAIN ST,1,9773a5b3
TKSQZI,EMS,Medical alert alarm,19406,Upper Merion,VALLEY FORGE CIR & OLD VALLEY FORGE RD,1,931d9966
TKSR0E,EMS,General weakness,19006,Lower Moreland,TWIN SILO LN & WARFIELD LN,1,21267f95
TKSR1R,EMS,Respiratory emergency,19401,East Norriton,SWEDE RD & EVERGREEN AVE,1,b049cf42
TKSR50,Traffic,Vehicle accident,19468,Limerick,LIGHTCAP RD & SANATOGA SPRINGS DR,1,8f4d643b
TKSRJU,Fire,Electrical fire outside,19462,Plymouth,PLYMOUTH RD,1,96ce965f
TKSROX,EMS,Respiratory emergency,19525,Douglass,PHILADELPHIA AVE & CONGO RD,1,70086bd7
TKSRPV,EMS,Overdose,19002,Lower Gwynedd,BETHLEHEM PIKE & SUMNEYTOWN PIKE,1,dbea532f
TKSRS2,Fire,Fire investigation,19406,Upper Merion,VALLEY FORGE CIR & OLD VALLEY FORGE RD,1,c783c9f9
TKSRTL,EMS,Fall victim,19004,Lower Merion,CITY AVE & N 47TH ST,1,237ab723
TKSSGC,Fire,Fire alarm,19046,Abington,BARROWDALE RD & DIXON LN,1,8f1b5c22
TKSSI0,Fire,Woods/field fire,19426,Upper Providence,PALMETTO DR,1,ea8c50e7
TKST0I,EMS,Respiratory emergency,19406,Upper Merion,VALLEY FORGE RD & GENERAL STEUBEN RD,1,02b508eb
TKST89,EMS,Head injury,19444,Whitemarsh,FOX HOUND DR & MARBLE HL,1,d96969f4
TKSTB8,EMS,Medical alert alarm,19405,Bridgeport,HURST ST & E 4TH ST,1,7b92c129
TKSTI6,Fire,Electrical fire outside,19462,Plymouth,PLYMOUTH RD & EAGLE DR,1,24fb4eed
TKSTOY,Fire,Fire investigation,19462,Whitemarsh,SCHOOL HOUSE LN & MEETINGHOUSE RD,1,cb745c29
TKSU47,EMS,Respiratory emergency,19006,Lower Moreland,HUNTINGDON PIKE & CALVIN RD,1,80c2c195
TKSU51,Traffic,Disabled vehicle,19446,Lansdale,W MAIN ST & N BROAD ST,1,3236a499
TKSU73,Traffic,Road obstruction,19025,Upper Dublin,LIMERICK LN & DUBLIN RD,1,f14b803a
TKSUBK,EMS,Altered mental status,19464,Lower Pottsgrove,CRESTWOOD DR & BUCHERT RD,1,3960725a
TKSUNJ,EMS,Fall victim,19468,Limerick,MUIRFIELD DR & SPRING HAVEN CIR,1,8ef4df5a
TKSUSG,EMS,Altered mental status,19406,Upper Merion,ASHTON DR & WEEPING WILLOW LN,1,825f5f17
TKSUUJ,Fire,Fire alarm,19403,West Norriton,PATRIOTS LN & RIVERVIEW BLVD,1,25f1acdd
TKSUVZ,Traffic,Disabled vehicle,19454,Horsham,HORSHAM RD & LOWER STATE RD,1,9dbd3a67
TKSUWR,Traffic,Disabled vehicle,19401,Plymouth,E GERMANTOWN PIKE & ARCH RD,1,fa3603da
TKSV4C,EMS,Nausea/vomiting,19464,Pottstown,ROWAN ALY & N CHARLOTTE ST,1,f6724b61
TKSV76,Traffic,Disabled vehicle,19002,Upper Dublin,E BUTLER PIKE & SUSQUEHANNA RD,1,72f9f592
TKSVBD,Traffic,Disabled vehicle,19002,Upper Dublin,SUSQUEHANNA RD & E BUTLER PIKE,1,04acdd7a
TKSVFX,Traffic,Vehicle accident,19027,Cheltenham,OLD YORK RD & LATHAM PKWY,1,f91d4b91
TKSVFX-1,Traffic,Vehicle accident,19027,Cheltenham,OLD YORK RD & WILLOW AVE,1,bb69d16b
TKSVK0,EMS,CVA/stroke,19428,Conshohocken,FAYETTE ST & E 4TH AVE,1,5000ac3a
TKSVOM,Fire,Building fire,19473,Skippack,SKIPPACK PIKE & CRESSMAN RD,1,9d47db2b
TKSW4T,Fire,Trash/dumpster fire,19002,Upper Dublin,AIDENN LAIR RD & LEXINGTON DR,1,a826805a
TKSW8K,EMS,Respiratory emergency,19406,Upper Merion,JEAN DR & SUSAN DR,1,22ebc6d3
TKSWI0,EMS,Medical alert alarm,19403,Lower Providence,SHANNONDELL DR & SHANNONDELL BLVD,1,c6cc84fa
TKSWXN,Fire,Carbon monoxide detector,19096,Lower Merion,CHERRY LN & LOVES LN,1,777e80b7
TKSX4Z,Fire,Fire alarm,19002,Lower Gwynedd,FLORENCE DR & GWYNEDD VALLEY DR,1,68491716
TKSXKN,EMS,Seizures,19512,Berks County,WINDING RD & LOCUST DR,1,c12a6675
TKSXQ3,EMS,Assault victim,19473,Limerick,ASHFORD WAY & JESSICA CIR,1,269d7aa6
TKSXXN,Fire,Woods/field fire,19002,Ambler,E BUTLER AVE,1,34ff30fc
TKSXXN-1,Fire,Woods/field fire,19002,Ambler,BUTLER AVE & ROSEMONT AVE,1,7219084a
TKSYBG,Fire,Trash/dumpster fire,19006,Lower Moreland,HALLOWELL RD,1,a7e96f7f
TKSYBG-1,Fire,Trash/dumpster fire,19006,Lower Moreland,HALLOWELL RD & MANSION DR,1,5b78b4a4
TKSYNV,Traffic,Disabled vehicle,19131,Lower Merion,E CITY AVE & MONUMENT RD,1,1cb303d1
TKSZB4,Fire,Fire alarm,19446,Montgomery,COWPATH RD & MORGAN ST,1,93deb774
TKSZG2,EMS,Fall victim,19438,Lower Salford,MAIN ST & MAPLE AVE,1,3508e880
TKSZGY,Fire,Electrical fire outside,19006,Upper Moreland,HUNTINGDON RD,1,95a686c9
TKSZMB,EMS,Hemorrhaging,19003,Lower Merion,CRICKET AVE & CRICKET TER,1,818c97d5
TKSZPF,EMS,Nausea/vomiting,19090,Upper Moreland,FITZWATERTOWN RD & BARTRAM RD,1,5c22f525
TKSZWS,EMS,Head injury,19401,Norristown,LAFAYETTE ST & SWEDE ST,1,2ff68f14
TKSZXD,EMS,Cardiac emergency,19090,Upper Moreland,MARYLAND RD & COMMERCE AVE,1,6c5ddf5a
TKT04C,Traffic,Vehicle accident,19002,Upper Dublin,E BUTLER PIKE & MORRIS RD,1,ebfe0e3c
TKT07P,Traffic,Vehicle accident,18964,Souderton,HARLEYSVILLE PIKE & MAIN ST,1,1d3347fb
TKT07P-1,Traffic,Vehicle accident,18964,Souderton,BROAD ST & FRONT ST,1,10d7d313
TKT07X,Traffic,Vehicle accident,19002,Whitpain,MEADE RD & WHITPAIN DR,1,5dc5692c
TKT083,Traffic,Vehicle accident,19002,Upper Dublin,SUSQUEHANNA RD & LINCOLN DR,1,575312dd
TKT0L3,Fire,Gas-odor/leak,19066,Lower Merion,MELROSE AVE & MELROSE CIR,1,97bbd9e7
TKT0ZL,Traffic,Vehicle accident,19464,Pottstown,S WASHINGTON ST & INDUSTRIAL HWY,1,f736d6a3
TKT1YV,EMS,Back pains/injury,19075,Springfield,LYSTER RD & DALE RD,1,9945782b
TKT2Y6,EMS,General weakness,19040,Horsham,COUNTY LINE RD & MEETINGHOUSE RD,1,9dd77899
TKT36V,EMS,EMS special service,19034,Upper Dublin,LOCH ALSH AVE & SPARK DR,1,d29e9bcf
TKT3W5,EMS,Fall victim,19454,Montgomery,POLO DR & BLUE RIBBON DR,1,4b491012
TKT3WY,EMS,Respiratory emergency,19025,Upper Dublin,GREEN VALLEY CIR & BROOKDALE CT,1,fd1479aa
TKT4A7,EMS,Overdose,19446,Lansdale,VALLEY FORGE RD & DELAWARE AVE,1,7ce302b7
TKT4K4,Fire,Trash/dumpster fire,19438,Lower Salford,MAIN ST & GODSHALL DR,1,99996ed3
TKT4QM,Traffic,Vehicle accident,19460,Upper Providence,HOLLOW RD & EGYPT RD,1,6df6ef87
TKT4S4,EMS,Respiratory emergency,19465,Chester County,KEIM ST & TYSON ST,1,a4d59346
TKT4YX,EMS,Diabetic emergency,19401,Norristown,KOHN ST & W BLACKBERRY ALY,1,699a93d5
TKT52F,EMS,General weakness,19006,Abington,DURAND RD & LIPPINCOTT RD,1,a5b43bf5
TKT67A,EMS,Head injury,19446,Hatfield Township,WINDSOR CT & FERNDALE LN,1,ab20ef16
TKT6ZY,Traffic,Road obstruction,19464,Lower Pottsgrove,RINGING ROCKS PARK & N KEIM ST,1,2977d810
TKT74L,Fire,Building fire,19401,Norristown,CORSON ST,1,dc779954
TKT74L-1,Fire,Building fire,19401,Norristown,CORSON ST & W BLACKBERRY ALY,1,9a21a4de
TKT76U,EMS,Seizures,19525,New Hanover,KLEMAN RD & GAIL DR,1,6ccd9fd5
TKT78A,EMS,Cardiac emergency,18073,Upper Hanover,JODIE CT & DEAD END,1,03262815
TKT7W4,EMS,Nausea/vomiting,19403,Lower Providence,TROOPER RD & W MAIN ST,1,5e84a5b5
TKT7X2,EMS,Respiratory emergency,19006,Lower Moreland,HUNTINGDON PIKE & CALVIN RD,1,81df529d
TKT7ZU,EMS,Unresponsive subject,18969,Telford,SPRING HOUSE LN & WHEATSHEAF LN,1,26c8184a
TKT88F,EMS,Cardiac arrest,19446,Towamencin,CENTENNIAL CT & MORGANDALE DR,1,31ef212a
TKT8AI,EMS,Subject in pain,19426,Lower Providence,YERKES RD & FAIRHILL DR,1,178b5cf0
TKT8J2,Traffic,Vehicle accident,19446,Hatfield Township,FORTY FOOT RD & WELSH RD,1,d38d1fa8
TKT8TB,Traffic,Disabled vehicle,19131,Lower Merion,CITY AVE & MONUMENT RD,1,321c1f32
TKT91Y,Fire,Building fire,19403,East Norriton,KNOELLER RD & NOTTINGHAM RD,1,fe0c2af2
TKT9DA,EMS,Back pains/injury,19072,Narberth,WYNNEWOOD CT & N WYNNEWOOD AVE,1,760045a3
TKTAR3,EMS,Subject in pain,19464,West Pottsgrove,GROSSTOWN RD & QUINTER ST,1,67cfa89a
TKTB4J,EMS,Cardiac emergency,19044,Horsham,DRESHER RD & GIBRALTAR RD,1,33a66b4e
TKTBG9,EMS,Fall victim,19403,Lower Providence,SHANNONDELL DR & SHANNONDELL BLVD,1,7353a58a
TKTC3Y,EMS,Seizures,19090,Upper Moreland,DIVISION AVE & LIMESTONE LN,1,c8f895db
TKTC9Y,EMS,Hemorrhaging,19401,Norristown,MAIN ST & HAWS AVE,1,48ac8429
TKTDGT,Traffic,Vehicle accident,19012,Cheltenham,CHURCH RD & ELLEN LN,1,3b7929ea
TKTDZ0,EMS,Overdose,19401,Norristown,LAFAYETTE ST & SWEDE ST,1,f9a87194
TKTEM4,EMS,Assault victim,19464,Pottstown,HIGH ST & BEECH ST,1,21c6ea26
TKTGV2,EMS,Diabetic emergency,19010,Lower Merion,PASTURE LN & MIDDLE RD,1,52999cdc
TKTHDJ,EMS,Assault victim,19464,Lower Pottsgrove,DOGWOOD CT & CHERRYWOOD CT,1,0cdfb888
TKTHO4,EMS,Fall victim,19004,Lower Merion,BELMONT AVE & OLD BELMONT AVE,1,a3ece118
TKTIKR,EMS,Fall victim,19464,Pottstown,HIGH ST & S WASHINGTON ST,1,a2fad1e2
TKTILP,EMS,Respiratory emergency,19401,Norristown,MARSHALL ST & DEKALB ST,1,f6bbac37
TKTJ76,EMS,Medical alert alarm,19038,Abington,NORTH HILLS AVE & BROOKE RD,1,4b1bc95a
TKTL6R,EMS,Abdominal pains,19446,Worcester,SKIPPACK PIKE & MEADOWOOD DR,1,e0af04b8
TKTLBN,EMS,Subject in pain,19401,Norristown,DEKALB ST & E WOOD ST,1,3b16debc
TKTLM5,EMS,General weakness,19403,West Norriton,DEACON DR & DAVIS DR,1,084513fd
TKTMXT,Fire,Fire alarm,19034,Whitemarsh,PENNSYLVANIA AVE & SUMMIT AVE,1,ec5e4a33
TKTNG9,EMS,Altered mental status,19464,Lower Pottsgrove,EVERGREEN RD & W LIGHTCAP RD,1,efc1c0d5
TKTNR5,Fire,Fire investigation,19401,Norristown,DEKALB ST & E ELM ST,1,5460c6ea
TKTNZZ,Fire,Fire investigation,19034,Upper Dublin,LOCH ALSH AVE & SPARK DR,1,9ed1a8a8
TKTO14,EMS,Medical alert alarm,19002,Ambler,MAPLE AVE & WISSAHICKON AVE,1,aa629fcf
TKTO3G,EMS,Fall victim,18964,Franconia,CLIVEDEN TER & LIONS GATE CIR,1,dbf36d1a
TKTPRW,EMS,Cardiac emergency,19440,Hatfield Township,DERSTINE RD & KIMBERLY WAY,1,5a976921
TKTQDI,EMS,Fall victim,19525,Douglass,PHILADELPHIA AVE & CONGO RD,1,3e31a3aa
TKTRBK,Fire,Fire special service,19525,Douglass,PHILADELPHIA AVE & CONGO RD,1,a663ce56
TKTRFC,EMS,Respiratory emergency,19401,Norristown,SANDY ST & VIOLET ST,1,e6576ab4
TKTRKX,Traffic,Disabled vehicle,19401,East Norriton,W GERMANTOWN PIKE & SWEDE RD,1,a04909d6
TKTRQ2,EMS,Overdose,19012,Cheltenham,BEECHER AVE & CENTRAL AVE,1,952e748d
TKTRWY,Fire,Woods/field fire,19444,Whitemarsh,FIRETHORNE CIR & COPPER BEECH DR,1,a8709af9
TKTS9A,Fire,Fire special service,19464,Lower Pottsgrove,N KEIM ST,1,85adae7d
TKTTYR,EMS,Abdominal pains,19010,Lower Merion,ITHAN AVE & POND LN,1,376d3bbd
TKTVDC,EMS,Fall victim,19006,Lower Moreland,WELSH RD & WALTON RD,1,1f544d56
TKTVHM,EMS,Nausea/vomiting,18969,Telford,CHURCH AVE & AUTUMN LEA CIR,1,7107e1be
TKTVRF,EMS,Fever,19010,Lower Merion,LANCASTER AVE & ELLIOTT AVE,1,15e0bf16
TKTVVR,Traffic,Road obstruction,19025,Upper Dublin,LIMERICK LN & DUBLIN RD,1,b68e99a1
TKTW5V,Fire,Fire investigation,19401,Norristown,MAIN ST & NOBLE ST,1,942e92c8
TKTWHT,EMS,Dizziness,19438,Lower Salford,MAIN ST & OLD SUMNEYTOWN PIKE,1,094424a0
TKTWLX,EMS,Fall victim,19046,Abington,THE FAIRWAY  & RYDAL RD,1,5b5fc2e9
TKTWW2,Traffic,Disabled vehicle,19440,Hatfield Township,BERGEY RD & PENN ST,1,2aee284a
TKTWXF,Fire,Fire alarm,19002,Lower Gwynedd,BETHLEHEM PIKE & SHEBLE LN,1,1fe3fbef
TKTWZ2,EMS,Fall victim,19040,Hatboro,CRESCENT RD & N YORK RD,1,8bf929ba
TKTXGF,Traffic,Vehicle accident,19468,Royersford,MAIN ST & N 4TH AVE,1,adb4fda6
TKTXL4,Fire,Fire special service,19428,Conshohocken,FREEDLEY ST & UNNAMED ALY,1,455f9461
TKTXP0,Fire,Building fire,19072,Narberth,HAVERFORD AVE & FORREST AVE,1,85017c51
TKTXR7,EMS,Allergic reaction,19473,Perkiomen,DARTMOOR RD & FELL LN,1,f411e890
TKTXTS,Fire,Vehicle accident,19468,Royersford,MAIN ST,1,e0dda48f
TKTXV2,EMS,Head injury,19040,Upper Moreland,BYBERRY RD & VILLAGE CIR,1,5bb9ccea
TKTXWA,EMS,Heat exhaustion,18074,New Hanover,ERB RD & HOFFMANSVILLE RD,1,fb97bc3e
TKTY0K,Traffic,Road obstruction,19454,Montgomery,UPPER STATE RD & SUMMER RIDGE DR,1,a4a7775a
TKTY3N,EMS,Fall victim,19465,Chester County,URNER ST & S HANOVER ST,1,752c02d5
TKTY41,Traffic,Road obstruction,19454,North Wales,E MONTGOMERY AVE & S 5TH ST,1,385ebd35
TKTYGR,Traffic,Road obstruction,19403,East Norriton,W TOWNSHIP LINE RD & POTSHOP RD,1,e283cfb7
TKTYN4,EMS,Fall victim,19401,East Norriton,HAINES RD & STUART DR,1,8e5b77ed
TKTYWR,Traffic,Vehicle accident,19096,Lower Merion,REMINGTON RD & LANCASTER AVE,1,17f3d97d
TKTYXE,EMS,Vehicle accident,19096,Lower Merion,REMINGTON RD,1,92ba1dba
TKTZ22,EMS,Abdominal pains,19040,Hatboro,MADISON AVE & EVERGREEN AVE,1,83c19775
TKTZI7,Fire,Fire alarm,19090,Upper Dublin,NORTH HILLS AVE & SCHOOL LN,1,fb4d8ab5
TKTZO7,EMS,Cardiac emergency,19027,Cheltenham,OLD YORK RD & GREEN BRIAR RD,1,e010db4c
TKTZPU,EMS,Medical alert alarm,19401,Norristown,SAW MILL RUN & ARCH ST,1,1e40903c
TKTZUK,EMS,Head injury,19046,Jenkintown,WEST AVE & CEDAR ST,1,f17d9e24
TKU0AR,Traffic,Disabled vehicle,19038,Springfield,STENTON AVE & WILLOW GROVE AVE,1,d9abc21b
TKU0CL,EMS,General weakness,19006,Lower Moreland,WELSH RD & WALTON RD,1,1e34ca16
TKU0CR,Traffic,Hazardous road conditions,19044,Horsham,COLUMBIA AVE & EASTON RD,1,4fcfd99f
TKU0KB,EMS,Allergic reaction,19426,Upper Providence,COLLEGEVILLE RD & ARCOLA RD,1,27552550
TKU0VS,Traffic,Vehicle accident,19403,West Norriton,ALEXANDER DR & LAUREL LN,1,75532dc0
TKU0XF,EMS,Syncopal episode,19473,Perkiomen,DIEBER RD & HALDEMAN RD,1,241c9cc4
TKU180,EMS,Respiratory emergency,19401,East Norriton,SWEDE RD & WOODLYN AVE,1,5d1de6ce
TKU19M,Traffic,Vehicle accident,19464,Pottstown,PENN ST & WALNUT ST,1,58f1a428
TKU1D4,EMS,Assault victim,19446,Lansdale,LOMBARDY DR & NORWAY DR,1,d22fac37
TKU1DZ,Fire,Appliance fire,19525,Douglass,SWAMP PIKE & GILBERTSVILLE RD,1,54345e06
TKU1PA,EMS,Respiratory emergency,19464,Lower Pottsgrove,HIGH ST & SUNNYSIDE AVE,1,99fab5d3
TKU1TW,EMS,Altered mental status,19462,Plymouth,GERMANTOWN PIKE & HALLOWELL RD,1,d75cea7c
TKU1WY,Traffic,Vehicle accident,19438,Franconia,EXTENSION PENNSYLVANIA TPKE & SCHOOLHOUSE RD ACCESS GATE,1,bdec5b27
TKU2DD,EMS,Medical alert alarm,19403,Lower Providence,SHANNONDELL DR & SHANNONDELL BLVD,1,a7c86bba
TKU2EV,Fire,Fire alarm,19006,Lower Moreland,PHILMONT AVE & DUELL ST,1,bf34abd8
TKU2K4,Traffic,Vehicle accident,19038,Springfield,CHELTENHAM AVE & HILLCREST RD,1,a772eccc
TKU2K4-1,Traffic,Vehicle accident,19038,Springfield,CHELTENHAM AVE & FIRETHORNE LN,1,ae876a38
TKU2WB,Traffic,Vehicle accident,19446,Montgomery,BETHLEHEM PIKE & HORSHAM RD,1,adec7c05
TKU32Z,EMS,Lacerations,19428,Plymouth,SCHUYLKILL RIVER TRL & STATION RD,1,43ae0d9d
TKU34Y,Traffic,Disabled vehicle,19440,Hatfield Township,REBECCA DR & NORMAN AVE,1,eee09e3c
TKU3B3,Traffic,Vehicle accident,19422,Whitpain,DEKALB PIKE & TOURNAMENT DR,1,35db0b9f
TKU3F1,Fire,Building fire,19454,Lower Gwynedd,WOODVIEW LN & CANTER LN,1,5cc91045
TKU3OM,Traffic,Disabled vehicle,19096,Lower Merion,CITY AVE & HAVERFORD AVE,1,2c8f05df
TKU3U3,EMS,Vehicle accident,19525,Douglass,WILLIAMS WAY,1,644146b3
TKU3UX,EMS,Medical alert alarm,19403,Lower Providence,SHANNONDELL DR & SHANNONDELL BLVD,1,dd0dfe61
TKU3YP,EMS,Vehicle accident,19003,Lower Merion,LINWOOD AVE,1,9b28744a
TKU3YR,Traffic,Vehicle accident,19003,Lower Merion,LINWOOD AVE & E COUNTY LINE RD,1,118d69ed
TKU4A6,EMS,Cardiac emergency,19422,Whitpain,DEKALB PIKE & BLUE BELL SPRINGS DR,1,236f74e7
TKU4CL,EMS,Head injury,19446,Lansdale,BROAD ST & E 6TH ST,1,0078e5b6
TKU4R5,EMS,Overdose,19401,Norristown,MAIN ST & NOBLE ST,1,7303dbb0
TKU4SG,Traffic,Disabled vehicle,19403,West Norriton,W MAIN ST & N SCHUYLKILL AVE,1,3599613e
TKU4SJ,EMS,Abdominal pains,19422,Whitpain,WENTZ RD & CHERRY LN,1,56ac3c32
TKU4ZJ,Traffic,Vehicle accident,19027,Cheltenham,WILLOW AVE & B D ST,1,be9a1347
TKU539,Fire,Vehicle accident,19428,West Conshohocken,CEDAR AVE,1,245637ff
TKU53F,EMS,Vehicle accident,19428,West Conshohocken,CEDAR AVE,1,c26e8250
TKU547,Traffic,Vehicle accident,19428,West Conshohocken,CEDAR AVE & FORD ST,1,e46dce05
TKU56Q,EMS,Medical alert alarm,19010,Lower Merion,COUNTRY CLUB RD & CONSHOHOCKEN STATE RD,1,22266b06
TKU57P,Traffic,Hazardous road conditions,19446,Hatfield Township,BROAD ST & LYNWOOD DR,1,0df414f6
TKU57Y,Traffic,Vehicle accident,19038,Cheltenham,CHELTENHAM AVE & E GOWEN AVE,1,a3bc1bf2
TKU5C5,EMS,Abdominal pains,19401,Norristown,GLENN VALLEY DR & E ROBERTS ST,1,2ad10ddf
TKU5F7,EMS,Unknown medical emergency,19406,Upper Merion,W DEKALB PIKE,1,b3d9b40b
TKU5HM,EMS,Unconscious subject,19090,Upper Moreland,YORK RD & LAKEVUE DR,1,cdf516c6
TKU5XI,EMS,Unconscious subject,19401,Norristown,ASTOR ST & W BLACKBERRY ALY,1,5908da54
TKU5YO,Traffic,Disabled vehicle,19438,Franconia,EXTENSION PENNSYLVANIA TPKE & SCHOOLHOUSE RD ACCESS GATE,1,3896c848
TKU61D,Traffic,Road obstruction,19027,Abington,SHELMIRE ST & CEDAR RD,1,53efa1dd
TKU61K,EMS,Subject in pain,19044,Horsham,JACK LADDER CIR & LOG POND DR,1,941a4796
TKU63E,EMS,Vehicle accident,19401,Norristown,MAIN ST & MARKLEY ST,1,54e710ca
TKU67F,EMS,Maternity,18073,Pennsburg,MAIN ST & W 3RD ST,1,b50b2fcb
TKU68T,Traffic,Vehicle accident,19473,Limerick,NEIFFER RD & WILLIAM PENN DR,1,17bb0c32
TKU6BT,Traffic,Vehicle accident,19401,Norristown,MAIN ST & MARKLEY ST,1,14d704b6
TKU6ED,EMS,CVA/stroke,18074,Pottstown,SHOEMAKER RD & CONNECTING ROAD,1,1df2fc91
TKU6HU,EMS,Poisoning,19066,Lower Merion,WINDING WAY & STANDISH RD,1,5b4867c5
TKU6II,Traffic,Vehicle accident,19464,Pottstown,HIGH ST & ARMAND HAMMER BLVD,1,c62cbfb7
TKU6IN,Fire,Woods/field fire,19403,Lower Providence,TROOPER RD & TURN LANE,1,51dd8c2f
TKU6JS,EMS,Head injury,19406,Upper Merion,GODDARD BLVD & VALLEY GREEN LN,1,d5616dd7
TKU6KG,Traffic,Vehicle accident,19403,West Norriton,MILL RD & S TROOPER RD,1,09e5ef14
TKU6TQ,Traffic,Disabled vehicle,19464,Pottstown,S HANOVER ST & SECURITY PLZ,1,9f797ac8
TKU6UC,EMS,Altered mental status,19401,East Norriton,DEKALB PIKE & COLONIAL DR,1,bd0320d0
TKU6V2,Traffic,Vehicle accident,19464,Pottstown,HIGH ST & ARMAND HAMMER BLVD,1,a29df2f9
TKU7D9,Fire,Fire investigation,19446,Hatfield Township,BROAD ST & LYNWOOD DR,1,5ed132d8
TKU7FL,EMS,Subject in pain,18969,Telford,CHURCH AVE & WOOD ALY,1,f4973c98
TKU7HK,Fire,Electrical fire outside,19401,Norristown,WILLOW ST & HEAVNER ALY,1,33118e87
TKU7HK-1,Fire,Electrical fire outside,19401,Norristown,POWELL ST & HEAVNER ALY,1,e6833194
TKU7JH,EMS,Fall victim,19401,Norristown,WALNUT ST & E MAIN ST,1,9b608480
TKU7MG,EMS,Unknown medical emergency,19403,West Norriton,N TROOPER RD,1,0c410f1e
TKU7NC,EMS,Choking,19454,Montgomery,KENNEDY RD & LINCOLN DR,1,5ec25953
TKU7ZA,EMS,Cardiac emergency,19446,Upper Gwynedd,VALLEY FORGE RD & MCAULIFFE LN,1,98cbcea4
TKU8L7,Traffic,Vehicle accident,19401,Norristown,W MARSHALL ST & CHERRY ST,1,3e01f52f
TKU8TC,Fire,Woods/field fire,19438,Skippack,ASHLAND DR,1,1b3d0291
TKU9OD,EMS,Altered mental status,19006,Lower Moreland,HUNTINGDON PIKE & CALVIN RD,1,d0f3dc7b
TKU9WQ,Fire,Vehicle accident,19464,West Pottsgrove,GROSSTOWN RD,1,ed9117b7
TKU9WW,EMS,Vehicle accident,19464,West Pottsgrove,GROSSTOWN RD,1,0e48f091
TKU9XH,Traffic,Vehicle accident,19464,West Pottsgrove,GROSSTOWN RD & W HIGH ST,1,8216f420
TKUA00,EMS,Unconscious subject,19454,North Wales,ELM AVE & N MAIN ST,1,4b0ba652
TKUA95,EMS,General weakness,19401,Norristown,MAIN ST & PEARL ST,1,67e87a8c
TKUAB7,Traffic,Vehicle accident,19004,Lower Merion,CITY AVE & BRYN MAWR AVE,1,e6248c65
TKUAEW,Traffic,Disabled vehicle,19004,Lower Merion,BELMONT AVE & E LEVERING MILL RD,1,7f6ef026
TKUAIA,EMS,Lacerations,19034,Upper Dublin,BETHLEHEM PIKE & WASHINGTON LN,1,c128b9bc
TKUAKA,EMS,CVA/stroke,19446,Towamencin,ALLENTOWN RD & WOODLAWN DR,1,ce756290
TKUAKR,Traffic,Vehicle accident,19406,Upper Merion,ALLENDALE RD & W DEKALB PIKE,1,5a1bb7d6
TKUALA,EMS,Overdose,19464,Pottstown,SHOEMAKER RD & ROBINSON ST,1,9001c64d
TKUAQQ,Fire,Fire investigation,19095,Cheltenham,HOPELAND RD & ASHBOURNE RD,1,b4c93d31
TKUBDZ,Traffic,Vehicle accident,19426,Trappe,W MAIN ST & E 3RD AVE,1,53670c57
TKUBQR,Traffic,Vehicle accident,19046,Abington,RYDAL RD & THE FAIRWAY,1,7b47f2ed
TKUBU2,EMS,Fall victim,19446,Upper Gwynedd,VALLEY FORGE RD & MCAULIFFE LN,1,7e62b0c4
TKUC35,EMS,Overdose,19403,Lower Providence,RIDGE PIKE & N BARRY AVE,1,0c9739ad
TKUC4A,EMS,Syncopal episode,19446,Hatfield Township,WELSH RD & VERNON CT,1,2869853d
TKUCEE,Traffic,Disabled vehicle,19403,East Norriton,W GERMANTOWN PIKE & NORTH WALES RD,1,b24e3364
TKUCT7,EMS,Fall victim,19438,Lower Salford,MAIN ST & OLD SUMNEYTOWN PIKE,1,6819d553
TKUCV9,EMS,Hemorrhaging,19002,Lower Gwynedd,PENLLYN PIKE & FOXFIELD RD,1,398c4ec9
TKUD2F,Traffic,Disabled vehicle,19096,Lower Merion,PENN RD & E WYNNEWOOD RD,1,ba662b43
TKUD9I,EMS,Cardiac emergency,19090,Upper Moreland,CAMERON RD & SHELDON RD,1,5174579d
TKUDCX,EMS,Choking,19401,Norristown,MOORE ST & HIGH ST,1,03421746
TKUDE3,EMS,Diabetic emergency,19473,Schwenksville,PERKIOMEN AVE & 3RD ST,1,70d4f668
TKUDF5,EMS,Assault victim,19046,Abington,OLD YORK RD & WYNCOTE RD,1,944498ef
TKUDGQ,Traffic,Vehicle accident,19010,Lower Merion,AIRDALE RD & W MONTGOMERY AVE,1,a2892c40
TKUDKQ,EMS,Respiratory emergency,19038,Upper Dublin,LOGAN AVE & WALNUT AVE,1,ad8f7e36
TKUDLL,EMS,Altered mental status,19428,Conshohocken,5TH AVE & WOOD ST,1,c3580e22
TKUDMB,Traffic,Disabled vehicle,19464,Pottstown,WILSON ST & STATE ST,1,6000f8e7
TKUDOT,Traffic,Vehicle accident,19003,Lower Merion,LANCASTER AVE & S CHURCH RD,1,503a2cdd
TKUDUA,EMS,Cardiac emergency,19003,Lower Merion,W MONTGOMERY AVE,1,a464e01f
TKUE8J,EMS,Fall victim,19401,East Norriton,GERMANTOWN PIKE & HANNAH AVE,1,37c0e6b9
TKUEHB,EMS,Vehicle accident,19462,Plymouth,GERMANTOWN PIKE & LAUNFALL RD,1,1c4601bc
TKUEHI,Traffic,Vehicle accident,19462,Plymouth,GERMANTOWN PIKE & LAUNFALL RD,1,7816ff07
TKUEI4,Traffic,Vehicle accident,19406,Upper Merion,DEKALB PIKE & W BORO LINE RD,1,d7f7d9cf
TKUEJ9,EMS,Vehicle accident,19406,Upper Merion,DEKALB PIKE & W BORO LINE RD,1,ed6716e3
TKUEKE,EMS,Fall victim,19464,Lower Pottsgrove,VALLEY RD & N VALLEY RD,1,a27c4f16
TKUES6,EMS,Dizziness,19428,Conshohocken,FAYETTE ST & W 7TH AVE,1,496d74c5
TKUEWK,Fire,Fire alarm,19095,Cheltenham,EASTON RD & GREENWOOD AVE,1,bf6e23d7
TKUEY9,EMS,Fall victim,19031,Springfield,HAWS LN & BETHLEHEM PIKE,1,e3e550d2
TKUEZJ,EMS,Lacerations,19444,Whitemarsh,RIDGE PIKE & ASH LN,1,d0e15856
TKUF5U,EMS,Overdose,19406,Upper Merion,HENDERSON RD & SHOEMAKER RD,1,4eb75658
TKUF8A,EMS,Medical alert alarm,19403,Lower Providence,SHANNONDELL DR & SHANNONDELL BLVD,1,b4329544
TKUFD9,EMS,Seizures,19401,Norristown,CHERRY ST,1,f5f05900
TKUFGZ,EMS,Seizures,19401,Norristown,ASTOR ST & W BLACKBERRY ALY,1,e5f3d203
TKUFP1,Traffic,Vehicle accident,19468,Limerick,LIGHTCAP RD & SANATOGA SPRINGS DR,1,09e2737c
TKUFYI,EMS,Back pains/injury,19464,Pottstown,HARMONY DR & GLASGOW ST,1,332e158c
TKUG3G,EMS,Respiratory emergency,19044,Horsham,BARK HOLLOW LN & WHETSTONE RD,1,0f54ae25
TKUGFI,EMS,Fall victim,19027,Cheltenham,ASHBOURNE RD & UNION AVE,1,393f72d0
TKUGT5,EMS,Unconscious subject,19401,Norristown,JOHNSON HWY & PINE ST,1,1283d39d
TKUH5Z,Traffic,Vehicle accident,19464,Lower Pottsgrove,E HIGH ST & N PLEASANT VIEW RD,1,f1b6a48d
TKUHJE,EMS,Fall victim,19464,Pottstown,HARMONY DR & FORESMAN DR,1,e48b05eb
TKUHM2,Fire,Fire alarm,19072,Lower Merion,SPRAGUE RD & JUNE LN,1,64756f6b
TKUHV8,Traffic,Vehicle accident,19002,Ambler,BUTLER AVE & S MAIN ST,1,1e1f74b0
TKUI0N,Fire,Fire alarm,19001,Abington,EASTON RD & WOODLAND RD,1,b8962b9d
TKUIG3,EMS,Fall victim,18964,Telford,LINCOLN AVE & WOOD ALY,1,f78062cb
TKUIGP,Traffic,Road obstruction,19446,Towamencin,VALLEY FORGE RD & BRITTANY PT,1,69f097d7
TKUIGZ,Fire,Fire alarm,19150,Cheltenham,CHELTENHAM AVE & 79TH AVE,1,23e9c1aa
TKUIHH,Traffic,Vehicle accident,19464,Pottstown,KING ST & MANATAWNY ST,1,4ae4b698
TKUIJG,EMS,Vehicle accident,19464,Pottstown,KING ST & MANATAWNY ST,1,af70ff47
TKUIL1,Traffic,Vehicle accident,19001,Abington,MIRIAM AVE & LUKENS AVE,1,373484b3
TKUIL3,EMS,Vehicle accident,19001,Abington,MIRIAM AVE,1,e59cc8d2
TKUISK,EMS,Heat exhaustion,19426,Trappe,MAIN ST & E 1ST AVE,1,bff888b4
TKUJ51,EMS,Poisoning,18969,Telford,WASHINGTON AVE & E HAMLIN AVE,1,33b68e69
TKUJ72,Traffic,Vehicle accident,19003,Lower Merion,WOODSIDE RD & W LANCASTER AVE,1,9c97d604
TKUJ7R,Traffic,Vehicle accident,19406,Upper Merion,DEKALB PIKE & IVY LN,1,22df15fb
TKUJE4,EMS,Medical alert alarm,19438,Lower Salford,OAK DR & MAPLE AVE,1,7a79eb85
TKUJIL,EMS,Overdose,19426,Lower Providence,LILLIAN LN & VINCENT DR,1,aad816a2
TKUJZC,Traffic,Road obstruction,19406,Upper Merion,N HENDERSON RD & PRINCE FREDERICK ST,1,a3e62985
TKUK0S,EMS,Cardiac emergency,19027,Cheltenham,CLYDE STONE DR & DIXON RD,1,efa84aa1
TKUK1V,EMS,Head injury,19446,Towamencin,ALLENTOWN RD & ABBEY LN,1,28329f38
TKUKFN,EMS,Medical alert alarm,19438,Lower Salford,OAK DR & MAPLE AVE,1,d9d40d27
TKUKGL,EMS,Overdose,19401,Norristown,SWEDE ST & W PENN ST,1,981c745e
TKUKGL-1,EMS,Overdose,19401,Norristown,SWEDE ST,1,0924cd15
TKUKOV,EMS,Fall victim,19403,Lower Providence,SHANNONDELL DR & SHANNONDELL BLVD,1,adb555e9
TKUKPY,EMS,Fall victim,19405,Bridgeport,4TH ST & DEPOT ST,1,37d716b2
TKUKWQ,Fire,Electrical fire outside,19038,Springfield,ARDMORE AVE & WILLOW GROVE AVE,1,b25f4ef2
TKUL3J,Fire,Building fire,19040,Hatboro,MONUMENT AVE & N YORK RD,1,502b8742
TKUL7U,Traffic,Vehicle accident,19465,Chester County,SCHUYLKILL RD & KLINE AVE,1,da036894
TKULBO,Traffic,Disabled vehicle,19406,Upper Merion,GULPH RD & GUTHRIE RD,1,91638564
TKULJC,Traffic,Vehicle accident,19401,Norristown,AIRY ST & MAPLE ALY,1,01f8214c
TKULV0,EMS,Subject in pain,19004,Lower Merion,EBENEZER ST & PRICE ST,1,c490b42f
TKUM1E,Traffic,Vehicle fire,19464,Lower Pottsgrove,ARMAND HAMMER BLVD & MEDICAL DR,1,dda49017
TKUM1K,EMS,Cardiac emergency,19401,Norristown,HAWS AVE & W AIRY ST,1,08288342
TKUM2N,Fire,Vehicle fire,19464,Lower Pottsgrove,ARMAND HAMMER BLVD & MEDICAL DR,1,1fe84375
TKUM5I,EMS,Unresponsive subject,19006,Lower Moreland,COUNTRY LN & PAPER MILL RD,1,771e33ae
TKUM69,EMS,Respiratory emergency,19002,Ambler,BETHLEHEM PIKE & TENNIS AVE,1,489aaaab
TKUM9W,Traffic,Disabled vehicle,19403,West Norriton,MARSHALL ST & N WHITEHALL RD,1,8438257b
TKUMGM,Fire,Electrical fire outside,19401,Norristown,WILLOW ST,1,e76384cd
TKUMGM-1,Fire,Electrical fire outside,19401,Norristown,POWELL ST & HEAVNER ALY,1,3707c8b7
TKUMPF,EMS,Head injury,19464,Lower Pottsgrove,EVERGREEN RD & W LIGHTCAP RD,1,1255092f
TKUMYK,EMS,Unknown medical emergency,19462,Plymouth,SANDY HILL RD & PLYMOUTH RD,1,df522cc1
TKUN21,Fire,Fire alarm,19085,Lower Merion,CANTERBURY LN & SPRING MILL LN,1,39c9fba2
TKUN9O,EMS,Fall victim,19001,Abington,CLAYTON RD & SHOEMAKER RD,1,7602faa5
TKUNH9,Traffic,Vehicle leaking fuel,18915,Hatfield Township,BETHLEHEM PIKE & WALNUT ST,1,528e5921
TKUNHM,Fire,Vehicle leaking fuel,18915,Hatfield Township,BETHLEHEM PIKE & WALNUT ST,1,9d9c38f8
TKUNLH,EMS,Cardiac emergency,19046,Abington,HIGHLAND AVE & HARMONY LN,1,140b556d
TKUNON,Fire,Fire alarm,19038,Springfield,STENTON AVE & E EVERGREEN AVE,1,bc9190c9
TKUNON-1,Fire,Fire alarm,19038,Springfield,EVERGREEN AVE & STENTON AVE,1,dfc717e4
TKUNPW,EMS,EMS special service,19473,Skippack,BRIDGE RD & SERENDIPITY WAY,1,98d04035
TKUO4A,EMS,Fall victim,19460,Upper Providence,MILL RD & NORTH DR,1,ed9bf140
TKUO4Y,Traffic,Vehicle accident,19464,Pottstown,W KING ST & MYRTLE ST,1,e21b7adb
TKUOLE,Traffic,Disabled vehicle,19464,Pottstown,HANOVER ST & OAK ST,1,5b1c4b8d
TKUOQ9,Traffic,Disabled vehicle,18074,New Hanover,HENNING RD & SNYDER RD,1,93123d57
TKUOSZ,Traffic,Disabled vehicle,18074,New Hanover,HENNING RD & SNYDER RD,1,c2ec3219
TKUOVR,EMS,Diabetic emergency,19406,Upper Merion,ANDERSON RD & PRINCETON DR,1,3cad6631
TKUOWR,Fire,Electrical fire outside,19468,Limerick,REED RD & PARNELL LN,1,f6255a33
TKUOXY,Fire,Fire alarm,19446,Lansdale,JENKINS AVE & S BROAD ST,1,b92cedcc
TKUPJH,Fire,Vehicle leaking fuel,18915,Hatfield Township,BETHLEHEM PIKE & WALNUT ST,1,e2ecabeb
TKUPLZ,EMS,Assault victim,19095,Cheltenham,EASTON RD & GREENWOOD AVE,1,a5f7305d
TKUQ3H,Traffic,Vehicle accident,19096,Lower Merion,E WYNNEWOOD RD & E LANCASTER AVE,1,9cac6521
TKUQ6Y,Traffic,Vehicle accident,19504,Douglass,GREEN HILL RD & HILL RD,1,8abe5ad2
TKUQC8,Traffic,Vehicle leaking fuel,18915,Hatfield Township,BETHLEHEM PIKE & WALNUT ST,1,2c136564
TKUQEL,Fire,Trash/dumpster fire,19464,Pottstown,HIGH ST & UNION ST,1,b65c1d08
TKUQGQ,EMS,Fall victim,19403,East Norriton,CAPITOL RD & TAFT RD,1,c0d1eff4
TKUQHS,EMS,Allergic reaction,19403,Lower Providence,EAGLEVILLE RD & SUNDERLAND DR,1,0b5ed848
TKUQSE,EMS,CVA/stroke,18073,Pennsburg,MAIN ST & W 6TH ST,1,49cb8cbc
TKUR0D,Traffic,Vehicle accident,19406,Upper Merion,W BEIDLER RD & W VALLEY FORGE RD,1,35694abe
TKUR49,EMS,Diabetic emergency,19034,Upper Dublin,CAMP HILL RD & OFFICE CENTER DR,1,320d44dd
TKUR9L,EMS,Fall victim,19422,Whitpain,SPRINGHOUSE LN & FARM DR,1,5c6717c4
TKURL2,EMS,Vehicle accident,19406,Upper Merion,W BEIDLER RD,1,fd7fcdc3
TKURNF,EMS,Choking,19464,Pottstown,HIGH ST & MANATAWNY ST,1,68944205
TKURSP,Fire,Vehicle accident,19406,Upper Merion,W BEIDLER RD,1,a93f7c16
TKUS0V,EMS,Assault victim,19403,West Norriton,SCHUYLKILL AVE & RIVERSEDGE DR,1,fdab6e82
TKUSHT,EMS,Overdose,19403,Lower Providence,WILSON BLVD & RIDGE PIKE,1,a264e72c
TKUSPA,Fire,Building fire,19003,Lower Merion,ST PAULS RD & ARGYLE RD,1,3a216f2e
TKUSUQ,EMS,Unconscious subject,19464,Pottstown,WALNUT ST & N YORK ST,1,875b0898
TKUTD5,EMS,Subject in pain,19003,Lower Merion,RITTENHOUSE PL & WALTON AVE,1,373a4ebb
TKUTIX,Fire,Trash/dumpster fire,19446,Lansdale,HANCOCK ST & ANDALE GREEN DR,1,647a7c27
TKUTVK,EMS,Cardiac arrest,19504,Douglass,WINDWARD DR & CONGO NIANTIC RD,1,e5296373
TKUTW4,Fire,Cardiac arrest,19505,Douglass,WINDWARD DR & CONGO NIANTIC RD,1,da59608c
TKUU0A,Fire,Fire alarm,19090,Upper Moreland,EASTON RD & SUMMIT AVE,1,48303874
TKUU2B,EMS,Nausea/vomiting,19446,Worcester,HAWKS NEST LN & DEAD END,1,b91e7bd9
TKUU6N,EMS,Cardiac emergency,19040,Upper Moreland,DAVISVILLE RD & PENNYPACK RD,1,0ad2ca79
TKUUDT,Traffic,Vehicle accident,19401,Norristown,E LAFAYETTE ST & FORD ST,1,52bc79b5
TKUUF7,EMS,Subject in pain,19462,Plymouth,IRWINS LN & PLYMOUTH RD,1,d29d440c
TKUURS,EMS,Respiratory emergency,19405,Bridgeport,HOLSTEIN ST & BUSH ST,1,e14abe28
TKUUUI,EMS,Subject in pain,19002,Ambler,BETHLEHEM PIKE & VALLEY BROOK RD,1,8fe24eea
TKUV1R,Fire,Unknown type fire,19403,Lower Providence,AUDUBON RD & S TROOPER RD,1,b93f17a7
TKUVGI,Traffic,Disabled vehicle,19090,Upper Moreland,EASTON RD & WILLOW AVE,1,69a440db
TKUVT5,Traffic,Vehicle accident,19004,Lower Merion,CITY AVE & N 47TH ST,1,fbc7f47a
TKUVW5,EMS,Respiratory emergency,19006,Abington,HUNTINGDON PIKE & MOREDON RD,1,f8a94a02
TKUW32,EMS,Seizures,19090,Abington,ROTHLEY AVE & ROBINSON AVE,1,5c3cc5a1
TKUW8B,EMS,Fall victim,19406,Upper Merion,VALLEY FORGE CIR & OLD VALLEY FORGE RD,1,f0c2aeca
TKUWIX,Fire,Fire alarm,19403,West Norriton,SARATOGA LN & SENTINEL RDG,1,8fd476ab
TKUWNY,EMS,Syncopal episode,19422,Whitpain,INVERNESS DR & INTERLACHEN RD,1,35ac3ef1
TKUWOB,Traffic,Vehicle accident,19046,Abington,SHADY LN & FOX CHASE RD,1,197e94a2
TKUWPB,Traffic,Disabled vehicle,19438,Towamencin,EXTENSION PENNSYLVANIA TPKE & MORRIS RD,1,190c4c21
TKUXQ6,EMS,Dizziness,19440,Hatfield Township,NEEDHAM CIR & ROXBURY RD,1,bfde9f73
TKUYEE,EMS,Fall victim,19406,Upper Merion,VALLEY FORGE CIR & OLD VALLEY FORGE RD,1,29d8d7cf
TKUYEN,Traffic,Vehicle accident,19428,Plymouth,BUTLER PIKE & E NORTH LN,1,26c7cb41
TKUYY0,EMS,Dehydration,19406,Upper Merion,TICONDEROGA DR & CHAMPLAIN DR,1,2bb867a8
TKUZ7F,Fire,Woods/field fire,19464,Pottstown,UPLAND ST & MANATAWNY ST,1,bb67f165
TKUZXI,Fire,Fire police needed,19438,Lower Salford,CAMP WAWA RD & SALFORDVILLE RD,1,fa7642a7
TKV188,EMS,EMS special service,19438,Lower Salford,CAMP WAWA RD & SALFORDVILLE RD,1,ff046390
TKV1V3,EMS,Unresponsive subject,19406,Upper Merion,VILLAGE DR & BRYCE LN,1,c3af06ca
TKV23F,EMS,Allergic reaction,18964,Souderton,LINCOLN AVE & S 2ND ST,1,9261a9de
TKV2E6,EMS,Cardiac emergency,19025,Horsham,WELSH RD & W PRUDENTIAL DR,1,5f924fa7
TKV2LJ,EMS,Unresponsive subject,19031,Springfield,WISSAHICKON AVE & ROSE LN,1,232b3c0d
TKV31I,EMS,Abdominal pains,19403,Lower Providence,SHANNONDELL DR & SHANNONDELL BLVD,1,d370cd2f
TKV338,EMS,Overdose,19446,Lansdale,BROAD ST & WHITES RD,1,5b7aacef
TKV34X,EMS,Overdose,19464,Limerick,RIDGE PIKE & PENN RD,1,d937fcc5
TKV3JY,Fire,Fire special service,19464,Limerick,RIDGE PIKE & PENN RD,1,eea06ed0
TKV3L9,Fire,Unknown type fire,19401,Norristown,ROSEMONT AVE & JACKSON ST,1,edba6ad9
TKV41I,Fire,Woods/field fire,19468,Royersford,N 6TH AVE,1,26c29059
TKV4MG,EMS,Respiratory emergency,19462,Plymouth,BELVOIR RD & VALLEY RD,1,212d6422
TKV4XH,EMS,Fall victim,19446,Lansdale,SUSQUEHANNA AVE & YORK AVE,1,ddde1773
TKV564,EMS,Cardiac emergency,19003,Lower Merion,CRICKET AVE & E LANCASTER AVE,1,9d73d2fa
TKV5CY,EMS,Fall victim,19406,Upper Merion,VALLEY FORGE CIR & OLD VALLEY FORGE RD,1,f3171692
TKV5RJ,EMS,Respiratory emergency,19504,Douglass,NIANTIC RD & WEST BRANCH RD,1,762781eb
TKV5SS,Fire,Fire alarm,19468,Royersford,WASHINGTON ST & S 7TH AVE,1,57152a30
TKV5ZT,EMS,Fall victim,19004,Lower Merion,CONSHOHOCKEN STATE RD & BALA AVE,1,4da106ef
TKV69W,Traffic,Vehicle accident,19468,Limerick,RT422  & RAMP EVERGREEN RD TO RT422 EB,1,f910539f
TKV6NF,Fire,Vehicle accident,19468,Limerick,RT422  & RAMP EVERGREEN RD TO RT422 EB,1,2ecaa3c5
TKV6NO,EMS,Vehicle accident,19468,Limerick,RT422  & RAMP EVERGREEN RD TO RT422 EB,1,8a2073ae
TKV6YA,EMS,Assault victim,19464,Pottstown,HILLSIDE DR & QUEEN ST,1,6b687d99
TKV78U,Traffic,Vehicle accident,19468,Limerick,RT422  & RAMP EVERGREEN RD TO RT422 EB,1,5cd47e96
TKV79J,EMS,Cardiac emergency,19035,Lower Merion,WAVERLY RD & YOUNGS FORD RD,1,dc3fdef4
TKV7TR,EMS,Overdose,19446,Lansdale,VALLEY FORGE RD & MILL ST,1,84bcb282
TKV872,EMS,Head injury,19095,Cheltenham,BARKER RD & GREENWOOD AVE,1,88c276d5
TKV88V,Fire,Fire alarm,19468,Upper Providence,LEWIS RD & CHEYENNE RD,1,e3ba9afc
TKV8E7,Fire,Fire alarm,19468,Royersford,WASHINGTON ST & S 7TH AVE,1,1460ec16
TKV9P4,Fire,Fire alarm,19468,Upper Providence,LEWIS RD & CHEYENNE RD,1,76145c58
TKV9R5,Fire,Fire alarm,19034,Whitemarsh,PENNSYLVANIA AVE & SUMMIT AVE,1,98c56ca4
TKV9U4,EMS,Subject in pain,19462,Plymouth,BELVOIR RD & VALLEY RD,1,d8948308
TKVAC5,EMS,Subject in pain,19446,Towamencin,VALLEY FORGE RD & MCAULIFFE LN,1,cfad8213
TKVAV4,Fire,Fire alarm,19454,Horsham,HORSHAM RD & GREEN TREE TAVERN RD,1,ccaa4db4
TKVB78,EMS,EMS special service,19006,Lower Moreland,RED LION RD & MURRAY AVE,1,c0407337
TKVBKL,EMS,Unknown medical emergency,19401,Norristown,LAFAYETTE ST & NOBLE ST,1,068ec407
TKVBP0,Fire,Electrical fire outside,19002,Ambler,WOODLAND AVE & E BUTLER AVE,1,4a6e4a2c
TKVBVX,EMS,Cardiac emergency,19085,Lower Merion,MONTGOMERY AVE & N STONE RIDGE LN,1,6f108952
TKVE61,EMS,Fall victim,19406,Upper Merion,TICONDEROGA DR & CHAMPLAIN DR,1,5e73e90a
TKVEDP,EMS,Cardiac emergency,19072,Narberth,ESSEX AVE & BARRIE RD,1,d372a152
TKVEF0,EMS,Fall victim,19075,Springfield,LYSTER RD & BRUCE RD,1,fd30a6e1
TKVEJA,EMS,Cardiac arrest,19401,Norristown,ASTOR ST & STERIGERE ST,1,7db80973
TKVETV,Fire,Fire special service,19406,Upper Merion,TICONDEROGA DR & CHAMPLAIN DR,1,1c1fe818
TKVF54,EMS,Cardiac arrest,19444,Whitemarsh,CHINABERRY DR & COTTONWOOD CT,1,7ef20858
TKVFAA,Fire,Cardiac arrest,19444,Whitemarsh,CHINABERRY DR & COTTONWOOD CT,1,125ba44b
TKVFBI,EMS,Medical alert alarm,19010,Lower Merion,MONTGOMERY AVE & MORRIS AVE,1,24a3523f
TKVFCN,EMS,Hemorrhaging,19422,Whitpain,BRIDLE LN & FOXTAIL LN,1,ac9a875a
TKVFZI,EMS,Cardiac emergency,19010,Lower Merion,BRYN MAWR AVE & OLD LANCASTER RD,1,ff927505
TKVGI7,Fire,Fire alarm,19046,Jenkintown,YORK RD & HILLSIDE AVE,1,7b4387c8
TKVIDR,EMS,Dizziness,19438,Lower Salford,MAIN ST & OLD SUMNEYTOWN PIKE,1,f90ae060
TKVJHC,EMS,Head injury,19465,Chester County,URNER ST & S HANOVER ST,1,3df8e3ad
TKVJSU,EMS,Fall victim,19034,Upper Dublin,FORT WASHINGTON AVE & CREEK DR,1,a6cddcc0
TKVK94,EMS,Seizures,19027,Cheltenham,OAK LANE RD & VALLEY RD,1,df78afae
TKVKXI,EMS,Hemorrhaging,19044,Horsham,DRESHER RD & GIBRALTAR RD,1,038e26ed
TKVLDY,EMS,Respiratory emergency,19090,Upper Moreland,COMMERCE AVE & MARYLAND RD,1,d4e32029
TKVMM5,EMS,Fall victim,19426,Trappe,7TH AVE & BONNY BROOK AVE,1,882e472d
TKVMOT,EMS,Allergic reaction,19464,Lower Pottsgrove,HIGH ST & BROWN ST,1,890f0b7e
TKVMPR,EMS,Medical alert alarm,19401,Norristown,NEW HOPE ST & CEDAR LN,1,7771c569
TKVMZC,EMS,Nausea/vomiting,19468,Limerick,LINFIELD TRAPPE RD & S TOWNSHIP LINE RD,1,6998052d
TKVN7R,EMS,Diabetic emergency,19446,Lansdale,PERKIOMEN AVE & S MITCHELL AVE,1,7dc47a63
TKVNBG,EMS,Medical alert alarm,19403,Lower Providence,PINETOWN RD & BRENDA LN,1,f1aed322
TKVO7Q,EMS,Head injury,19446,Lansdale,BROAD ST & E 6TH ST,1,148e9cd4
TKVOE0,Fire,Fire alarm,19403,Lower Providence,EAGLEVILLE RD & SUNDERLAND DR,1,2ba8fdbb
TKVOQU,EMS,Unresponsive subject,19038,Abington,EDGE HILL RD & CUSTER AVE,1,8586e17c
TKVORQ,Fire,Fire special service,19446,Lansdale,BROAD ST & E 6TH ST,1,824304e6
TKVQ2O,Traffic,Vehicle accident,19038,Cheltenham,EASTON RD & SPRINGHOUSE LN,1,80249fa1
TKVQ3T,Fire,Fire alarm,19090,Upper Moreland,EASTON RD & ANDREA DR,1,d9202ad0
TKVQA9,Fire,Fire alarm,19446,Lansdale,JENKINS AVE & S BROAD ST,1,721b9eaf
TKVQMF,EMS,Subject in pain,19001,Upper Moreland,COUNTRY CLUB DR & EDGE HILL RD,1,21daedfa
TKVR1T,Traffic,Disabled vehicle,19428,West Conshohocken,MATSONFORD RD & CHURCH ST,1,e3dd7f95
TKVRSZ,Traffic,Vehicle accident,19444,Whitemarsh,JOSHUA RD & RIDGE PIKE,1,3d88e29f
TKVS1N,EMS,Altered mental status,19438,Lower Salford,WALKER CIR & ELLEN WAY,1,4edfd103
TKVSIP,Fire,Fire alarm,19085,Lower Merion,MT PLEASANT RD & CHATEAU LN,1,bd9e09c9
TKVSL5,EMS,Cardiac emergency,19462,Plymouth,SANDY HILL RD & HALLOWELL RD,1,7c75200a
TKVSQQ,Traffic,Vehicle accident,19426,Collegeville,2ND AVE & STINE DR,1,3fdb31c8
TKVTOX,EMS,Head injury,19027,Cheltenham,STRATFORD AVE & MOUNTAIN AVE,1,5ef455f8
TKVTV4,Fire,Trash/dumpster fire,19464,Lower Pottsgrove,WALNUT RIDGE ESTS & KEPLER RD,1,48c6cda7
TKVTZP,EMS,Medical alert alarm,19403,Lower Providence,SHANNONDELL DR & SHANNONDELL BLVD,1,400a90d5
TKVUHQ,EMS,Subject in pain,19401,Norristown,ASTOR ST & W POPLAR ST,1,c7d9a035
TKVUMS,EMS,Fall victim,19446,Towamencin,ALLENTOWN RD & WOODLAWN DR,1,d08afbc3
TKVUP7,Traffic,Vehicle accident,19460,Upper Providence,STATION AVE & EGYPT RD,1,fdf5ba70
TKVURU,Fire,Fire alarm,19085,Lower Merion,MT PLEASANT RD & CHATEAU LN,1,8a19982a
TKVV8N,Traffic,Vehicle accident,19027,Cheltenham,CHELTENHAM AVE & LANFAIR RD,1,c02df1cb
TKVVGA,EMS,Cardiac emergency,19401,Norristown,FORNANCE ST & GREEN VALLEY RD,1,3c9664a1
TKVW0E,EMS,Cardiac emergency,19002,Upper Dublin,ARGYLE AVE & S BETHLEHEM PIKE,1,7270424c
TKVWP5,EMS,Head injury,19465,Chester County,LAURELWOOD RD,1,cb60d6f3
TKVWUX,Fire,Fire investigation,19090,Upper Moreland,LINCOLN AVE & N YORK RD,1,173405cb
TKVWZY,Fire,Fire alarm,19040,Upper Moreland,YORK RD & MORELAND RD,1,371f50ee
TKVX5B,EMS,Fall victim,19401,Norristown,SWEDE ST & E OAK ST,1,623e1dee
TKVXZ8,Fire,Fire special service,19401,Norristown,SWEDE ST & E OAK ST,1,f931f86a
TKVY14,EMS,Cardiac emergency,18073,Upper Hanover,WILD RUN RD & MIA LN,1,7ec9dfe1
TKVY6C,EMS,Nausea/vomiting,19406,Upper Merion,WAYNE DR & CLUBHOUSE RD,1,e90fa360
TKVYA4,Traffic,Vehicle accident,18974,Hatboro,E COUNTY LINE RD & N YORK RD,1,f9babc39
TKVZ2X,Traffic,Vehicle accident,19401,East Norriton,SWEDE RD & MILL RD,1,93a07ff4
TKVZ4P,EMS,Fall victim,19040,Hatboro,PENN ST & E MORELAND AVE,1,4c6c7376
TKVZ4R,Traffic,Vehicle accident,19044,Upper Moreland,BLAIR MILL RD & WITMER RD,1,057923dd
TKVZEE,EMS,Respiratory emergency,19401,Norristown,CHAIN ST & W LOGAN ST,1,c83bfb3e
TKVZQL,Traffic,Vehicle accident,19012,Cheltenham,RYERS AVE & MYRTLE AVE,1,433987e5
TKW07C,Fire,Fire alarm,19087,Upper Merion,DENBIGH LN & UPPER GULPH RD,1,91b34210
TKW0J0,Fire,Fire investigation,19462,Plymouth,BELVOIR RD & VALLEY RD,1,418df8d9
TKW0YY,Fire,Fire alarm,19027,Cheltenham,BEECH AVE & VERNON RD,1,82606938
TKW10X,Traffic,Disabled vehicle,19464,Pottstown,INDUSTRIAL HWY & S KEIM ST,1,c99dc98b
TKW176,EMS,Cardiac emergency,19426,Collegeville,CHESTNUT ST & 7TH AVE,1,98191879
TKW1CZ,EMS,Diabetic emergency,19438,Lower Salford,MAIN ST & GODSHALL DR,1,7e8e9151
TKW1HM,Traffic,Disabled vehicle,19403,Lower Providence,RIDGE PIKE & EAGLEVILLE RD,1,4295fd76
TKW1KC,EMS,Hemorrhaging,19446,Lansdale,5TH ST & UNNAMED ALY,1,9ba28288
TKW1PL,EMS,General weakness,19468,Limerick,MUIRFIELD DR & SPRING HAVEN CIR,1,c32f080c
TKW1TD,EMS,Abdominal pains,19438,Lower Salford,MAIN ST & OLD SUMNEYTOWN PIKE,1,b5a38992
TKW1WC,EMS,Head injury,19096,Lower Merion,LANCASTER AVE & LANKENAU DR,1,9f422b07
TKW20P,Fire,Elevator emergency,19046,Abington,OLD YORK RD & E TOWNSHIP LINE RD,1,f2d16b8f
TKW2HB,Fire,Fire alarm,19010,Lower Merion,ROUND HILL RD & CALAWAY LN,1,5dba0602
TKW2O5,EMS,Nausea/vomiting,18964,Souderton,GREEN ST & WILE AVE,1,cd9b4d85
TKW3CR,EMS,CVA/stroke,19438,Lower Salford,MAIN ST & OLD SUMNEYTOWN PIKE,1,94d0319c
TKW3OM,EMS,Lacerations,19454,Lower Gwynedd,CLAUDIA WAY & TANGLEWOOD DR,1,17b79992
TKW3T2,Traffic,Disabled vehicle,19464,Upper Pottsgrove,GILBERTSVILLE RD & MAUGERS MILL RD,1,6d2f040e
TKW3XT,Traffic,Disabled vehicle,19464,Pottstown,RT100 SB & W KING ST,1,b50d1619
TKW46G,EMS,Cardiac emergency,19454,Lower Gwynedd,FOX CHASE LN & HUNT CLUB TRL,1,9b1068bd
TKW49W,Fire,Fire investigation,19428,Conshohocken,7TH AVE & HARRY ST,1,34de8fbc
TKW4JG,EMS,Cardiac emergency,19464,Pottstown,HIGH ST & ARMAND HAMMER BLVD,1,bf7119c3
TKW4NG,EMS,Fall victim,19403,West Norriton,HIGHLAND AVE & HOOVER AVE,1,1f6285d8
TKW4UL,Traffic,Vehicle accident,19438,Towamencin,FORTY FOOT RD & SUMNEYTOWN PIKE,1,944d5158
TKW4V4,EMS,Subject in pain,19464,New Hanover,CHARLOTTE ST & GRANDVIEW AVE,1,ae11a7ca
TKW507,Traffic,Road obstruction,19454,Montgomery,STUMP RD & HORSHAM RD,1,fedf5134
TKW55Y,EMS,Cardiac emergency,19096,Lower Merion,WYNNEWOOD RD & KNOX RD,1,cfbc3bfd
TKW5AP,EMS,General weakness,19006,Lower Moreland,RED LION RD & PINE RD,1,d66a0297
TKW5EW,Traffic,Vehicle accident,19004,Lower Merion,BELMONT AVE & DAVID RD,1,84498dda
TKW5MP,EMS,Fall victim,19438,Franconia,MAPLEWOOD DR & CRESCENT CIR,1,50a7c595
TKW5PK,EMS,Dizziness,19438,Lower Salford,MAIN ST & GODSHALL DR,1,32b10587
TKW5S8,EMS,Unknown medical emergency,19128,Springfield,RIDGE PIKE & NORTHWESTERN AVE,1,4a7a41e8
TKW64B,EMS,Unconscious subject,19464,Pottstown,HIGH ST & S YORK ST,1,7ab0963c
TKW66X,EMS,General weakness,19426,Collegeville,5TH AVE & BUM HOLLOW RD,1,7b963b5d
TKW67P,EMS,Medical alert alarm,19046,Jenkintown,HARPER AVE,1,18af487e
TKW6E1,EMS,Respiratory emergency,19040,Hatboro,YORK RD & HORSHAM RD,1,0289d9c4
TKW6FO,EMS,Nausea/vomiting,19041,Lower Merion,AVON RD & THORNBURY LN,1,39f157ff
TKW6LQ,Traffic,Vehicle accident,19406,Upper Merion,E VALLEY FORGE RD & N HENDERSON RD,1,09f4a945
TKW6S9,Fire,Fire alarm,19444,Whitemarsh,GERMANTOWN PIKE & N WARNER RD,1,21c116df
TKW6TL,EMS,General weakness,19464,Upper Pottsgrove,HANOVER DR & IRWIN PL,1,d3e39c20
TKW7JS,EMS,Head injury,18969,Franconia,BOSC CT & PEARTREE CIR,1,f86e85c4
TKW7YG,Fire,Trash/dumpster fire,19401,Norristown,MARKLEY ST & W ROBERTS ST,1,09b81504
TKW81X,Fire,Trash/dumpster fire,19444,Springfield,EAGLE VIEW DR & MANOR RD,1,53db1a78
TKW881,EMS,Overdose,19426,Collegeville,E 3RD AVE,1,3acf5968
TKW8CJ,EMS,Fever,19468,Limerick,KING WAY & CROWN POINTE DR,1,457c576a
TKW8KT,EMS,Fall victim,19454,Montgomery,SUSAN CIR & GARDEN GOLF BLVD,1,8a35a1ed
TKW8WD,EMS,Fall victim,18076,Red Hill,SINGER WAY & E 8TH ST,1,59c34730
TKW92R,Traffic,Vehicle accident,19405,Bridgeport,4TH ST & MILL ST,1,109b632f
TKW9C2,Fire,Fire alarm,19002,Ambler,LINDENWOLD AVE & GREENWOOD AVE,1,7a26fa9a
TKW9DS,EMS,Fall victim,19403,West Norriton,TROOPER RD & EISENHOWER AVE,1,85fe56f0
TKW9GH,Traffic,Disabled vehicle,19464,West Pottsgrove,GROSSTOWN RD & MANATAWNY ST,1,d168c857
TKW9OG,EMS,Syncopal episode,19401,East Norriton,JOHNSON HWY & 3RD ST,1,24f0ca3d
TKW9U4,EMS,Fall victim,19034,Upper Dublin,JENNIFER DR & S LIMEKILN PIKE,1,5ddcd4a3
TKWA23,Fire,Trash/dumpster fire,19464,West Pottsgrove,GROSSTOWN RD & ROBERTS DR,1,158c5273
TKWAJ9,EMS,Fall victim,19403,Worcester,WINDY HILL RD & GERMANTOWN PIKE,1,0a44082c
TKWAZQ,Fire,Rescue,19426,Upper Providence,COLLEGEVILLE RD & ARCOLA RD,1,ac1223a5
TKWB08,EMS,Rescue,19426,Upper Providence,COLLEGEVILLE RD & ARCOLA RD,1,0519013e
TKWBE2,Traffic,Vehicle accident,19040,Upper Moreland,DAVISVILLE RD & PIONEER RD,1,042482d8
TKWBYK,EMS,Lacerations,19462,Plymouth,IRWINS LN & PLYMOUTH RD,1,98ac922d
TKWC6T,EMS,Head injury,19006,Abington,HUNTINGDON PIKE & MOREDON RD,1,37802960
TKWCCS,EMS,Fall victim,19446,Lansdale,BROAD ST & E 6TH ST,1,4ba79bb4
TKWCW6,EMS,Fall victim,19464,Lower Pottsgrove,VALLEY RD & N VALLEY RD,1,869cae14
TKWDAQ,EMS,Fall victim,19090,Abington,OSBOURNE AVE & ELLIOTT AVE,1,298793df
TKWDCM,EMS,Back pains/injury,19462,Plymouth,IRWINS LN & PLYMOUTH RD,1,9b0033e4
TKWDDH,EMS,Fracture,19006,Abington,SHERMAN AVE & FELIX RD,1,259176a1
TKWDGA,EMS,Unconscious subject,19025,Upper Dublin,TIMBER LN & TWINING RD,1,762b76cc
TKWDLA,EMS,Respiratory emergency,19401,Norristown,AIRY ST & BARBADOES ST,1,d1bb9435
TKWDSI,EMS,Syncopal episode,19446,Montgomery,CRYSTAL RD & MAPLE DR,1,9196e94d
TKWDTM,Fire,Appliance fire,19401,Norristown,MAIN ST & CHERRY ST,1,c66a18de
TKWDX6,Traffic,Road obstruction,19454,Montgomery,HORSHAM RD & STUMP RD,1,b7e15455
TKWE1G,EMS,Unresponsive subject,19464,Pottstown,SPRUCE ST & AIRY ST,1,ebc2dcf6
TKWE64,EMS,Cardiac emergency,19031,Springfield,BETHLEHEM PIKE & SPRINGFIELD AVE,1,2438dc51
TKWEA7,Traffic,Disabled vehicle,19401,Norristown,HARDING BLVD & COOLIDGE BLVD,1,619b2a40
TKWEBH,Fire,Fire alarm,19096,Lower Merion,COTSWOLD LN & WARICK RD,1,73186ed8
TKWEZ8,Fire,Fire alarm,19403,East Norriton,SANDRA LN & FAITH DR,1,481105e6
TKWF7W,Traffic,Vehicle accident,19001,Abington,SILVER AVE & CLEVELAND AVE,1,33c69122
TKWF99,EMS,Overdose,19446,Montgomery,ASHLEY CIR & MONTGOMERY GLEN DR,1,d3aa1df2
TKWFCZ,EMS,Respiratory emergency,19446,Lansdale,JENKINS AVE & S BROAD ST,1,7d7d3c68
TKWFF7,EMS,Fall victim,19464,Pottstown,2ND ST & JOHNSON ST,1,d1c0a82c
TKWFG5,Traffic,Disabled vehicle,19454,Lower Gwynedd,N BETHLEHEM PIKE & W WELSH RD,1,c99e53fb
TKWFUS,Fire,Fire special service,19464,Pottstown,2ND ST & JOHNSON ST,1,8c4bfec0
TKWFXD,Traffic,Vehicle accident,19446,Towamencin,WEIKEL RD & ORCHARD LN,1,24ba41f1
TKWFY3,EMS,Fall victim,19440,Hatfield Township,TARRINGTON WAY & ORVILLA RD,1,c7af3aaf
TKWG16,EMS,Fall victim,18076,Red Hill,6TH ST & WASHINGTON ST,1,47f6721d
TKWG5B,EMS,Seizures,19465,Chester County,LAURELWOOD RD,1,16898623
TKWG6X,Fire,Fire investigation,19446,Towamencin,SPRING VALLEY RD & KNOLLBROOK DR,1,58c6077c
TKWG8M,EMS,Subject in pain,19002,Horsham,HORSHAM RD & KEITH VALLEY RD,1,84d4cbe0
TKWGC6,Fire,Elevator emergency,19428,Conshohocken,WASHINGTON ST & POPLAR ST,1,e1986912
TKWGN4,EMS,Vehicle accident,19095,Cheltenham,OGONTZ AVE,1,5c3bf54a
TKWGN4-1,EMS,Vehicle accident,19095,Cheltenham,OGONTZ AVE & SHOPPERS LN,1,bc4ba3a6
TKWGQS,Traffic,Disabled vehicle,19006,Rockledge,MONTGOMERY AVE & SHADY LN,1,28e523e4
TKWGVU,EMS,Allergic reaction,18969,Salford,WEBBER RD & RIDGE RD,1,5e21c1b3
TKWGZ1,Fire,Fire alarm,19072,Lower Merion,SUMMIT RD & RIGHTERS MILL RD,1,b72b5402
TKWH4D,Traffic,Vehicle accident,19095,Cheltenham,OGONTZ AVE & SHOPPERS LN,1,7649c874
TKWH5H,EMS,Subject in pain,19038,Abington,JEFFERSON AVE & PENN AVE,1,a18a9815
TKWHBY,EMS,Subject in pain,19044,Horsham,BLAIR MILL RD & WITMER RD,1,71e97ec2
TKWHE0,EMS,General weakness,19465,Chester County,UNION AVE & REIFF AVE,1,5b5fddee
TKWHEV,EMS,Medical alert alarm,19040,Hatboro,MOREBORO RD & WILSON RD,1,a5ced6cf
TKWHGX,EMS,Abdominal pains,19422,Lower Gwynedd,PERSHING RD & GWYNEDD AVE,1,4e962975
TKWHKB,EMS,Syncopal episode,19406,Bridgeport,FORD ST & SCHOOL LN,1,aec6229e
TKWHQ5,EMS,Seizures,19044,Horsham,EASTON RD & PINE AVE,1,ca7df5e9
TKWHS3,EMS,Altered mental status,18092,Lehigh County,MILKY WAY & LIMEPORT PIKE,1,c50d131e
TKWI7X,EMS,Fall victim,19072,Lower Merion,HAGYS FORD RD & CHERMAR LN,1,da7655aa
TKWIGW,Traffic,Road obstruction,19403,West Norriton,PORT INDIAN RD & EGYPT RD,1,a368e06a
TKWIJE,Traffic,Road obstruction,19027,Cheltenham,NEW SECOND ST & CLARION AVE,1,60bd86ee
TKWIKN,EMS,Vehicle accident,19001,Abington,OLD YORK RD & SUSQUEHANNA RD,1,8685acfa
TKWIL7,Traffic,Vehicle fire,19001,Abington,SUSQUEHANNA RD & OLD YORK RD,1,b8c487f2
TKWIL7-1,Traffic,Vehicle accident,19001,Abington,OLD YORK RD & SUSQUEHANNA RD,1,97726d2b
TKWIMT,Fire,Vehicle accident,19001,Abington,OLD YORK RD & SUSQUEHANNA RD,1,4076b1af
TKWJ99,Traffic,Vehicle accident,19001,Abington,WOODLAND RD & EASTON RD,1,51ea74c9
TKWJAO,EMS,Medical alert alarm,19438,Franconia,MAPLEWOOD DR & CRESCENT CIR,1,d0b83010
TKWJAU,Traffic,Vehicle accident,19027,Cheltenham,SCHOOL LN & CHELTENHAM AVE,1,ba673250
TKWJJQ,EMS,Fall victim,19040,Upper Moreland,DAVISVILLE RD & PENNYPACK RD,1,9fed966c
TKWJKA,Traffic,Vehicle accident,19401,Norristown,DEKALB ST & E MARSHALL ST,1,169323a9
TKWJTH,EMS,Fever,19401,East Norriton,HILLCREST AVE & FARVIEW RD,1,9c547ad9
TKWK1O,EMS,Syncopal episode,19403,Lower Providence,EAGLEVILLE RD & SUNDERLAND DR,1,9d92a938
TKWK2P,EMS,Abdominal pains,19040,Upper Moreland,BYBERRY RD & VILLAGE CIR,1,9f895f18
TKWK42,EMS,Syncopal episode,19446,Lansdale,MAIN ST & N BROAD ST,1,6238fbb7
TKWKN2,Traffic,Disabled vehicle,19401,East Norriton,W GERMANTOWN PIKE & SWEDE RD,1,00076873
TKWKRR,Fire,Building fire,19462,Plymouth,FAIRFIELD RD,1,7d1ed0de
TKWKRR-1,Fire,Building fire,19462,Plymouth,FAIRFIELD RD & PENN RD,1,78edf681
TKWLTQ,Fire,Carbon monoxide detector,19090,Abington,WASHINGTON AVE & HAMILTON AVE,1,8d3ce9fa
TKWLTZ,EMS,Carbon monoxide detector,19090,Abington,WASHINGTON AVE & HAMILTON AVE,1,18ca3af1
TKWM08,Fire,Fire investigation,19001,Abington,RADCLIFFE AVE & COLONIAL AVE,1,47fed98b
TKWM22,Traffic,Disabled vehicle,18964,Franconia,GODSHALL RD & HARLEYSVILLE PIKE,1,df005820
TKWMA3,Traffic,Vehicle accident,19003,Lower Merion,BLUEROUTE  & EMERGENCY CROSS OVER,1,07144755
TKWMBH,Fire,Unknown type fire,19446,Lansdale,PENNBROOK PKWY & CHURCH RD,1,2b35bfc7
TKWMBH-1,Fire,Unknown type fire,19446,Lansdale,CHURCH RD & PENNBROOK PKWY,1,bca5c285
TKWMI3,Fire,Fire alarm,19428,Conshohocken,3RD AVE & FAYETTE ST,1,4a6f06fd
TKWMTB,EMS,Fall victim,19038,Springfield,PAPER MILL RD & SKYLINE DR,1,6e74c358
TKWMUR,EMS,Fall victim,19403,Lower Providence,SHANNONDELL DR & SHANNONDELL BLVD,1,3bf9e02a
TKWMWY,EMS,Fall victim,18076,Red Hill,WASHINGTON ST & E 7TH ST,1,47d234d1
TKWMZE,Traffic,Road obstruction,19440,Hatfield Township,ORVILLA RD & LEAS WAY,1,ba8647b8
TKWN37,Fire,Woods/field fire,19446,Lansdale,5TH ST & MAPLE AVE,1,9a8d05fd
TKWN4A,Fire,Fire alarm,19001,Abington,OLD YORK RD & SUSQUEHANNA RD,1,2837a0ba
TKWN8I,EMS,Respiratory emergency,19464,Pottstown,EVANS ST & HIGH ST,1,5add18b6
TKWNED,EMS,Unknown medical emergency,19038,Springfield,MERMAID LN & BEECH LN,1,c598eadc
TKWNPF,Fire,Fire alarm,19446,Montgomery,PINE CREST LN & COUNTRY CLUB DR,1,d3dd5905
TKWOMG,Fire,Electrical fire outside,19027,Cheltenham,SPRING AVE & ASHBOURNE RD,1,b06f6c61
TKWOND,Traffic,Disabled vehicle,19446,Upper Gwynedd,SUMNEYTOWN PIKE & CHURCH RD,1,dcb4387e
TKWOS1,Traffic,Vehicle accident,19004,Lower Merion,E CITY AVE & KINGS GRANT DR,1,39417e5d
TKWOTV,Fire,Fire alarm,19406,Upper Merion,MOORE RD & W 9TH AVE,1,e325f75f
TKWOVM,EMS,Seizures,19465,Chester County,TOWN SQUARE RD & W CEDARVILLE RD,1,30037772
TKWP1D,Fire,Trash/dumpster fire,19012,Cheltenham,MYRTLE AVE & ELM AVE,1,787202b9
TKWP39,Traffic,Vehicle accident,19468,Upper Providence,S 4TH AVE & UNION ST,1,8bafdc49
TKWP73,EMS,Fall victim,19426,Perkiomen,BRIDGE ST & GRATER AVE,1,8e4d84f2
TKWPGV,EMS,Overdose,19038,Cheltenham,WAVERLY RD & HARRISON AVE,1,f723c117
TKWPO8,Fire,Woods/field fire,19440,Hatfield Township,ELROY RD & HERTFORD DR,1,7664c0ac
TKWPO8-1,Fire,Woods/field fire,19440,Hatfield Township,FORTY FOOT RD & MCARTHUR DR,1,9bb4e283
TKWPUC,Fire,Trash/dumpster fire,19446,Upper Gwynedd,JACKSON ST & STATE ST,1,9fbc5e1a
TKWPYB,Fire,Trash/dumpster fire,19464,Pottstown,KING ST & MANATAWNY ST,1,0de27416
TKWQ3G,Fire,Trash/dumpster fire,19401,Norristown,MAIN ST & KNOX ST,1,fd00f75c
TKWQ7U,Fire,Building fire,19403,Lower Providence,NIGHTHAWK CIR & REDTAIL RD,1,5f8123b9
TKWQDH,Fire,Trash/dumpster fire,19401,Norristown,E AIRY ST,1,f83025da
TKWQG8,Fire,Woods/field fire,19401,East Norriton,BRISTOL AVE,1,03d7528f
TKWQK6,Traffic,Disabled vehicle,19422,Whitpain,DEKALB PIKE & MORRIS RD,1,24112dde
TKWQN7,Fire,Fire investigation,19001,Abington,RADCLIFFE AVE & COLONIAL AVE,1,b75d33a5
TKWQO8,Traffic,Vehicle accident,19040,Upper Moreland,ORANGEMANS RD & PLEASANT HILL RD,1,ac855c28
TKWQPE,Fire,Trash/dumpster fire,19440,Hatfield Township,DEER RUN RD & SCHWAB RD,1,02f9c0a9
TKWQQZ,EMS,EMS special service,19038,Springfield,PAPER MILL RD & CHELTENHAM AVE,1,7d5f392d
TKWQUQ,Fire,Trash/dumpster fire,18969,Telford,4TH ST & ERIE AVE,1,148ba2c4
TKWQX9,Fire,Trash/dumpster fire,19401,Norristown,BARBADOES ST,1,f41e333f
TKWR4E,Fire,Woods/field fire,19002,Ambler,CHERRY LN,1,cc2f3f88
TKWR4E-1,Fire,Woods/field fire,19002,Ambler,HAYWOOD RD & WALKER RD,1,184431d2
TKWR6R,Fire,Trash/dumpster fire,19464,Pottstown,KING ST & MANATAWNY ST,1,03686563
TKWRAM,EMS,Syncopal episode,19044,Horsham,JACK LADDER CIR & LOG POND DR,1,c50a7cbc
TKWRED,EMS,Cardiac emergency,19462,Plymouth,RIDGE PIKE & LUCETTA ST,1,9ea8fdf1
TKWRFE,EMS,Cardiac arrest,19438,Towamencin,HEDGEROW WAY & GREEN LANE RD,1,87150c03
TKWRI8,EMS,Maternity,19401,Norristown,W OAK ST,1,7b5b10f5
TKWRKW,Fire,Trash/dumpster fire,19090,Upper Moreland,DIVISION AVE,1,7d569bc9
TKWRN9,Fire,Trash/dumpster fire,19401,Norristown,OAK ST & ARCH ST,1,8adc4261
TKWRUE,EMS,Respiratory emergency,19446,Lansdale,JENKINS AVE & S BROAD ST,1,674177c5
TKWRWV,Fire,Trash/dumpster fire,19468,Royersford,SPRUCE ST & N 5TH AVE,1,a552549e
TKWS0R,Traffic,Vehicle accident,19010,Lower Merion,MT PLEASANT RD & WAVERLY RD,1,c9bf5673
TKWS1W,EMS,Back pains/injury,19446,Lansdale,MITCHELL AVE & UNNAMED ALY,1,eb3db2f1
TKWS6P,Fire,Unknown type fire,19090,Upper Moreland,WELSH RD,1,f2f90aa2
TKWS6P-1,Fire,Unknown type fire,19090,Abington,W MORELAND RD,1,75e12c24
TKWSDH,EMS,Medical alert alarm,19403,West Norriton,MARSHALL ST & N MONTGOMERY AVE,1,620f6b80
TKWSJR,Traffic,Vehicle accident,19040,Upper Moreland,ORANGEMANS RD & PLEASANT HILL RD,1,997c1bfa
TKWSTI,Fire,Building fire,19031,Springfield,MCCLOSKEY RD & KOPLEY RD,1,a1d3210b
TKWSZX,EMS,Seizures,18041,East Greenville,BLAKER DR & HAMILTON RD,1,17065503
TKWTLU,EMS,Cardiac emergency,19401,Norristown,WILLOW ST & E BASIN ST,1,ab9fea43
TKWTNR,Fire,Building fire,19464,Lower Pottsgrove,BLEIM RD & N CHARLOTTE ST,1,83758f71
TKWTQ2,Fire,Vehicle fire,18073,Upper Hanover,ROSEMONT TER & UNNAMED ALY,1,446b05af
TKWTUZ,Fire,Building fire,19473,Lower Frederick,GRIMLEY RD & LAUREEN RD,1,931c5fee
TKWTXF,EMS,Unknown medical emergency,19401,Norristown,NOBLE ST & W LAFAYETTE ST,1,a36e2bf0
TKWU4L,Fire,Trash/dumpster fire,19401,Norristown,JAMES ST & STANBRIDGE ST,1,939730ef
TKWUHG,EMS,Medical alert alarm,19403,Lower Providence,SHANNONDELL DR & SHANNONDELL BLVD,1,9328d43d
TKWUKU,Traffic,Vehicle accident,19464,Pottstown,KING ST & MANATAWNY ST,1,d9d00930
TKWUKU-1,Traffic,Vehicle accident,19464,Pottstown,W KING ST & MANATAWNY ST,1,55f492d9
TKWV0E,EMS,Respiratory emergency,18073,Pennsburg,MACOBY ST & E 5TH ST,1,9543d9ed
TKWV0U,Traffic,Vehicle accident,19401,Norristown,SWEDE ST & W ELM ST,1,4bd1fffa
TKWV4N,Fire,Trash/dumpster fire,19002,Ambler,SPRING GARDEN ST & E BUTLER AVE,1,bb363c4f
TKWVCO,EMS,Respiratory emergency,19401,Norristown,AIRY ST & ASTOR ST,1,aa0d9b45
TKWVDM,Fire,Trash/dumpster fire,19462,Plymouth,GERMANTOWN PIKE & JOHNSON RD,1,0fadb841
TKWVKQ,Fire,Vehicle fire,19040,Hatboro,CONCORD PL & VILLAGE PL,1,9c0bff72
TKWVNC,Fire,Unknown type fire,19440,Hatfield Township,ORVILLA RD & WELSH RD,1,f8ecf14e
TKWVQH,Traffic,Vehicle fire,19040,Hatboro,CONCORD PL & VILLAGE PL,1,b6c874e7
TKWVT0,EMS,Fracture,19403,West Norriton,WOODSTREAM DR & WESTOVER CLUB DR,1,ffdba316
TKWVVA,EMS,Respiratory emergency,18041,East Greenville,STATE ST & 4TH ST,1,dc3c680e
TKWVY8,EMS,Fall victim,19046,Rockledge,ROBBINS AVE & HUNTINGDON PIKE,1,37e3f394
TKWW52,EMS,Unconscious subject,19027,Abington,TOWNSHIP LINE RD & CHURCH RD,1,78f45523
TKWWF0,EMS,Respiratory emergency,19401,Norristown,STANBRIDGE ST & W BLACKBERRY ALY,1,f4b9e0b9
TKWWO0,EMS,Altered mental status,19438,Towamencin,CONTINENTAL DR & MONROE DR,1,73f23a46
TKWWXL,EMS,Respiratory emergency,19034,Upper Dublin,CAMP HILL RD & OFFICE CENTER DR,1,f960b9f3
TKWX7X,EMS,Unknown medical emergency,19090,Upper Moreland,YORK RD & DAVISVILLE RD,1,6811c0b0
TKWYR5,Fire,Trash/dumpster fire,19401,Norristown,SANDY ST & KELLY DR,1,12a515fe
TKWYYG,Fire,Fire alarm,19426,Perkiomen,MUSKET CT & GUNPOWDER CT,1,1e514ddf
TKWZ69,EMS,Seizures,19405,Bridgeport,PROSPECT AVE & FRALEY ST,1,90ceef7b
TKWZ7W,EMS,Fall victim,19460,Upper Providence,BLACK ROCK RD & S COLLEGEVILLE RD,1,81ea3476
TKWZBL,EMS,Cardiac arrest,19454,Montgomery,ROSS CT & WESTGATE DR,1,244bd066
TKWZND,Fire,Fire alarm,19462,Plymouth,PLYMOUTH RD & RITTENHOUSE SQ,1,6c87c55e
TKX070,EMS,Altered mental status,19006,Abington,MEADOWBROOK DR & HUNTINGDON PIKE,1,d5828f64
TKX0GW,EMS,Seizures,19401,Norristown,LAFAYETTE ST & SWEDE ST,1,2f0ce9bb
TKX1TC,EMS,Medical alert alarm,19403,Lower Providence,SHANNONDELL DR & SHANNONDELL BLVD,1,f3d214df
TKX1UO,EMS,Subject in pain,19464,Pottstown,HANOVER ST & FARMINGTON AVE,1,f6b9479c
TKX1VR,EMS,Seizures,19040,Upper Moreland,WARMINSTER RD & SURREY LN,1,61079e17
TKX2B0,EMS,Cardiac emergency,18964,Franconia,DEERFIELD DR & COVENTRY PL,1,10eeea53
TKX2CD,EMS,Fall victim,19446,Lansdale,BROAD ST & E 6TH ST,1,e6a210f9
TKX2JW,EMS,Head injury,19401,Norristown,CHAIN ST & W OAK ST,1,5e30c1e7
TKX2WJ,EMS,Assault victim,19464,Pottstown,OAK ST & N HANOVER ST,1,1391ae8e
TKX319,EMS,Assault victim,19446,Lansdale,SUSQUEHANNA AVE,1,66ba6a1c
TKX3GL,EMS,Nausea/vomiting,19046,Abington,SUSQUEHANNA RD & WASHINGTON LN,1,9dbb96fd
TKX3N9,EMS,Overdose,19401,Norristown,HAMILTON ST & W MARSHALL ST,1,019678f2
TKX3QK,EMS,Seizures,19046,Jenkintown,HIGHLAND AVE & SUMMIT AVE,1,325d44c7
TKX3ZN,Fire,Building fire,19038,Abington,EDGE HILL RD & EASTON RD,1,0d43d61e
TKX3ZZ,EMS,Building fire,19038,Abington,EDGE HILL RD & EASTON RD,1,3cafbfd4
TKX454,EMS,Unknown medical emergency,19002,Horsham,WELSH RD & LOWER STATE RD,1,50f7212f
TKX49S,EMS,Overdose,19006,Lower Moreland,BYRON RD & ANDREW RD,1,07754b16
TKX51U,Fire,Fire investigation,19401,Norristown,MAIN ST & NOBLE ST,1,f9118daf
TKX60K,Fire,Fire investigation,19034,Whitemarsh,PENNSYLVANIA AVE & SUMMIT AVE,1,294dd220
TKX6FE,Fire,Unknown type fire,19464,Pottstown,KING ST & MANATAWNY ST,1,9d4b2a8f
TKX7GX,Fire,Carbon monoxide detector,19446,Upper Gwynedd,PENNGROVE TER & MORRIS RD,1,35316a26
TKX7HC,EMS,Carbon monoxide detector,19446,Upper Gwynedd,PENNGROVE TER & MORRIS RD,1,1887d415
TKX7XB,EMS,Head injury,19087,Chester County,OLD SCHUYLKILL RD & CONNECTING ROAD,1,768bee11
TKX8OF,EMS,Unknown medical emergency,18041,East Greenville,BLAKER DR,1,6886d929
TKX941,EMS,Head injury,19041,Lower Merion,LANCASTER AVE & BOOTH LN,1,8adc348c
TKX9KA,Traffic,Disabled vehicle,19446,Montgomery,DOYLESTOWN PIKE & COUNTRY CLUB DR,1,5e82b8ad
TKX9LK,Fire,Fire alarm,19401,Norristown,NOBLE ST & W LAFAYETTE ST,1,46a99125
TKXA1H,EMS,Fever,19040,Upper Moreland,BYBERRY RD & VILLAGE CIR,1,d1b56a48
TKXAAF,Traffic,Disabled vehicle,19004,Lower Merion,E CITY AVE & PRESIDENTIAL BLVD,1,e7b2b72a
TKXAMZ,EMS,Assault victim,19464,Pottstown,KING ST & CUSTER CT,1,dc9d485c
TKXCF8,EMS,Hemorrhaging,19401,East Norriton,SWEDE RD & EVERGREEN AVE,1,5265a9f2
TKXCL2,EMS,Cardiac emergency,19403,Skippack,MOKYCHIC RD & PRISON RD,1,391c8fe7
TKXD1U,Traffic,Disabled vehicle,19462,Whitemarsh,STENTON AVE & W BUTLER PIKE,1,a07e0270
TKXEOI,Fire,Electrical fire outside,19454,North Wales,S 3RD ST,1,1d87d059
TKXF48,EMS,Back pains/injury,19468,Limerick,RIDGE PIKE & N TOWNSHIP LINE RD,1,029f70ef
TKXF68,Fire,Building fire,19454,Montgomery,REGENCY DR & TENNYSON LN,1,3a641dd1
TKXFJ9,EMS,Nausea/vomiting,19462,Whitemarsh,STENTON AVE & W BUTLER PIKE,1,74d15beb
TKXFL2,EMS,Building fire,19454,Montgomery,REGENCY DR & TENNYSON LN,1,bc0f4a3d
TKXG6F,EMS,Cardiac emergency,19454,Montgomery,HICKORY LN & STREAM VIEW DR,1,0e0ef736
TKXGRI,EMS,Respiratory emergency,19095,Cheltenham,WASHINGTON LN & W CHURCH RD,1,3daf350f
TKXGZB,EMS,Subject in pain,19464,Pottstown,WALNUT ST & GRANT ST,1,3bfc19ac
TKXHJA,EMS,Seizures,19401,East Norriton,BEECHWOOD RD & PENN SQUARE RD,1,b8684769
TKXHN7,EMS,Respiratory emergency,19072,Narberth,WOODBINE AVE & HAMPDEN AVE,1,a27730f9
TKXJ9Z,EMS,Hemorrhaging,19401,East Norriton,MILL RD & SWEDE RD,1,cdaf6eb6
TKXJLH,EMS,Cardiac arrest,19128,Springfield,RIDGE PIKE & NORTHWESTERN AVE,1,943eeaf8
TKXJTW,EMS,Fall victim,19462,Plymouth,GRAVERS RD & THOMAS RD,1,8f350437
TKXKFQ,EMS,Fever,19034,Whitemarsh,STENTON AVE & MILITIA HILL RD,1,44a8e74f
TKXKGP,EMS,Fall victim,19035,Lower Merion,WAVERLY RD & YOUNGS FORD RD,1,227c7129
TKXKM8,EMS,Fall victim,19446,Upper Gwynedd,LILAC CT & PRIMROSE DR,1,341efd53
TKXL5S,EMS,Head injury,19027,Cheltenham,VALLEY RD & N 12TH ST,1,3062692b
TKXLET,EMS,Respiratory emergency,19038,Upper Dublin,LOGAN AVE & WALNUT AVE,1,b5aea3ed
TKXM1X,EMS,CVA/stroke,19040,Horsham,COUNTY LINE RD & MEETINGHOUSE RD,1,0f867203
TKXMKQ,EMS,Medical alert alarm,19504,Douglass,CONGO NIANTIC RD & HOFFMAN RD,1,77c2345a
TKXMOO,EMS,Medical alert alarm,19403,Lower Providence,SHANNONDELL DR & SHANNONDELL BLVD,1,83542657
TKXN6P,EMS,Unknown medical emergency,19406,Upper Merion,RENAISSANCE BLVD,1,b71c9870
TKXNL6,EMS,Cardiac emergency,19003,Lower Merion,SCHOOL LN & SHELDON LN,1,6f2648c4
TKXNLZ,Fire,Vehicle fire,19027,Cheltenham,RODGERS RD & SERPENTINE LN,1,df1d69ae
TKXNM1,Traffic,Vehicle fire,19027,Cheltenham,RODGERS RD & SERPENTINE LN,1,95433fc9
TKXO3X,EMS,Head injury,19090,Abington,COOLIDGE AVE & PHIPPS AVE,1,c12aac29
TKXOM6,Traffic,Hazardous road conditions,19444,Whitemarsh,GERMANTOWN PIKE & KERPER RD,1,7e63bfdd
TKXP1M,Traffic,Disabled vehicle,19004,Lower Merion,BELMONT AVE & E LEVERING MILL RD,1,c946ae0e
TKXP4W,Traffic,Vehicle accident,19004,Lower Merion,RIGHTERS FERRY RD & BELMONT AVE,1,92222811
TKXP5Y,Traffic,Disabled vehicle,19464,Limerick,AIRPORT RD & LIGHTCAP RD,1,41925be7
TKXPHS,EMS,Fall victim,19001,Abington,EDGEWOOD AVE & PERSHING AVE,1,9a8bdf11
TKXPIZ,EMS,Head injury,19006,Abington,OAK HILL DR & HIDDEN POND LN,1,ddd44b97
TKXPLE,EMS,Seizures,19426,Upper Providence,MEADOWLAND DR & BELLMONT DR,1,df9dd629
TKXQ0S,EMS,Unresponsive subject,19066,Lower Merion,OLD LANCASTER RD & UPLAND TER,1,2dd3f993
TKXQ4P,EMS,Cardiac emergency,19031,Springfield,COLLEGE AVE & SCHNELL AVE,1,7be5e7cc
TKXQRN,Traffic,Vehicle accident,18964,Souderton,NOBLE ST & S FRONT ST,1,e48214ec
TKXQZ2,EMS,Respiratory emergency,19090,Upper Moreland,YORK RD & LAKEVUE DR,1,0975db59
TKXQZY,EMS,Medical alert alarm,19087,Upper Merion,BOB WHITE RD & BOB WHITE TER,1,57688385
TKXR6T,EMS,Heat exhaustion,19464,Pottstown,W KING ST,1,a92eaa7d
TKXRIG,EMS,Respiratory emergency,19492,Upper Frederick,BIG RD & FREDERICK DR,1,dcb25439
TKXRSD,EMS,Syncopal episode,19401,Norristown,MAIN ST & BARBADOES ST,1,fe20eef7
TKXRU7,EMS,Respiratory emergency,19446,Lansdale,OAKLAND AVE & LAUREL LN,1,b9ff0f3f
TKXRV7,EMS,Respiratory emergency,19446,Upper Gwynedd,SUMNEYTOWN PIKE & MERCK GATE 1,1,244a6fa4
TKXRZZ,Traffic,Vehicle accident,19027,Cheltenham,CHELTENHAM AVE & N BOUVIER ST,1,b1450b27
TKXSB2,Fire,Gas-odor/leak,19426,Collegeville,MAIN ST & CLAMER AVE,1,53cfcf87
TKXSJD,Fire,Fire alarm,19464,West Pottsgrove,UPLAND SQUARE DR & SELL RD,1,30110a50
TKXTDX,EMS,Unresponsive subject,19001,Abington,ROCKWELL RD & MYRTLEWOOD AVE,1,e55f8a3a
TKXTK8,EMS,Subject in pain,19401,Norristown,WALNUT ST & E MAIN ST,1,e7abc623
TKXTO4,EMS,Hemorrhaging,19401,Norristown,MARSHALL ST & SWEDE ST,1,3abb015a
TKXTZT,EMS,Respiratory emergency,19405,Bridgeport,2ND ST & MILL ST,1,8e9c8fcf
TKXU0K,EMS,Respiratory emergency,19438,Lower Salford,MAIN ST & KULP RD,1,87a7a143
TKXU60,Fire,Vehicle leaking fuel,19403,West Norriton,MAIN ST & JEFFERSON AVE,1,035a128d
TKXU6W,Traffic,Vehicle leaking fuel,19403,West Norriton,MAIN ST & JEFFERSON AVE,1,1c1c237f
TKXU7F,EMS,Respiratory emergency,19446,Lansdale,BROAD ST & E 6TH ST,1,8232020d
TKXUBJ,EMS,Medical alert alarm,19422,Whitpain,AMBERLEY DR & MORRIS RD,1,912d2d80
TKXUH7,EMS,Fall victim,19438,Franconia,MAPLE AVE & YODER RD,1,39948c8c
TKXUI6,EMS,Hemorrhaging,19075,Springfield,EDANN RD & E HEATHER RD,1,15fb4437
TKXVCA,EMS,Altered mental status,19401,East Norriton,PACER LN & MEADOWBROOK RD,1,24282079
TKXVKP,EMS,Medical alert alarm,19066,Lower Merion,OLD LANCASTER RD & UPLAND TER,1,6c02423c
TKXVU4,EMS,Fall victim,19422,Whitpain,SPRINGHOUSE LN & FARM DR,1,03b827ba
TKXW2R,Fire,Building fire,19454,Montgomery,HARLEY CT & DESTINY WAY,1,8c10f706
TKXW53,EMS,Respiratory emergency,19444,Whitemarsh,JOSHUA RD & CEDAR GROVE RD,1,498b6d64
TKXW6P,EMS,Fall victim,19040,Upper Moreland,DAVISVILLE RD & PENNYPACK RD,1,d4366d09
TKXWFF,Traffic,Disabled vehicle,19035,Lower Merion,MILL CREEK RD & CONSHOHOCKEN STATE RD,1,b8083693
TKXWHH,Fire,Fire alarm,19090,Upper Moreland,FOREST AVE & SCHOOL HOUSE LN,1,30272cea
TKXWII,EMS,Cardiac emergency,19428,Whitemarsh,HECTOR ST & WALNUT ST,1,0c4e2c5a
TKXWNI,EMS,Respiratory emergency,18073,Upper Hanover,VINTAGE CIR & ROSE DR,1,a7fd976f
TKXWSM,EMS,Subject in pain,19446,Towamencin,WESTHAMPTON WAY & TROXEL RD,1,f6cd5ff1
TKXWSP,Traffic,Disabled vehicle,19464,Upper Pottsgrove,RT100 SB & N STATE ST,1,29d5a298
TKXWXK,Fire,Electrical fire outside,19095,Cheltenham,HEACOCK LN & W CHURCH RD,1,6f1b629d
TKXWZQ,EMS,Building fire,19454,Montgomery,HARLEY CT & DESTINY WAY,1,e4225cb6
TKXX1D,EMS,Seizures,19401,Norristown,CORSON ST & W BLACKBERRY ALY,1,60ef5b23
TKXXFD,EMS,Altered mental status,19525,New Hanover,MIDDLE CREEK RD & CHALET RD,1,d4945e28
TKXXNH,Traffic,Road obstruction,19035,Lower Merion,MERION SQUARE RD & GLENMOOR RD,1,e8e62162
TKXXV3,Traffic,Disabled vehicle,19406,Upper Merion,DEKALB PIKE & TOWN CENTER RD,1,1280bcb6
TKXXYN,EMS,Respiratory emergency,19401,Norristown,SWEDE ST & W LAFAYETTE ST,1,190f598b
TKXY8Y,EMS,Fall victim,19006,Abington,MEADOWBROOK DR & HUNTINGDON PIKE,1,ae276339
TKXYCA,Fire,Electrical fire outside,19401,Norristown,WILLOW ST & HEAVNER ALY,1,eafef02d
TKXYUI,EMS,Unconscious subject,19462,Plymouth,GERMANTOWN PIKE & LAUNFALL RD,1,3fef2e83
TKXYWI,Traffic,Vehicle accident,18964,Franconia,ALLENTOWN RD & ELROY RD,1,278a15bc
TKXZ0E,EMS,CVA/stroke,19002,Upper Dublin,ISAACS CT & S SPRING HILL DR,1,c311943c
TKXZ4J,Traffic,Disabled vehicle,19406,Upper Merion,S GULPH RD & S HENDERSON RD,1,a66f9d85
TKXZDT,Traffic,Disabled vehicle,19066,Lower Merion,OLD LANCASTER RD & CITY AVE,1,79be7d75
TKXZQX,Traffic,Vehicle accident,19464,Pottstown,BEECH ST & N HANOVER ST,1,b43ae621
TKXZQX-1,Traffic,Vehicle accident,19464,Pottstown,WALNUT ST & N HANOVER ST,1,1a36d681
TKXZRX,EMS,Hemorrhaging,19464,Lower Pottsgrove,HIGH ST & BROWN ST,1,004d6036
TKXZSS,EMS,Respiratory emergency,19454,Montgomery,PHEASANT RUN & STREAM VIEW DR,1,1d977c91
TKXZTR,Traffic,Vehicle accident,19440,Hatfield Township,WASHINGTON LN & TRUMAN DR,1,41aca143
TKXZVV,Fire,Electrical fire outside,19473,Limerick,STEINMETZ RD & LAVER RD,1,d25dc6d9
TKY04T,Traffic,Vehicle accident,18964,Franconia,ALLENTOWN RD & ELROY RD,1,3384cdba
TKY059,Fire,Fire alarm,19468,Royersford,WALNUT ST & S 4TH AVE,1,1fca9bd8
TKY06K,EMS,Assault victim,19403,Lower Providence,EAGLEVILLE RD & SUNDERLAND DR,1,bd609c95
TKY08N,Fire,Appliance fire,19464,Pottstown,MANATAWNY ST & UPLAND ST,1,3bc11fb4
TKY0DW,EMS,Hazardous materials incident,19403,Lower Providence,SHANNONDELL DR & SHANNONDELL BLVD,1,f34a7f2e
TKY0GP,Fire,Hazardous materials incident,19403,Lower Providence,SHANNONDELL DR & SHANNONDELL BLVD,1,eb4041fd
TKY0JE,Fire,Woods/field fire,19422,Whitpain,DEKALB PIKE & SKIPPACK PIKE,1,9ab6b7e5
TKY13C,EMS,Cardiac emergency,19462,Plymouth,GERMANTOWN PIKE & WALTON RD,1,a419808f
TKY159,EMS,CVA/stroke,19004,Lower Merion,BELMONT AVE & COLWYN LN,1,eadcfb9d
TKY175,EMS,Syncopal episode,18964,Franconia,SUMMIT ST & COLONIAL AVE,1,7e6beb6c
TKY1JY,EMS,Fall victim,19006,Abington,MEADOWBROOK DR & HUNTINGDON PIKE,1,40144691
TKY1YD,EMS,Unresponsive subject,19401,East Norriton,HILLCREST AVE & EVERGREEN AVE,1,4669d18f
TKY1ZM,Fire,Woods/field fire,19438,Lower Salford,MAIN ST & OLD SUMNEYTOWN PIKE,1,1968471f
TKY2FB,EMS,Fall victim,19096,Lower Merion,WYNNEWOOD RD & W OLD WYNNEWOOD RD,1,c3cf5f91
TKY2GB,EMS,Syncopal episode,19428,Conshohocken,FAYETTE ST & E 1ST AVE,1,3993cc49
TKY2H0,EMS,Woods/field fire,19438,Lower Salford,MAIN ST & OLD SUMNEYTOWN PIKE,1,7b98c069
TKY2HT,EMS,Overdose,19001,Abington,RUBICAM AVE,1,48c0a349
TKY2HT-1,EMS,Overdose,19090,Abington,PROSPECT AVE & RUBICAM AVE,1,77b1ae43
TKY2JL,Traffic,Vehicle accident,18964,Telford,MAIN ST & E BROAD ST,1,04153586
TKY2KN,Traffic,Vehicle accident,19464,Upper Pottsgrove,RT100 SB & W MOYER RD,1,aecff56d
TKY2ML,Fire,Vehicle accident,18964,Telford,MAIN ST & E BROAD ST,1,f96c4042
TKY2MQ,EMS,Vehicle accident,18964,Telford,MAIN ST & E BROAD ST,1,bd0aa372
TKY2R8,Traffic,Vehicle accident,19401,Norristown,W MAIN ST & GEORGE ST,1,e1c5dc07
TKY2VP,Fire,Fire alarm,19095,Cheltenham,GREENWOOD AVE & SPRUCE LN,1,da5c4c5f
TKY349,Fire,Woods/field fire,19468,Upper Providence,RIDGE PIKE & KLINE RD,1,4f42701d
TKY37R,EMS,Fall victim,18964,Souderton,SCHOOL LN & LINCOLN AVE,1,86b06bf1
TKY3J5,EMS,CVA/stroke,19040,Hatboro,JACKSONVILLE RD & TERRACE AVE,1,af07d5da
TKY3LX,Fire,Fire alarm,19131,Lower Merion,CITY AVE & N 53RD ST,1,dda90fe6
TKY3S6,EMS,Respiratory emergency,19446,Upper Gwynedd,SULLIVAN DR & MIFFLIN DR,1,b259b4c7
TKY42T,Fire,Fire alarm,19010,Lower Merion,ROUND HILL RD & CALAWAY LN,1,7ce10e45
TKY46C,EMS,General weakness,19444,Whitemarsh,BASSWOOD DR & CREEKVIEW TER,1,2f25471e
TKY46C-1,EMS,General weakness,19444,Whitemarsh,BASSWOOD DR & CHERRYDALE DR,1,2124ad7b
TKY48D,Traffic,Vehicle accident,19438,Franconia,EXTENSION PENNSYLVANIA TPKE & SCHOOLHOUSE RD ACCESS GATE,1,04b59f87
TKY4BX,Fire,Fire investigation,19401,Norristown,WILLOW ST & HEAVNER ALY,1,a12800e2
TKY4E9,EMS,Altered mental status,19040,Hatboro,WARREN RD & MOREBORO RD,1,e1b78d95
TKY4OU,EMS,Head injury,19004,Lower Merion,MARY WATERS FORD RD & SMITH DR,1,732e7bba
TKY4S3,EMS,Assault victim,19403,East Norriton,IRENIC CT & WOODLAND AVE,1,c17b8763
TKY4X4,EMS,General weakness,19464,Lower Pottsgrove,BRADLEY WAY & HEATHER LN,1,007fece0
TKY53E,EMS,Unconscious subject,19464,Upper Pottsgrove,HANOVER DR & IRWIN PL,1,ff7a672e
TKY570,EMS,Hemorrhaging,19044,Horsham,JARRETT RD & BABYLON RD,1,00c38295
TKY575,Traffic,Vehicle accident,19044,Horsham,HORSHAM RD & DRESHER RD,1,685595d2
TKY57R,EMS,Subject in pain,19040,Hatboro,MORELAND AVE & S YORK RD,1,ba4ad172
TKY59U,EMS,Fall victim,19046,Abington,UPLAND AVE & RYDAL RD,1,486a10e5
TKY5FY,Traffic,Vehicle accident,19401,Norristown,AIRY ST & CHERRY ST,1,51594e3b
TKY72D,EMS,Medical alert alarm,19403,Lower Providence,SHANNONDELL DR & SHANNONDELL BLVD,1,5db384fc
TKY74S,EMS,Heat exhaustion,19401,Norristown,ARCH ST & CLAY ALY,1,8dd89608
TKY7E9,EMS,Cardiac emergency,19446,Lansdale,2ND ST & UNNAMED ALY,1,1a4d1ec0
TKY7FG,Fire,Woods/field fire,19438,Lower Salford,MAIN ST & OLD SUMNEYTOWN PIKE,1,d09ff2bb
TKY7GO,EMS,CVA/stroke,19027,Abington,CYPRESS AVE & OSCEOLA AVE,1,16743a53
TKY7J5,EMS,Cardiac emergency,19406,Upper Merion,PARK LN & OLD FORT RD,1,460f7a4c
TKY7UL,Fire,Fire alarm,19422,Whitpain,HARROW LN & DEAD END,1,b73abc39
TKY7VE,EMS,Back pains/injury,19002,Lower Gwynedd,PENLLYN PIKE & FOXFIELD RD,1,b9087a82
TKY88O,EMS,CVA/stroke,19044,Horsham,ROBERTS AVE & MORRIS RD,1,f8047455
TKY89F,EMS,Unconscious subject,19403,Lower Providence,EAGLEVILLE RD & SUNDERLAND DR,1,9112c9d8
TKY8M4,EMS,Cardiac emergency,19044,Horsham,JACK LADDER CIR & LOG POND DR,1,fce04907
TKY8O0,Fire,Electrical fire outside,19401,Norristown,OAK ST & GREEN ST,1,928af4be
TKY8O0-1,Fire,Electrical fire outside,19401,Norristown,OAK ST & HIGH ALY,1,72308990
TKY8RI,EMS,Cardiac emergency,19525,Douglass,VILLAGE GREEN DR & BARTMAN AVE,1,e04ce26a
TKY8V0,Fire,Fire alarm,19438,Lower Salford,MONTGOMERY DR & HAMILTON DR,1,28757dde
TKY8W9,Fire,Fire alarm,19004,Lower Merion,ROCK HILL RD & CONSHOHOCKEN STATE RD,1,12e1c561
TKY8XK,EMS,Lacerations,19473,Limerick,JESSICA CIR & ASHFORD WAY,1,2f324347
TKY9OY,EMS,Head injury,19462,Plymouth,GERMANTOWN PIKE & WALTON RD,1,1fab984a
TKY9QN,Traffic,Vehicle accident,19040,Hatboro,PENN ST & E MORELAND AVE,1,5060ae12
TKY9RL,Fire,Trash/dumpster fire,19095,Abington,WASHINGTON LN & TOWNSHIP LINE RD,1,aa85113c
TKY9WJ,Fire,Woods/field fire,19438,Lower Salford,MAIN ST & CLEMENS RD,1,da681ed7
TKYA62,Fire,Electrical fire outside,19464,Lower Pottsgrove,BROOKSIDE RD & LONGVIEW PL,1,6197bd59
TKYACZ,EMS,Unconscious subject,19422,Whitpain,SULLIVAN DR & STIRLING WAY,1,be32596d
TKYAEM,Traffic,Vehicle accident,19090,Upper Moreland,EASTON RD & MILL RD,1,a1236b57
TKYALI,Traffic,Vehicle accident,19454,Montgomery,HORSHAM RD & NORTH WALES RD,1,6fcd0c42
TKYB5O,EMS,Cardiac arrest,19027,Cheltenham,OLD YORK RD & SPRING AVE,1,9cda32f2
TKYB9K,EMS,Altered mental status,19001,Abington,RADCLIFFE AVE & BRADFIELD RD,1,a4a927cb
TKYBF2,EMS,Fall victim,19002,Ambler,BETHLEHEM PIKE & ARGYLE AVE,1,87ed69b5
TKYBHA,EMS,Nausea/vomiting,19090,Upper Moreland,FITZWATERTOWN RD & BARTRAM RD,1,a87b5db0
TKYBKD,EMS,Hemorrhaging,19438,Towamencin,GREENBRIAR CT & WOOD HOLLOW DR,1,7c39e07c
TKYBO8,Fire,Carbon monoxide detector,19422,Whitpain,WHITPAIN HLS & SKIPPACK PIKE,1,36588828
TKYBQ9,Fire,Woods/field fire,19446,Lansdale,MAIN ST & HIGHLAND RD,1,f735d786
TKYBRL,Fire,Fire alarm,19473,Skippack,SURREY LN & CARRIAGE DR,1,80f2b3b2
TKYBY4,EMS,Respiratory emergency,19401,Norristown,MARSHALL ST & GREEN ST,1,12eac99d
TKYBYV,EMS,Respiratory emergency,19464,Lower Pottsgrove,EVERGREEN RD & W LIGHTCAP RD,1,ab6bac5e
TKYC1T,EMS,Unconscious subject,19446,Lansdale,SHAW AVE & UNNAMED ALY,1,abde81c8
TKYC61,EMS,Fall victim,19403,Lower Providence,EAGLEVILLE RD & SUNDERLAND DR,1,8ec934aa
TKYC7O,EMS,Fall victim,19464,Lower Pottsgrove,BUCHERT RD & LAUREL WAY,1,dd193378
TKYC8X,EMS,General weakness,19464,Pottstown,HIGH ST & EDEN ST,1,02e8ebf2
TKYCE9,Fire,Electrical fire outside,19446,Worcester,BERKS RD & SKIPPACK PIKE,1,9a1af2f7
TKYCL9,EMS,Fracture,19468,Limerick,LINFIELD TRAPPE RD & TURNBERRY DR,1,91733b8e
TKYCTM,EMS,Cardiac emergency,19002,Upper Dublin,WILLOW AVE & ROSE VALLEY WAY,1,8a28ca77
TKYD1F,EMS,Respiratory emergency,19454,North Wales,MAIN ST & SCHOOL ST,1,5d252cf7
TKYD9U,EMS,Head injury,19446,Lansdale,CHURCH RD,1,2887ea54
TKYDN4,EMS,Respiratory emergency,19038,Abington,MAPLE AVE & JEFFERSON AVE,1,68fa1241
TKYDQ6,EMS,Assault victim,19401,Norristown,MAIN ST & ASTOR ST,1,dc1ea022
TKYDTC,Fire,Carbon monoxide detector,19462,Whitemarsh,SCHOOL HOUSE LN & MEETINGHOUSE RD,1,4f764709
TKYDZR,EMS,Cardiac emergency,19426,Trappe,MAIN ST & HARVARD DR,1,1a665b9c
TKYE91,EMS,Diabetic emergency,19406,Upper Merion,GULPH RD & KIRK AVE,1,c1982cb3
TKYEJ0,EMS,Fall victim,19405,Upper Merion,PERSHING ST & HOLSTEIN ST,1,eebeae94
TKYELK,EMS,Cardiac emergency,19075,Springfield,LYSTER RD & GOLF RD,1,3869b66f
TKYEN5,Traffic,Vehicle accident,19406,Upper Merion,DEKALB PIKE & ALLENDALE RD,1,6d2cab16
TKYEPR,EMS,Respiratory emergency,19027,Cheltenham,CHURCH RD & CEDAR RD,1,52df930a
TKYFMH,EMS,Hemorrhaging,19464,Pottstown,FEIST AVE & LEE AVE,1,11df849e
TKYFNI,Fire,Elevator emergency,19038,Springfield,WILLOW GROVE AVE & TRAYMORE AVE,1,33aaadfd
TKYFYQ,Fire,Fire investigation,19040,Upper Moreland,MILL RD & S YORK RD,1,3dc4e430
TKYG4V,EMS,CVA/stroke,19046,Abington,THE FAIRWAY  & RYDAL RD,1,82f5a6e1
TKYG6L,EMS,Abdominal pains,19462,Plymouth,GERMANTOWN PIKE & ATRIUM WAY,1,6a5fb048
TKYGCC,EMS,Cardiac emergency,19095,Cheltenham,MACDONALD AVE & OLD CEDARBROOK RD,1,2ef59df0
TKYGDU,Fire,Fire alarm,19010,Lower Merion,ITHAN AVE & POND LN,1,bcb10b8d
TKYGFA,EMS,Assault victim,19002,Upper Dublin,MEADOWBROOK AVE & DOUGLASS ST,1,0ef910ba
TKYGMQ,EMS,Medical alert alarm,19406,Upper Merion,EASTBURN RD & HAMPTON RD,1,8b58ee83
TKYGO1,EMS,Unconscious subject,19426,Upper Providence,OAKS SCHOOL DR & GREEN TREE RD,1,09b5dd70
TKYGW0,EMS,Fall victim,19038,Abington,JEFFERSON AVE & TENNIS AVE,1,6888a92a
TKYGWB,Fire,Fire special service,19426,Upper Providence,OAKS SCHOOL DR & GREEN TREE RD,1,74f88d46
TKYGXB,EMS,Head injury,19438,Franconia,MAPLEWOOD DR & CRESCENT CIR,1,05c881a4
TKYHDS,EMS,Cardiac emergency,18964,Souderton,MAIN ST & HILLSIDE AVE,1,f606640c
TKYHFP,Fire,Fire investigation,19446,Upper Gwynedd,LILAC CT & PRIMROSE DR,1,223fdd0c
TKYI29,Fire,Electrical fire outside,19438,Towamencin,CHURCHILL CT & KAREVE DR,1,35a671b6
TKYI7I,EMS,Choking,19462,Plymouth,CHESTNUT ST & E RIDGE PIKE,1,0679f560
TKYIBH,EMS,Animal bite,19044,Horsham,WALNUT GROVE DR & DRESHER RD,1,5f696b9d
TKYID4,Traffic,Road obstruction,19403,Lower Providence,ARCOLA RD & EAGLEVILLE RD,1,f85a598d
TKYIDC,Fire,Fire alarm,19010,Delaware County,ROBERTS RD & BETHEL LN,1,3d16cbde
TKYIE0,Traffic,Disabled vehicle,19004,Lower Merion,MONTGOMERY AVE & LEVERING MILL RD,1,5bcf03ed
TKYILL,Fire,Woods/field fire,19446,Towamencin,GREEN LANE RD & OLD FORDE WAY,1,6b738eb0
TKYIOQ,EMS,Cardiac emergency,19090,Upper Moreland,PARK AVE & MORELAND RD,1,efbd6977
TKYJ1V,EMS,Respiratory emergency,19040,Upper Moreland,PLEASANT HILL RD & DAVISVILLE RD,1,55dd1386
TKYJ2T,EMS,Fall victim,19464,Pottstown,HARMONY DR & FORESMAN DR,1,7b3056c9
TKYJ3U,EMS,Fall victim,19038,Springfield,CROMWELL RD & PAPER MILL RD,1,3dbcd5a1
TKYJFN,EMS,Seizures,19001,Abington,WUNDERLAND RD & TURNER AVE,1,77f993e6
TKYJZV,EMS,Cardiac emergency,19446,Montgomery,BETHLEHEM PIKE & TAYLOR RD,1,042347ab
TKYKE8,Fire,Trash/dumpster fire,19003,Lower Merion,LIPPINCOTT AVE & E SPRING AVE,1,820da3aa
TKYKG0,EMS,Seizures,19464,Pottstown,KING ST & PENN ST,1,85fd5440
TKYKL8,Fire,Trash/dumpster fire,19401,Norristown,GEORGE ST & W AIRY ST,1,f3a54cad
TKYKR5,EMS,Cardiac emergency,19464,Pottstown,BEECH ST & MCCLELLAN ALY,1,f6063c2f
TKYL3R,Traffic,Vehicle accident,19002,Lower Gwynedd,PLYMOUTH RD & GYPSY HILL RD,1,f3df5816
TKYL92,Fire,Fire investigation,19025,Upper Dublin,DRESHERTOWN RD & N LIMEKILN PIKE,1,18a7e8f4
TKYLB6,EMS,Shooting,19001,Abington,TREMONT AVE & OLD YORK RD,1,88907e15
TKYLHX,EMS,Nausea/vomiting,19406,Upper Merion,VALLEY FORGE CIR & OLD VALLEY FORGE RD,1,dcef3768
TKYLIK,EMS,Cardiac emergency,19044,Horsham,PALAMINO CT & SAWYERS WAY,1,73226889
TKYLN8,Traffic,Disabled vehicle,18964,Franconia,ALLENTOWN RD & MININGER RD,1,91df61e6
TKYLOO,EMS,Fall victim,19406,Upper Merion,EDWARDS DR & BERNARD DR,1,219421cf
TKYLRN,EMS,Abdominal pains,19401,Norristown,MARSHALL ST & MARKLEY ST,1,fc047d5b
TKYLTO,Fire,Fire alarm,19095,Cheltenham,WASHINGTON LN & TOWNSHIP LINE RD,1,b6fe2521
TKYM1O,EMS,Medical alert alarm,19438,Franconia,MAPLE AVE & YODER RD,1,5cac6996
TKYM7I,EMS,Fall victim,19444,Whitemarsh,HOLLY LN & AUTUMN LN,1,05f52dd3
TKYM8F,EMS,Fall victim,19464,Upper Pottsgrove,GREEN VIEW DR & STONE HILL DR,1,3b76774d
TKYMBL,EMS,EMS special service,19002,Lower Gwynedd,BETHLEHEM PIKE & MOORE DR,1,672358f1
TKYMC0,Fire,Unknown type fire,19004,Lower Merion,CYNWYD RD & N HIGHLAND AVE,1,8759357f
TKYMWD,EMS,Unknown medical emergency,19006,Lower Moreland,PHILMONT AVE,1,fe18b5dd
TKYNCI,EMS,Cardiac arrest,19426,Upper Providence,BONNY LN & MENNONITE RD,1,d8f60f5b
TKYNCN,Fire,Cardiac arrest,19426,Upper Providence,BONNY LN & MENNONITE RD,1,d305f0ac
TKYNOJ,Fire,Building fire,19406,Upper Merion,VALLEY FORGE CIR & OLD VALLEY FORGE RD,1,2a1d3b12
TKYNRX,EMS,Shooting,19464,Lower Pottsgrove,DONNA LN & NOEL CIR,1,5ae76712
TKYNT2,EMS,Unconscious subject,19406,Upper Merion,GULPH RD & TURN LANE,1,2653894b
TKYNW4,Fire,Carbon monoxide detector,19446,Montgomery,COUNTY LINE RD & LEXINGTON AVE,1,54081ca7
TKYO5A,Traffic,Disabled vehicle,19426,Collegeville,2ND AVE & PARK AVE,1,1ca34a36
TKYO5V,EMS,Subject in pain,19131,Lower Merion,CITY AVE & CONSHOHOCKEN AVE,1,901bf366
TKYOAA,Fire,Fire alarm,19085,Lower Merion,THISTLEGREEN CT & OLD GULPH RD,1,eb709332
TKYON0,EMS,Altered mental status,19401,East Norriton,NEW HOPE ST & SAW MILL CT,1,cd344877
TKYOY5,EMS,Respiratory emergency,19438,Towamencin,KRIEBEL RD & KULP RD,1,f492e62f
TKYPST,Traffic,Vehicle accident,19428,Plymouth,FAYETTE ST & E 13TH AVE,1,14272f18
TKYQKM,Fire,Building fire,19401,Norristown,CHAIN ST & W OAK ST,1,2b06644b
TKYQNV,EMS,Unconscious subject,19446,Lansdale,3RD ST & UNNAMED ALY,1,cd29711f
TKYQP2,Traffic,Disabled vehicle,19038,Abington,SUSQUEHANNA RD & WESTMONT AVE,1,f4603cb2
TKYR1H,EMS,Abdominal pains,19027,Cheltenham,OLD YORK RD & SPRING AVE,1,92f685cf
TKYR6W,Traffic,Vehicle accident,19440,Hatfield Township,BETHLEHEM PIKE & MILL RD,1,a2ab5417
TKYRFJ,EMS,Cardiac arrest,19462,Plymouth,GERMANTOWN PIKE & HALLOWELL RD,1,0352018d
TKYRXT,EMS,Unknown medical emergency,19401,Norristown,E MARSHALL ST,1,92cf6432
TKYS0G,EMS,Fall victim,19525,New Hanover,SWAMP PIKE & MIDDLE CREEK RD,1,cc52a5ec
TKYS83,Traffic,Disabled vehicle,18969,Telford,W RELIANCE RD & ACORN AVE,1,6c48efa1
TKYT0L,EMS,Respiratory emergency,19001,Abington,WHEATSHEAF LN & WOODLAND RD,1,c394697f
TKYT1H,EMS,Cardiac emergency,19462,Plymouth,BELVOIR RD & VALLEY RD,1,9806d45b
TKYU04,EMS,Abdominal pains,19006,Abington,HUNTINGDON PIKE & MOREDON RD,1,949e25af
TKYUUB,EMS,Medical alert alarm,19460,Upper Providence,HANOVER RD & EDEN BLVD,1,c9714067
TKYUVJ,EMS,Fever,19046,Jenkintown,LEEDOM ST & CHERRY ST,1,0da8a9f9
TKYUXI,EMS,Assault victim,19426,Trappe,MAIN ST & E 1ST AVE,1,f463fb3a
TKYUYJ,EMS,Overdose,19090,Upper Moreland,CENTER AVE & SUMMIT AVE,1,a2878780
TKYV04,Fire,Trash/dumpster fire,19401,Norristown,CHAIN ST & W OAK ST,1,2cea6ece
TKYV2N,EMS,Abdominal pains,19464,Pottstown,ROWAN ALY & N CHARLOTTE ST,1,18a3a8c4
TKYV7H,EMS,CVA/stroke,19006,Lower Moreland,EMERSON RD & BLAKE RD,1,83613b78
TKYVM8,EMS,Overdose,19040,Horsham,EASTON RD & W MORELAND AVE,1,04674aaa
TKYW2A,EMS,Medical alert alarm,19438,Lower Salford,OAK DR & MAPLE AVE,1,201de3ce
TKYW9P,Traffic,Road obstruction,19473,Lower Frederick,2ND AVE & PERKIOMEN AVE,1,2fa7b1d6
TKYWAM,Traffic,Road obstruction,19473,Lower Frederick,2ND AVE & PERKIOMEN AVE,1,7d69c9f0
TKYWIF,EMS,Subject in pain,19010,Lower Merion,CONSHOHOCKEN STATE RD & HARTDALE LN,1,607a1bac
TKYXJE,EMS,Subject in pain,19464,Lower Pottsgrove,EVERGREEN RD & W LIGHTCAP RD,1,61175b58
TKYXKZ,Traffic,Road obstruction,19403,Lower Providence,ARCOLA RD & REDTAIL RD,1,3885f147
TKYXUR,EMS,Head injury,19087,Upper Merion,BRIANS WAY & RADNOR RD,1,c35414fd
TKYXZV,EMS,Nausea/vomiting,19468,Limerick,FOXMEADOW CIR & STRATFORD CT,1,908faa21
TKYY1D,EMS,Medical alert alarm,19464,West Pottsgrove,VINE ST & FAIRVIEW ST,1,cc020de2
TKYYY3,EMS,Cardiac emergency,19464,Pottstown,KING ST & N WASHINGTON ST,1,eba29d03
TKYZGB,EMS,Fall victim,19426,Upper Providence,TAYLOR WAY & CAMPUS DR,1,d2394223
TKZ04E,EMS,Fall victim,19446,Upper Gwynedd,MORRIS RD & GLENVIEW DR,1,5790c7f4
TKZ07O,EMS,EMS special service,19006,Lower Moreland,RED LION RD & MURRAY AVE,1,117d289a
TKZ25W,EMS,CVA/stroke,19096,Narberth,WOODSIDE AVE & E WYNNEWOOD RD,1,f0bf0fdd
TKZ2UE,EMS,Respiratory emergency,19401,Norristown,DEKALB ST & E AIRY ST,1,c912460c
TKZ3Z2,Fire,Building fire,19044,Horsham,WYNMERE DR & WEXFORD CIR,1,260eaddb
TKZ412,EMS,Respiratory emergency,19040,Horsham,COUNTY LINE RD & MEETINGHOUSE RD,1,f9bf5b3e
TKZ425,Fire,Fire investigation,19034,Whitemarsh,PENNSYLVANIA AVE & SUMMIT AVE,1,28089285
TKZ48J,EMS,Building fire,19044,Horsham,WYNMERE DR & WEXFORD CIR,1,8ac6990e
TKZ4B4,EMS,Fall victim,19075,Springfield,PAPER MILL RD & COUNTRY CLUB DR,1,e60aba6e
TKZ5VR,EMS,Fall victim,19464,Pottstown,HARMONY DR & FORESMAN DR,1,f0ee786a
TKZ5WO,EMS,Dizziness,19038,Abington,TULIP RD & HIGHLAND AVE,1,ac44193d
TKZ6GI,EMS,Subject in pain,19012,Cheltenham,ROWLAND AVE & HIGHLAND RD,1,9cf6f7da
TKZ6TJ,EMS,Respiratory emergency,19464,Pottstown,YORK ST & LESHER ALY,1,a2c952f8
TKZ70C,EMS,Respiratory emergency,19446,Towamencin,ALLENTOWN RD & WOODLAWN DR,1,aea173f4
TKZ774,Traffic,Vehicle accident,19046,Abington,WASHINGTON LN & AUTUMN RD,1,a3a49dc7
TKZ7X3,EMS,Respiratory emergency,19464,Pottstown,KING ST & N YORK ST,1,bc825392
TKZ8RF,EMS,Respiratory emergency,19446,Lansdale,WEDGEWOOD DR & TREMONT DR,1,7412f3c9
TKZ9E2,EMS,Hemorrhaging,19401,Norristown,MAIN ST & GREEN ST,1,9130aba3
TKZA9J,EMS,Abdominal pains,19406,Upper Merion,OLD VALLEY FORGE RD & PENN CIR,1,5760832c
TKZAHK,Traffic,Road obstruction,19072,Lower Merion,BROAD ACRES RD & BRAEBURN LN,1,93a4f2ae
TKZAVS,EMS,Abdominal pains,19428,Conshohocken,HARRY ST & E ELM ST,1,8c0e2031
TKZBAV,Fire,Fire alarm,19046,Abington,THE FAIRWAY  & RYDAL RD,1,8945c1e2
TKZBR5,EMS,Head injury,19075,Springfield,PAPER MILL RD & COUNTRY CLUB DR,1,b913caa3
TKZBZE,EMS,Cardiac emergency,19464,Pottstown,ROBINSON ST & TUCKER CT,1,5506e6b1
TKZC1S,Fire,Gas-odor/leak,19428,Plymouth,RIDGE PIKE & BUTLER PIKE,1,ee95eaed
TKZC5C,EMS,Subject in pain,19401,Norristown,CHURCH ST & E AIRY ST,1,3504f603
TKZC8V,EMS,Cardiac emergency,19444,Whitemarsh,CENTER AVE & GERMANTOWN PIKE,1,29ec5baa
TKZCFN,EMS,CVA/stroke,19446,Montgomery,BETHLEHEM PIKE & TAYLOR RD,1,20f9a138
TKZCND,EMS,Cardiac arrest,19464,Lower Pottsgrove,EVERGREEN RD & W LIGHTCAP RD,1,187139e9
TKZCO3,Fire,Cardiac arrest,19464,Lower Pottsgrove,EVERGREEN RD & W LIGHTCAP RD,1,236c5da2
TKZDFW,EMS,CVA/stroke,19446,Worcester,SKIPPACK PIKE & MEADOWOOD DR,1,d8a3954e
TKZDPY,EMS,CVA/stroke,19403,Lower Providence,SHANNONDELL DR & SHANNONDELL BLVD,1,379b90fe
TKZDRL,EMS,Seizures,19403,Lower Providence,EAGLEVILLE RD & SUNDERLAND DR,1,100b262f
TKZE00,EMS,Head injury,19403,West Norriton,STONYBROOK DR & N WHITEHALL RD,1,587180e0
TKZE0S,EMS,Seizures,19438,Towamencin,INDUSTRIAL BLVD & WAMBOLD RD,1,7c0895bf
TKZE5C,Traffic,Vehicle accident,19403,Lower Providence,RIDGE PIKE & WILSON BLVD,1,8bf52155
TKZEAR,EMS,Syncopal episode,19027,Cheltenham,CHELTENHAM AVE & N BROAD ST,1,16adcf60
TKZEJ8,EMS,Syncopal episode,19468,Limerick,ENTERPRISE DR & KEYSTONE DR,1,5eb2ec73
TKZET0,EMS,Fall victim,19403,Lower Providence,SHANNONDELL DR & SHANNONDELL BLVD,1,68e18ccf
TKZEW5,EMS,General weakness,19040,Upper Moreland,HORSHAM RD & MOREBORO RD,1,4c50a221
TKZF1T,Fire,Fire investigation,19072,Lower Merion,OAKWOOD DR & OAKWOOD TER,1,16e58177
TKZFAJ,EMS,Head injury,19446,Lansdale,VALLEY FORGE RD & YORK AVE,1,dd3a5252
TKZFC1,EMS,Unconscious subject,19464,Lower Pottsgrove,EVERGREEN RD & W LIGHTCAP RD,1,c62a5389
TKZFKY,EMS,Allergic reaction,19090,Abington,GLENDALE AVE & ROTHLEY AVE,1,9493d930
TKZFNI,Traffic,Road obstruction,19464,Pottstown,N HANOVER ST & WALNUT ST,1,35fd917c
TKZFOY,EMS,Nausea/vomiting,19446,Upper Gwynedd,JONES AVE & 3RD ST,1,32d19e2e
TKZG4U,Traffic,Hazardous road conditions,19035,Lower Merion,RIGHTERS MILL RD & BLACK ROCK RD,1,283b7f03
TKZG51,EMS,Subject in pain,19426,Lower Providence,GERMANTOWN PIKE & CROSSKEYS RD,1,54862fac
TKZG8N,EMS,Vehicle accident,19403,West Norriton,LIBERTY AVE,1,181f608c
TKZG97,Traffic,Vehicle accident,19403,West Norriton,LIBERTY AVE & W MARSHALL ST,1,d03cc028
TKZGCK,EMS,Altered mental status,19038,Cheltenham,WAVERLY RD & S EASTON RD,1,01c45e8d
TKZH25,EMS,Syncopal episode,18054,Marlborough,DOGWOOD DR & GREEN HILL DR,1,53cba343
TKZH2V,Traffic,Road obstruction,19006,Abington,WYNDMOOR LN & HAMPSTEAD RD,1,e3d046c1
TKZH3F,EMS,Altered mental status,19464,Lower Pottsgrove,EVERGREEN RD & W LIGHTCAP RD,1,fe65e2e1
TKZHA3,EMS,Head injury,19440,Hatfield Township,WALNUT ST & GARDEN RD,1,7ede91a2
TKZHJ0,EMS,Respiratory emergency,19406,Upper Merion,BRANDYWINE LN & HILLVIEW RD,1,4782ceb0
TKZHL5,EMS,Fall victim,19027,Cheltenham,BETHAN RD,1,ddc020aa
TKZHLT,EMS,Altered mental status,19150,Springfield,IVY HILL RD & BAYARD ST,1,6f7e05b0
TKZI6S,EMS,Respiratory emergency,19438,Franconia,MAPLE AVE & YODER RD,1,fcfe9d6d
TKZI7G,EMS,Fall victim,18073,Pennsburg,WASHINGTON ST & W 3RD ST,1,b4fd092d
TKZIA1,EMS,Head injury,19462,Plymouth,VOLPE RD & FAIRFIELD RD,1,1ebc996c
TKZICY,Traffic,Disabled vehicle,19462,Plymouth,GERMANTOWN PIKE & PLEASANT RD,1,faba81a6
TKZIN3,EMS,Respiratory emergency,19044,Horsham,DRESHER RD & GIBRALTAR RD,1,0ca35c50
TKZIWO,EMS,Head injury,19046,Abington,SUSQUEHANNA RD & HUNTINGDON RD,1,83f66042
TKZIYH,EMS,CVA/stroke,19403,Lower Providence,SHANNONDELL DR & SHANNONDELL BLVD,1,10b26884
TKZJ2F,EMS,Subject in pain,19046,Abington,GREENWOOD AVE & JENKINTOWN RD,1,42acb8ed
TKZJ3U,Fire,Fire alarm,19446,Lansdale,WALNUT ST & W MAIN ST,1,e4e23f97
TKZJ8E,Traffic,Disabled vehicle,19464,Lower Pottsgrove,BUCHERT RD & BAHR RD,1,427e0646
TKZJBH,EMS,Head injury,19446,Towamencin,SUMNEYTOWN PIKE & TROXEL RD,1,9bf60260
TKZJND,EMS,Unknown medical emergency,19031,Springfield,BETHLEHEM PIKE & SPRINGFIELD AVE,1,3a12007d
TKZJPJ,Traffic,Vehicle accident,19422,Whitpain,DEKALB PIKE & SKIPPACK PIKE,1,cc99d3c8
TKZJY7,Traffic,Disabled vehicle,19044,Horsham,HORSHAM RD & PRECISION RD,1,2abf1234
TKZK6E,Traffic,Vehicle accident,19046,Abington,SHADY LN & HUNTINGDON PIKE,1,a914810a
TKZKA2,EMS,Respiratory emergency,19002,Horsham,BUTLER PIKE & NESBITT RD,1,a9789ce7
TKZKAV,Traffic,Vehicle accident,19025,Upper Dublin,SUSQUEHANNA RD & VIRGINIA DR,1,68a50cbd
TKZKJH,Fire,Gas-odor/leak,19072,Lower Merion,BRYN MAWR AVE & S WOODBINE AVE,1,cbf596cd
TKZKKB,Traffic,Vehicle accident,19046,Abington,MILL RD & VALLEY RD,1,0739ffb3
TKZKKG,Traffic,Disabled vehicle,19468,Limerick,S TOWNSHIP LINE RD & RAMP TOWNSHIP LINE RD TO RT422 EB,1,a7b38270
TKZKKI,EMS,Dehydration,19002,Upper Dublin,VAN SANT LN & THELMA LN,1,0e563f1c
TKZKSA,Traffic,Disabled vehicle,19464,Limerick,AIRPORT RD & LIMERICK CENTER RD,1,389b198c
TKZKVC,EMS,Dehydration,19446,Upper Gwynedd,MORRIS RD & GLENVIEW DR,1,90639a27
TKZKWP,EMS,Subject in pain,19464,Pottstown,HIGH ST & S EVANS ST,1,98f79297
TKZKXO,EMS,Cardiac emergency,19090,Upper Moreland,COMMERCE AVE & MARYLAND RD,1,53bebb7e
TKZL0F,EMS,Syncopal episode,18054,Marlborough,UPPER RIDGE RD & PERKIOMENVILLE RD,1,6361338c
TKZL26,EMS,Altered mental status,19095,Cheltenham,BARKER RD & GREENWOOD AVE,1,b64f6163
TKZLB7,EMS,Head injury,18964,Franconia,SUMMIT ST & COLONIAL AVE,1,f49972d7
TKZLDK,EMS,Seizures,19401,Norristown,MARSHALL ST & HAWS AVE,1,2d93dd41
TKZLPB,EMS,Unconscious subject,19401,Norristown,WALNUT ST & E MAIN ST,1,d9d1b189
TKZLQ2,EMS,Dizziness,19090,Upper Moreland,BLAIR MILL RD & CARRELL LN,1,464139f1
TKZLR4,EMS,CVA/stroke,19454,Upper Gwynedd,OAKLAND PL & MEADOWBROOK RD,1,2bb05381
TKZLU3,EMS,Fall victim,19035,Lower Merion,SPRING MILL RD & WOODMONT RD,1,5d6722c1
TKZLWT,EMS,Subject in pain,19406,Upper Merion,STOCKER AVE & LAWNDALE AVE,1,1627b106
TKZM8K,EMS,General weakness,19464,Pottstown,LEE AVE & FEIST AVE,1,fcff874f
TKZM98,EMS,Syncopal episode,19072,Lower Merion,BROAD ACRES RD & BRAEBURN LN,1,e07633c9
TKZMH3,Traffic,Disabled vehicle,19462,Plymouth,GALLAGHER RD & N GRAVERS RD,1,1883b55c
TKZMMZ,EMS,Cardiac emergency,19454,Montgomery,PHEASANT RUN & STREAM VIEW DR,1,1a36e59e
TKZMNY,Fire,Gas-odor/leak,19440,Hatfield Township,NEEDHAM CIR & ROXBURY RD,1,f4f9ed71
TKZMWG,EMS,Altered mental status,19044,Horsham,ALISON RD & BLAIR MILL RD,1,187f6e10
TKZN0Y,Fire,Fire alarm,19454,Montgomery,BETHLEHEM PIKE & NORTH WALES RD,1,877cc15c
TKZN45,EMS,Medical alert alarm,19038,Cheltenham,CHELTENHAM AVE & S EASTON RD,1,76f9671b
TKZN8A,EMS,Subject in pain,19403,West Norriton,CARSON DR & N WHITEHALL RD,1,996635d6
TKZNC8,EMS,Dehydration,19090,Horsham,EASTON RD & BLAIR MILL RD,1,8a2e8dd3
TKZNDM,EMS,Altered mental status,19004,Lower Merion,CONSHOHOCKEN STATE RD & PENARTH RD,1,c58214f3
TKZNOU,Traffic,Disabled vehicle,19003,Lower Merion,CHURCH RD & E LANCASTER AVE,1,4ca00e47
TKZNVW,Fire,Trash/dumpster fire,19010,Lower Merion,HARRITON RD & GATEMORE RD,1,7ca53f28
TKZNY6,Traffic,Vehicle accident,19003,Lower Merion,LAKESIDE RD & MIDFIELD RD,1,d211caa5
TKZO2F,EMS,Respiratory emergency,19403,Lower Providence,AUDUBON VILLAGE DR & PAWLINGS RD,1,cd6fb5ec
TKZO3P,Traffic,Vehicle accident,18969,Upper Salford,SUMNEYTOWN PIKE & RIDGE RD,1,a690e031
TKZO7D,Fire,Building fire,19038,Springfield,CROMWELL RD & PAPER MILL RD,1,c2bc1332
TKZO9D,EMS,Syncopal episode,19403,Lower Providence,SHANNONDELL DR & SHANNONDELL BLVD,1,9a00743a
TKZOA4,Traffic,Vehicle accident,19438,Upper Salford,SUMNEYTOWN PIKE & LONG MILL RD,1,ff184a5c
TKZOAC,EMS,Respiratory emergency,19406,Upper Merion,SWEETBRIAR CIR & LUKENS LN,1,31d02e92
TKZOEP,Traffic,Vehicle accident,19150,Cheltenham,CHELTENHAM AVE & 79TH AVE,1,818bc576
TKZOEQ,EMS,Syncopal episode,18969,Telford,CHURCH AVE & AUTUMN LEA CIR,1,48a23032
TKZOK2,EMS,Allergic reaction,19072,Narberth,MONTGOMERY AVE & S WOODBINE AVE,1,da20e257
TKZOLP,EMS,Cardiac emergency,19401,East Norriton,DEKALB PIKE & COLONIAL DR,1,10524e5e
TKZOQ9,EMS,Subject in pain,19464,Pottstown,FRANKLIN ST & ROWAN ALY,1,5d52871f
TKZORI,EMS,General weakness,19504,Douglass,CONGO NIANTIC RD & HOFFMAN RD,1,27b721e6
TKZOUN,Fire,Carbon monoxide detector,19428,Plymouth,RIDGE PIKE & E MAIN ST,1,a6d8f882
TKZOV3,Traffic,Disabled vehicle,19085,Lower Merion,OLD GULPH RD & SPRING MILL RD,1,6047c993
TKZOWE,EMS,Cardiac emergency,19040,Hatboro,PENN ST & E MONUMENT AVE,1,a7e08401
TKZPX0,Traffic,Vehicle accident,19440,Hatfield Township,COWPATH RD & MOYER RD,1,a6d29662
TKZQ0F,EMS,Vehicle accident,19464,Pottstown,CHARLOTTE ST & CHERRY ST,1,334527a5
TKZQ12,Traffic,Vehicle accident,19464,Pottstown,CHARLOTTE ST & CHERRY ST,1,11b661f6
TKZQ7W,EMS,Vehicle accident,19440,Hatfield Township,COWPATH RD & MOYER RD,1,2f2f8eb8
TKZQ8R,Fire,Fire alarm,19001,Abington,TYSON AVE & TROTTER AVE,1,2ef26e55
TKZQAI,EMS,Cardiac emergency,19464,West Pottsgrove,GLASGOW ST & QUINTER ST,1,ce21b91b
TKZQCJ,EMS,Cardiac emergency,19438,Lower Salford,MAIN ST & OLD SUMNEYTOWN PIKE,1,126044a7
TKZQEG,Fire,Electrical fire outside,19006,Lower Moreland,RADBURN RD & WILLIAMSBURG RD,1,d3c112e1
TKZQJO,EMS,Fall victim,18041,Pennsburg,MAIN ST & CHURCH ST,1,e42bbb34
TKZQNU,Fire,Fire alarm,19010,Lower Merion,ROSE LN & FISHERS RD,1,be04b954
TKZQPI,Traffic,Vehicle accident,19087,Upper Merion,RADNOR RD & RADNOR HILL RD,1,eefde00f
TKZQSO,EMS,Abdominal pains,19464,Pottstown,CHESTNUT ST & N WASHINGTON ST,1,f6fa3048
TKZQTK,Fire,Electrical fire outside,19006,Lower Moreland,PINE RD & BEECH RD,1,80ed2bb7
TKZQUW,Fire,Fire alarm,19096,Lower Merion,OWEN RD & E MONTGOMERY AVE,1,811d1bae
TKZQVQ,Traffic,Vehicle accident,19004,Lower Merion,MAPLE AVE & W CITY AVE,1,a55a4512
TKZQWZ,Traffic,Disabled vehicle,19464,Pottstown,RT100 SB & SHOEMAKER RD,1,7460dbab
TKZR6G,Traffic,Hazardous road conditions,19001,Abington,EDGE HILL RD & KEITH RD,1,5849e8d9
TKZR72,EMS,Hemorrhaging,19002,Ambler,HIGHLAND AVE & S SPRING GARDEN ST,1,350599ec
TKZR9S,Traffic,Vehicle accident,19041,Lower Merion,W MONTGOMERY AVE & BOOTH LN,1,6331532f
TKZRDQ,Fire,Fire alarm,19006,Lower Moreland,STEVEN RD & STEVEN DR,1,458c69ac
TKZRE3,Traffic,Road obstruction,19041,Lower Merion,W MONTGOMERY AVE & WOODSIDE RD,1,6da0bf8c
TKZRGF,EMS,Vehicle accident,19003,Lower Merion,W MONTGOMERY AVE,1,dbbf6494
TKZRHB,EMS,Dizziness,19090,Abington,EASTON RD & PARKVIEW AVE,1,6d75e313
TKZS15,Fire,Building fire,19041,Lower Merion,CHESWOLD LN & W MONTGOMERY AVE,1,7117f6d4
TKZS36,EMS,Heat exhaustion,19403,Lower Providence,EGYPT RD & WEDGEWOOD WAY,1,e22e6b8e
TKZS52,EMS,Respiratory emergency,19401,Norristown,GEORGE ST & W BLACKBERRY ALY,1,e27ec15f
TKZS74,Traffic,Vehicle accident,19025,Upper Dublin,DRESHERTOWN RD & NICOLE DR,1,ab47b2ab
TKZSAZ,EMS,Choking,19426,Lower Providence,BEVERLY DR & NANCY LN,1,d298e906
TKZSDU,Traffic,Road obstruction,19010,Lower Merion,WILLIAMSON RD & MT PLEASANT RD,1,2fb4a9f1
TKZSHH,EMS,Back pains/injury,19031,Springfield,WISSAHICKON AVE & ROSE LN,1,18d46749
TKZSJM,Fire,Woods/field fire,19422,Whitpain,DUNDEE DR & APPLEBY CT,1,f9b38b1a
TKZSJZ,Traffic,Vehicle accident,19095,Cheltenham,EASTON RD & GREENWOOD AVE,1,24d03585
TKZSM5,Traffic,Vehicle accident,19090,Abington,MORELAND RD & LAWNTON RD,1,cb85dea6
TKZSN8,EMS,Seizures,19422,Whitpain,DEKALB PIKE & SKIPPACK PIKE,1,5e9d0914
TKZSQL,Fire,Fire alarm,19075,Springfield,BRUCE RD & CLEMENT RD,1,0cb40092
TKZSRV,Fire,Fire alarm,19406,Upper Merion,MAIN ST & BRYCE LN,1,ec0e0dd6
TKZST7,EMS,Cardiac emergency,19041,Lower Merion,MONTGOMERY AVE & WOODSIDE RD,1,10943a5e
TKZSU8,EMS,Vehicle accident,19090,Abington,MORELAND RD & LAWNTON RD,1,26e6256a
TKZSWN,EMS,Lacerations,19428,Conshohocken,5TH AVE & FORREST ST,1,b6e8b9f4
TKZSYL,Traffic,Vehicle accident,19090,Abington,MORELAND RD & LAWNTON RD,1,92dbbaa5
TKZT26,Fire,Fire alarm,19072,Lower Merion,FLAT ROCK RD & SPRAGUE RD,1,dc257e7e
TKZT6R,Fire,Woods/field fire,19072,Lower Merion,GREENTREE LN & N WOODBINE AVE,1,63d93d17
TKZTE0,Traffic,Road obstruction,19034,Upper Dublin,DRESHERTOWN RD & APPLEWOOD DR,1,31f39b1c
TKZTF7,Traffic,Vehicle accident,19034,Upper Dublin,CAMP HILL RD & SHELLEY LN,1,ec096ae6
TKZTF7-1,Traffic,Vehicle accident,19034,Upper Dublin,CAMP HILL RD & DRESHERTOWN RD,1,881a2f6f
TKZTJ6,EMS,Nausea/vomiting,19072,Narberth,ESSEX AVE & WOODBINE AVE,1,95610ec1
TKZTK8,Traffic,Vehicle accident,19446,Upper Gwynedd,SUMNEYTOWN PIKE & S BROAD ST,1,b7c69031
TKZTQD,Traffic,Road obstruction,19009,Bryn Athyn,DALE RD & BUCK RD,1,4cd33308
TKZTRS,Traffic,Road obstruction,19066,Lower Merion,BOWMAN AVE & LINDEN LN,1,a7028fa1
TKZU0G,Fire,Fire alarm,18976,Horsham,COUNTY LINE RD & TITUS AVE,1,879ecbdc
TKZU2G,Fire,Fire alarm,19038,Cheltenham,WAVERLY RD & MORGAN LN,1,cf3d59fe
TKZU54,Traffic,Road obstruction,19046,Jenkintown,WASHINGTON LN & YORK RD,1,568782ad
TKZU6Q,Traffic,Road obstruction,19046,Jenkintown,WASHINGTON LN & YORK RD,1,4628d630
TKZU8E,Traffic,Vehicle accident,19438,Lower Salford,MAINLAND RD & MAIN ST,1,1d0dc16b
TKZU99,Traffic,Road obstruction,18976,Bucks County,W COUNTY LINE RD & KANSAS RD,1,9eec7d72
TKZU99-1,Fire,Fire investigation,19004,Lower Merion,SPRINGFIELD AVE & MAPLE AVE,1,dc7a2c3d
TKZU99-2,Traffic,Road obstruction,19044,Horsham,W COUNTY LINE RD & KEITH VALLEY RD,1,382fd164
TKZUAS,Traffic,Hazardous road conditions,19027,Cheltenham,WASHINGTON LN & WISTAR DR,1,4458a7d1
TKZUBB,Fire,Electrical fire outside,19038,Abington,FERN RD & PLEASANT AVE,1,0b39c4c6
TKZUPZ,Fire,Rescue,19027,Cheltenham,WILLOW AVE,1,32307ec8
TKZUQ4,EMS,Rescue,19027,Cheltenham,WILLOW AVE,1,39c97c1d
TKZUQ8,Traffic,Hazardous road conditions,19002,Ambler,S LOCUST ST & CENTER ST,1,5550bd16
TKZUUO,Fire,Fire alarm,19428,Whitemarsh,ELM ST & WALNUT ST,1,d7bca60f
TKZUW6,Traffic,Vehicle accident,19464,Pottstown,FARMINGTON AVE & WILLOW ST,1,b402a6d8
TKZUXT,Fire,Fire alarm,19027,Cheltenham,VALLEY RD & MILL RD,1,933df988
TKZUXV,Traffic,Road obstruction,19002,Lower Gwynedd,WALNUT FARM RD & DEAD END,1,60b34c40
TKZV0T,EMS,General weakness,19401,Norristown,ELM ST & KOHN ST,1,95c826a2
TKZV3Q,Traffic,Vehicle accident,19072,Lower Merion,CONSHOHOCKEN STATE RD & HAGYS FORD RD,1,760de98c
TKZV59,EMS,Respiratory emergency,19044,Horsham,DRESHER RD & GIBRALTAR RD,1,c10a71b2
TKZV69,Traffic,Hazardous road conditions,19006,Abington,HUNTINGDON PIKE & SUSQUEHANNA RD,1,50d982be
TKZV8L,Fire,Rescue,19027,Cheltenham,NEW SECOND ST,1,65b5956a
TKZV92,Traffic,Road obstruction,19034,Upper Dublin,HARTRANFT AVE & MADISON AVE,1,6b334e4c
TKZVC5,Fire,Rescue,19046,Abington,HUNTINGDON PIKE & SAN DIEGO AVE,1,b9c5c7b1
TKZVCD,EMS,Rescue,19046,Abington,HUNTINGDON PIKE & SAN DIEGO AVE,1,bbfa3c09
TKZVCN,Traffic,Hazardous road conditions,19040,Upper Moreland,NORWYN RD & CRESCENT RD,1,bf4104b9
TKZVED,Fire,Rescue,19027,Cheltenham,COVENTRY AVE & ASBURY AVE,1,f3b86103
TKZVEW,EMS,Seizures,19468,Limerick,AUTO PARK BLVD & LINFIELD TRAPPE RD,1,61534228
TKZVH4,Fire,Woods/field fire,19072,Lower Merion,GREENTREE LN & N WOODBINE AVE,1,9fe03f2e
TKZVIG,Fire,Electrical fire outside,19460,Lower Providence,LINCOLN ST,1,0c9887e6
TKZVIG-1,Fire,Electrical fire outside,19460,Lower Providence,WETHERILL RD & CATHERINE ST,1,ebfb4ba8
TKZVJU,EMS,Respiratory emergency,19006,Lower Moreland,HUNTINGDON PIKE & CALVIN RD,1,0b92c3c1
TKZVJX,EMS,Rescue,19027,Cheltenham,COVENTRY AVE & ASBURY AVE,1,b54ad0dd
TKZVL6,Traffic,Road obstruction,19095,Cheltenham,ROYAL AVE & SINKLER RD,1,1cfc5107
TKZVLV,Fire,Electrical fire outside,19038,Springfield,PATTON RD & CHELTENHAM AVE,1,50d02ea6
TKZVMB,Fire,Rescue,19027,Cheltenham,JENKINTOWN RD & E CHURCH RD,1,747d43a6
TKZVQ0,Traffic,Road obstruction,19422,Whitpain,MUHLENBURG DR & STIRLING WAY,1,6a2a73d6
TKZVQV,Traffic,Road obstruction,19426,Lower Providence,LANDIS MILL RD & LEVEL RD,1,3ca774de
TKZVRB,Fire,Fire alarm,19027,Cheltenham,OLD YORK RD & W CHURCH RD,1,73a8ba83
TKZVST,Traffic,Vehicle accident,19003,Lower Merion,KENT RD & CHURCH RD,1,09fc9407
TKZVUD,Fire,Standby for another CO,19027,Cheltenham,OLD YORK RD & GREEN BRIAR RD,1,fee58c19
TKZVXK,Traffic,Hazardous road conditions,19001,Abington,OLD WELSH RD & ROCKWELL RD,1,9f9aa8ad
TKZVXK-1,Traffic,Hazardous road conditions,19001,Abington,OLD YORK RD & ROCKWELL RD,1,3e02dd89
TKZVY2,Fire,Electrical fire outside,19012,Cheltenham,PARKVIEW RD & N FRONT ST,1,be637e95
TKZVZD,Traffic,Hazardous road conditions,19006,Abington,HUNTINGDON PIKE & SUSQUEHANNA RD,1,5eab2563
TKZVZT,Traffic,Hazardous road conditions,19422,Whitpain,SWEDE RD & W TOWNSHIP LINE RD,1,575911b8
TKZW05,Traffic,Disabled vehicle,19012,Cheltenham,TOOKANY CREEK PKWY & JOHNS RD,1,794a75fc
TKZW0C,EMS,Rescue,19027,Cheltenham,NEW SECOND ST & E CHURCH RD,1,23e8165f
TKZW1O,EMS,Altered mental status,19090,Upper Moreland,FITZWATERTOWN RD & BARTRAM RD,1,a286f4fb
TKZW1S,Traffic,Hazardous road conditions,19422,Whitpain,DEKALB PIKE & JOLLY RD,1,de20ff17
TKZW29,EMS,Subject in pain,19006,Abington,HENRIETTA AVE & IRVIN RD,1,c281c0eb
TKZW2E,Traffic,Disabled vehicle,19012,Cheltenham,TOOKANY CREEK PKWY & JOHNS RD,1,773d0819
TKZW3Z,Fire,Fire investigation,19006,Abington,HENRIETTA AVE & IRVIN RD,1,6b31be1e
TKZW50,Traffic,Road obstruction,19401,Norristown,ASTOR ALY & W OAK ST,1,cfbaf409
TKZW69,Fire,Building fire,19012,Cheltenham,TOOKANY CREEK PKWY & CENTRAL AVE,1,084430d6
TKZW79,Fire,Rescue,19027,Cheltenham,NEW SECOND ST & E CHURCH RD,1,ac4382aa
TKZWAK,Fire,Electrical fire outside,19460,Lower Providence,PAWLINGS RD & 5TH ST,1,e0683e19
TKZWAM,Traffic,Hazardous road conditions,19038,Upper Dublin,S LIMEKILN PIKE & VANCE DR,1,d0e253d4
TKZWDP,Fire,Rescue,19095,Cheltenham,ASHBOURNE RD,1,c9136474
TKZWFM,Fire,Fire investigation,19428,Conshohocken,ELM ST & MAPLE ST,1,00e23999
TKZWFX,Fire,Fire investigation,19027,Cheltenham,HIGH SCHOOL RD & MONTGOMERY AVE,1,bfe7e5ba
TKZWGP,Traffic,Disabled vehicle,19025,Upper Dublin,S LIMEKILN PIKE & TWINING RD,1,11946351
TKZWGV,Fire,Fire investigation,19038,Abington,TYSON AVE & BRUCE AVE,1,9fb65e14
TKZWI3,Fire,Rescue,19012,Cheltenham,TOOKANY CREEK PKWY & JOHNS RD,1,4f7c0d87
TKZWIQ,Traffic,Hazardous road conditions,19038,Upper Dublin,FITZWATERTOWN RD & S LIMEKILN PIKE,1,5b5c1efe
TKZWJA,Fire,Elevator emergency,19027,Cheltenham,OLD YORK RD & SPRING AVE,1,c28f8631
TKZWK6,Fire,Electrical fire outside,19046,Abington,DIXON LN,1,1afb2949
TKZWMY,Traffic,Hazardous road conditions,19006,Abington,OLD FORD RD & SHERMAN AVE,1,f7242927
TKZWN9,Fire,Fire alarm,19038,Abington,HIGHLAND AVE & CANTERBURY RD,1,06998131
TKZWOH,Fire,Fire alarm,19403,West Norriton,BEECH DR & SPRUCE ST,1,3399d5f2
TKZWOT,EMS,Rescue,19027,Cheltenham,TOOKANY CREEK PKWY,1,a0f50b1f
TKZWPD,EMS,Dizziness,19473,Skippack,LUCON RD & SKIPPACK PIKE,1,95a2fb17
TKZWR9,EMS,Altered mental status,19090,Upper Moreland,FITZWATERTOWN RD & BARTRAM RD,1,25b65ffa
TKZWSX,Fire,Electrical fire outside,19046,Abington,LINDSAY LN & SUSQUEHANNA RD,1,3ba17f91
TKZWTI,Traffic,Disabled vehicle,19034,Upper Dublin,VIRGINIA DR & DELAWARE AVE,1,217aca68
TKZWUC,Fire,Rescue,19012,Cheltenham,RYERS AVE,1,9e1d20bb
TKZWWC,Traffic,Hazardous road conditions,19401,Norristown,PINE ST & W ROBERTS ST,1,cef9925f
TKZWXX,Fire,Rescue,19095,Cheltenham,E CHURCH RD,1,59387a45
TKZWZ5,Fire,Rescue,19006,Abington,IRVIN RD,1,831962ca
TKZX0S,EMS,Rescue,19095,Cheltenham,E CHURCH RD,1,22ce9cc2
TKZX0X,Traffic,Disabled vehicle,19422,Whitpain,JOLLY RD & ARCH STREET RD,1,fee01872
TKZX14,EMS,Rescue,19012,Cheltenham,RYERS AVE,1,a511729b
TKZX15,Traffic,Hazardous road conditions,19040,Horsham,BLAIR MILL RD & HOME RD,1,c332a9f0
TKZX1Y,Fire,Fire investigation,19002,Upper Dublin,LOCH ALSH AVE & FARM LN,1,bd8038d9
TKZX20,Traffic,Vehicle accident,19025,Upper Dublin,TWINING RD & S LIMEKILN PIKE,1,13553221
TKZX2U,Traffic,Hazardous road conditions,19403,West Norriton,N TROOPER RD & CHESTNUT AVE,1,9ade5938
TKZX2U-1,Traffic,Hazardous road conditions,19403,West Norriton,CHESTNUT AVE & STABLE RD,1,e9aafc1c
TKZX3N,Traffic,Hazardous road conditions,19046,Abington,VALLEY RD & MEADOWBROOK RD,1,f63f67ee
TKZX4H,Fire,Electrical fire outside,19012,Cheltenham,ANDREA RD & N FRONT ST,1,0ba1811a
TKZX7I,EMS,Unknown medical emergency,19046,Abington,OLD YORK RD & WYNCOTE RD,1,8b6e9968
TKZX7Q,Traffic,Road obstruction,19095,Cheltenham,RICES MILL RD & BARKER RD,1,914da754
TKZX8O,Fire,Fire investigation,19422,Whitpain,WALTON RD,1,28e89234
TKZX8R,Fire,Rescue,19012,Cheltenham,TOOKANY CREEK PKWY & CENTRAL AVE,1,b1c924b8
TKZXA4,EMS,Dizziness,19401,Norristown,MARKLEY ST & W LOGAN ST,1,5370e3b4
TKZXAS,Traffic,Disabled vehicle,19046,Rockledge,CHURCH RD & CHANDLER ST,1,5c3b2b60
TKZXBJ,Fire,Electrical fire outside,19027,Cheltenham,VALLEY RD,1,8a546804
TKZXEC,EMS,Rescue,19012,Cheltenham,TOOKANY CREEK PKWY & CENTRAL AVE,1,0d66bd1f
TKZXF4,Traffic,Road obstruction,18054,Marlborough,GERYVILLE PIKE & HOPPENVILLE RD,1,583829cf
TKZXHJ,EMS,CVA/stroke,19464,Pottstown,EVANS ST & PINE ALY,1,d1c6d5a5
TKZXJ4,Traffic,Hazardous road conditions,19046,Abington,MILL RD & VALLEY RD,1,9584584f
TKZXJY,Traffic,Hazardous road conditions,19038,Abington,KESWICK AVE & MT CARMEL AVE,1,904a34ed
TKZXKW,Traffic,Road obstruction,19460,Upper Providence,LONGFORD RD & BRANDON CIR,1,eaf03ce4
TKZXL1,Traffic,Road obstruction,19035,Lower Merion,RIVER RD & MILL CREEK RD,1,8f250dc8
TKZXLB,Fire,Fire alarm,19460,Upper Providence,TROUTMAN RD & BLACK ROCK RD,1,d4bcaf19
TKZXNF,Fire,Electrical fire outside,19460,Lower Providence,PAWLINGS RD & 5TH ST,1,4e64e99f
TKZXOI,Traffic,Disabled vehicle,19046,Abington,HUNTINGDON PIKE & MEETINGHOUSE RD,1,919d1bff
TKZXQZ,Traffic,Road obstruction,19403,West Norriton,PORT INDIAN RD & EGYPT RD,1,c9d0dfa5
TKZXRG,EMS,Cardiac emergency,19403,Lower Providence,SHANNONDELL DR & SHANNONDELL BLVD,1,309a5a19
TKZXYY,Fire,Electrical fire outside,19046,Abington,WOODLAND RD & HUNTER RD,1,389dd5d5
TKZXZK,Traffic,Vehicle accident,19027,Cheltenham,CHELTENHAM AVE & WILLIAMS WAY,1,5c49d962
TKZXZU,Traffic,Vehicle accident,19438,Lower Salford,QUARRY RD & STORE RD,1,056b9449
TKZXZV,Fire,Vehicle accident,19438,Lower Salford,QUARRY RD,1,df7f06f4
TKZXZZ,EMS,Vehicle accident,19438,Lower Salford,QUARRY RD,1,4203a9c3
TKZY0Y,Fire,Electrical fire outside,19403,West Norriton,SENTINEL RDG & MINUTEMEN LN,1,7ae96683
TKZY27,Fire,Fire alarm,19027,Cheltenham,OLD YORK RD & W CHURCH RD,1,aac198bd
TKZY36,Fire,Electrical fire outside,19401,Norristown,STANBRIDGE ST & W OAK ST,1,1dba9fbd
TKZY57,Traffic,Road obstruction,19403,West Norriton,PORT INDIAN RD & EGYPT RD,1,cf6a82c7
TKZY5I,Traffic,Disabled vehicle,19034,Upper Dublin,VIRGINIA DR & DELAWARE AVE,1,aa956a6b
TKZY8V,Traffic,Vehicle fire,19046,Abington,LOS ANGELES AVE & SAN GABRIEL AVE,1,397579d0
TKZY8X,Fire,Vehicle fire,19046,Abington,LOS ANGELES AVE,1,d676a22b
TKZYB8,Traffic,Disabled vehicle,19040,Upper Moreland,S YORK RD & S WARMINSTER RD,1,a068f62b
TKZYB8-1,Traffic,Disabled vehicle,19040,Upper Moreland,YORK RD & NEWINGTON DR,1,b5a7395c
TKZYD7,Traffic,Vehicle accident,19002,Horsham,LIMEKILN PIKE & MISTY HOLLOW DR,1,b5b0fc59
TKZYF4,Traffic,Hazardous road conditions,19403,Lower Providence,CRAWFORD RD & S PARK AVE,1,922f465b
TKZYFC,EMS,Vehicle accident,19446,Lansdale,W HANCOCK ST,1,4757cd97
TKZYFM,Traffic,Road obstruction,19403,West Norriton,PORT INDIAN RD & S SCHUYLKILL AVE,1,adf854fe
TKZYG2,Traffic,Vehicle accident,19446,Lansdale,W HANCOCK ST & SUSQUEHANNA AVE,1,4ca5f877
TKZYG8,Traffic,Hazardous road conditions,19038,Abington,KESWICK AVE & MT CARMEL AVE,1,d1f74eea
TKZYHN,EMS,Syncopal episode,19401,Norristown,LAFAYETTE ST & SWEDE ST,1,aa2d5744
TKZYHZ,Fire,Gas-odor/leak,19001,Abington,TOWNSHIP LINE RD,1,ec1f0248
TKZYJA,Traffic,Hazardous road conditions,19403,Lower Providence,RITTENHOUSE RD & LANTERN LN,1,1bcc0837
TKZYJL,Traffic,Road obstruction,19403,West Norriton,PORT INDIAN RD & EGYPT RD,1,4c6619a9
TKZYLC,Traffic,Road obstruction,19401,East Norriton,HANNAH AVE & E GERMANTOWN PIKE,1,7f8aa17a
TKZYMP,Traffic,Hazardous road conditions,19428,West Conshohocken,FRONT ST & BALLIGOMINGO RD,1,5da38fc0
TKZYNV,Traffic,Vehicle accident,19454,Montgomery,STUMP RD & JUGHANDLE,1,95e07269
TKZYOP,Traffic,Road obstruction,19462,Plymouth,HILLSIDE AVE & COLEMAN ST,1,612ff228
TKZYT7,Fire,Electrical fire outside,19046,Jenkintown,WALNUT ST & MATHER RD,1,84cee3d7
TKZYVK,Fire,Rescue,19403,Lower Providence,JEFFERSON AVE,1,3ae5e90f
TKZYW2,EMS,Rescue,19403,Lower Providence,JEFFERSON AVE,1,a9632e5d
TKZYXF,Fire,Fire alarm,19403,Lower Providence,SHANNONDELL DR & SHANNONDELL BLVD,1,60258544
TKZZ36,Traffic,Vehicle accident,19446,Lansdale,E MAIN ST & CHURCH RD,1,b5509525
TKZZ3Q,Traffic,Road obstruction,19406,Upper Merion,CROOKED LN & KING MANOR DR,1,a917b14d
TKZZBI,EMS,Subject in pain,19465,Chester County,YERGER LN & RIVER RD,1,b1b51ae5
TKZZOX,Fire,Electrical fire outside,19046,Abington,SCHOOL LN,1,d56c65ba
TKZZSX,Fire,Rescue,19403,Lower Providence,JEFFERSON AVE,1,3fc9c211
TKZZT2,EMS,Rescue,19403,Lower Providence,JEFFERSON AVE,1,8c8171cc
TKZZVI,Fire,Building fire,19038,Abington,EASTON RD & ROSEMORE AVE,1,bdd34af7
TKZZYW,Fire,Rescue,19403,Lower Providence,DRIFTWOOD DR & MAPLEWOOD MEWS,1,6cdc6447
TKZZZ6,EMS,Rescue,19403,Lower Providence,DRIFTWOOD DR & MAPLEWOOD MEWS,1,7c7adc5d
TL0011,Traffic,Vehicle accident,19422,Whitpain,SKIPPACK PIKE & CRESTLINE DR,1,98e79e40
TL0013,Fire,Fire investigation,19426,Upper Providence,NOTTINGHAM LN & QUINCY ST,1,e3592e1c
TL004C,Traffic,Vehicle accident,18969,Telford,S MAIN ST & E RELIANCE RD,1,fe37bd8d
TL00A5,Traffic,Vehicle accident,19406,Upper Merion,1ST AVE & FREEDOM DR,1,c1daa480
TL00AK,Fire,Fire investigation,19403,Lower Providence,CLEARFIELD AVE & FARVIEW AVE,1,2ca1f78f
TL00B5,EMS,Overdose,19454,Montgomery,BETHLEHEM PIKE & VILSMEIER RD,1,55d79681
TL00K3,Traffic,Vehicle accident,19401,Norristown,W OAK ST & GEORGE ST,1,32c16bab
TL00Q1,Fire,Fire alarm,19027,Abington,GLEN LN & VALLEY GLEN RD,1,fe671acf
TL00VG,Traffic,Road obstruction,19403,Lower Providence,EAGLEVILLE RD & PINETOWN RD,1,d50da605
TL00VQ,Traffic,Road obstruction,19403,Lower Providence,PARK AVE & MIAMI AVE,1,f48ed154
TL018Y,Traffic,Vehicle accident,19464,Pottstown,KING ST & N HANOVER ST,1,a7248522
TL01A6,Traffic,Road obstruction,19002,Lower Gwynedd,SUMNEYTOWN PIKE & N BETHLEHEM PIKE,1,fbd6e20b
TL01HC,EMS,Vehicle accident,19464,Pottstown,KING ST,1,7a2e93b5
TL01HE,Traffic,Vehicle accident,19403,Lower Providence,AUDUBON RD & ADAMS AVE,1,d2334b54
TL01JI,EMS,Abdominal pains,19464,Pottstown,ROWAN ALY & N CHARLOTTE ST,1,3775d87c
TL01KV,Traffic,Vehicle accident,19444,Whitemarsh,BARREN HILL RD & RIDGE PIKE,1,5a23bbab
TL01WO,Traffic,Vehicle accident,19095,Cheltenham,CHURCH RD & GRIBBEL RD,1,d9657b1c
TL01WO-1,Traffic,Vehicle accident,19095,Cheltenham,CHURCH RD & MULFORD RD,1,dca507a2
TL01Y1,Fire,Vehicle accident,19095,Cheltenham,CHURCH RD & GRIBBEL RD,1,1f7da702
TL01Y1-1,Fire,Vehicle accident,19095,Cheltenham,CHURCH RD & MULFORD RD,1,22bd3388
TL01Y8,EMS,Vehicle accident,19095,Cheltenham,CHURCH RD & GRIBBEL RD,1,fad09f54
TL01Y8-1,EMS,Vehicle accident,19095,Cheltenham,CHURCH RD & MULFORD RD,1,fe102bda
TL0206,EMS,Unresponsive subject,19462,Plymouth,JOHNSON RD & LOCUST LN,1,613a3946
TL020K,Traffic,Disabled vehicle,19468,Limerick,LIMERICK CENTER RD & W RIDGE PIKE,1,38e72caa
TL022B,EMS,Fall victim,19006,Lower Moreland,WELSH RD & WALTON RD,1,ae5c93ec
TL024F,EMS,Cardiac emergency,19401,Norristown,LOGAN ST & MARKLEY ST,1,91423b83
TL02A2,Traffic,Road obstruction,19012,Cheltenham,PARKVIEW RD & HILLDALE RD,1,e4c872a7
TL02GG,EMS,Seizures,19090,Upper Moreland,NEW ST & DAVISVILLE RD,1,92b3cf09
TL02KP,Traffic,Road obstruction,19040,Upper Moreland,DAVISVILLE RD & PENNYPACK RD,1,8d14960e
TL02MF,Traffic,Road obstruction,19035,Lower Merion,MERION SQUARE RD & GLENMOOR RD,1,13f265ed
TL0360,Traffic,Road obstruction,19355,Chester County,WILSON RD & YELLOW SPRINGS RD,1,fd48f270
TL037Y,Traffic,Road obstruction,19002,Upper Dublin,DREXEL AVE & SUSQUEHANNA RD,1,6a4058f9
TL03G4,EMS,Fall victim,19403,West Norriton,MONTGOMERY AVE & W MAIN ST,1,303a7a9d
TL03N9,Traffic,Vehicle accident,19046,Abington,MEETINGHOUSE RD & DELENE RD,1,324c2a60
TL03Q5,EMS,Vehicle accident,19046,Abington,MEETINGHOUSE RD & DELENE RD,1,3c9853aa
TL03QL,Traffic,Road obstruction,19095,Cheltenham,GREEN VALLEY RD & THORNBERRY RD,1,6221d1f7
TL03T5,Traffic,Vehicle accident,19150,Cheltenham,CHELTENHAM AVE & 79TH AVE,1,4f6c3d2f
TL03TN,Traffic,Vehicle accident,19095,Cheltenham,COTTMAN AVE & CHURCH RD,1,bb97e555
TL03TN-1,Traffic,Vehicle accident,19046,Abington,TOWNSHIP LINE RD & ZANE AVE,1,ddd1758b
TL03YM,Traffic,Road obstruction,19403,Lower Providence,RIDGE PIKE & SUNNYSIDE AVE,1,ea7c9ac9
TL03YS,Fire,Fire alarm,19460,Upper Providence,MONTGOMERY AVE & STATION AVE,1,a7b2f327
TL042H,EMS,Medical alert alarm,18073,Douglass,PAPER MILL RD & BOWERS MILL RD,1,445e4a8d
TL04G2,Traffic,Vehicle accident,19004,Lower Merion,E CITY AVE & KINGS GRANT DR,1,0f2d941f
TL04G2-1,Traffic,Vehicle accident,19004,Lower Merion,CITY AVE & KINGS GRANT DR,1,6c22957a
TL04G9,Traffic,Road obstruction,19002,Upper Dublin,E BUTLER PIKE & NORRISTOWN RD,1,696d382f
TL04NC,Traffic,Road obstruction,19072,Lower Merion,BOBARN DR & HAGYS FORD RD N,1,454fb82e
TL04O2,Traffic,Road obstruction,19002,Upper Dublin,N LIMEKILN PIKE & FORT WASHINGTON AVE,1,b8727aed
TL04OZ,EMS,Diabetic emergency,19475,Chester County,MACBRIDE DR & KEEN RD,1,6b846b65
TL04TO,Traffic,Vehicle accident,19038,Abington,MT CARMEL AVE & KESWICK AVE,1,7b10c5a4
TL04UD,Fire,Fire alarm,19046,Jenkintown,WEST AVE & GREENWOOD AVE,1,5143782b
TL04Y7,EMS,Head injury,19473,Schwenksville,PERKIOMEN AVE & 3RD ST,1,81968633
TL05DN,Fire,Fire alarm,19406,Upper Merion,VALLEY FORGE PARK RD & GULPH RD,1,3fc1fa7b
TL05F7,Traffic,Road obstruction,19072,Lower Merion,BOBARN DR & HAGYS FORD RD N,1,1fbd57c4
TL05KK,Fire,Fire alarm,19401,Norristown,MARKLEY ST & W MARSHALL ST,1,2d564419
TL05LB,Fire,Fire alarm,19428,West Conshohocken,CLIPPER RD & UNION HILL RD,1,5f29756a
TL05M6,EMS,Allergic reaction,19027,Abington,ROLLING HILL RD & CHANCELLOR AVE,1,55682631
TL05P3,EMS,Overdose,19401,Norristown,MARSHALL ST & HAWS AVE,1,4c0a089e
TL05UT,Traffic,Road obstruction,19468,Limerick,SWAMP PIKE & NEIFFER RD,1,7f16d5bf
TL0657,EMS,Subject in pain,18073,Pennsburg,MAIN ST & W 8TH ST,1,9e7cda3d
TL0678,Traffic,Road obstruction,19426,Upper Providence,BLACK ROCK RD & EGYPT RD,1,89259da6
TL06KW,Fire,Fire alarm,19438,Lower Salford,MAIN ST & OLD SUMNEYTOWN PIKE,1,15abb567
TL06X8,Traffic,Vehicle accident,19440,Hatfield Township,CLEMENS RD & FAIRGROUNDS RD,1,a422732f
TL07BQ,EMS,Seizures,19428,Conshohocken,WASHINGTON ST & HARRY ST,1,514e63af
TL07CU,EMS,Vehicle accident,19426,Trappe,W MAIN ST,1,fddc90e7
TL07D3,Fire,Vehicle accident,19426,Trappe,W MAIN ST,1,62c6c2ef
TL07DR,Traffic,Vehicle accident,19426,Trappe,W MAIN ST & E 3RD AVE,1,5d8900f4
TL07QA,EMS,Subject in pain,19403,Lower Providence,EAGLEVILLE RD & SUNDERLAND DR,1,001a3d3e
TL07X6,Traffic,Disabled vehicle,19027,Cheltenham,CHELTEN HILLS DR & W CHURCH RD,1,6c86cee9
TL0822,EMS,Head injury,19150,Cheltenham,CHELTENHAM AVE & 79TH AVE,1,b7c8d6d2
TL08MA,EMS,Hemorrhaging,19031,Springfield,MILL RD & BETHLEHEM PIKE,1,5a5f759d
TL08NC,EMS,Lacerations,19046,Jenkintown,SUMMIT AVE & LEEDOM ST,1,fadcf57b
TL08OP,Fire,Gas-odor/leak,19038,Abington,PLEASANT AVE & CASTLEWOOD RD,1,f51f6193
TL08SN,Traffic,Vehicle accident,19038,Springfield,PAPER MILL RD & MONTGOMERY AVE,1,e95d3eb6
TL08UT,Traffic,Vehicle accident,19406,Bridgeport,DEKALB ST & CROOKED LN,1,633e9d9e
TL091Y,Traffic,Vehicle accident,19406,Bridgeport,DEKALB ST & CROOKED LN,1,1f315a95
TL095E,EMS,Syncopal episode,19428,Plymouth,RIDGE PIKE & INDUSTRIAL WAY,1,c165fa1e
TL096B,EMS,Altered mental status,19002,Horsham,SILVER OAK PL & LIMEKILN PIKE,1,1bcad8ea
TL097C,EMS,Fall victim,19525,Douglass,GILBERTSVILLE RD & YODER AVE,1,ccccf4d8
TL09MH,Traffic,Hazardous road conditions,19002,Lower Gwynedd,JOHNS LN & KENILWORTH LN,1,83ff5129
TL09TN,Traffic,Vehicle accident,19406,Upper Merion,S GULPH RD & S HENDERSON RD,1,4dd78f9e
TL09UX,EMS,Vehicle accident,19406,Upper Merion,S GULPH RD,1,eb5eb047
TL09YO,Fire,Vehicle accident,19406,Upper Merion,S GULPH RD,1,7340ea18
TL0A59,EMS,Vehicle accident,19422,Whitpain,SKIPPACK PIKE & PENLLYN BLUE BELL PIKE,1,d0b81893
TL0A5V,Traffic,Vehicle accident,19422,Whitpain,SKIPPACK PIKE & PENLLYN BLUE BELL PIKE,1,58529df6
TL0ABL,EMS,Nausea/vomiting,19446,Upper Gwynedd,COLLINS AVE & PARK RD,1,3107f6ec
TL0ADH,Traffic,Vehicle accident,19001,Abington,SUSQUEHANNA RD & EASTON RD,1,7972d8d0
TL0AKI,EMS,Fall victim,18964,Telford,LINCOLN AVE & WOOD ALY,1,bccf08bc
TL0AOP,EMS,Maternity,19401,Norristown,MARSHALL ST & MARKLEY ST,1,46df4e47
TL0B15,Fire,Gas-odor/leak,19027,Cheltenham,COVENTRY AVE & ASBURY AVE,1,8d657614
TL0B2I,EMS,Respiratory emergency,19403,West Norriton,HEMLOCK RD & CAREY LN,1,b570e203
TL0B73,Traffic,Vehicle accident,19426,Trappe,W MAIN ST & E 3RD AVE,1,5b93649c
TL0BQI,Fire,Fire alarm,19040,Horsham,HIDDEN CREEK DR & CYPRESS LN,1,4923540f
TL0BST,Traffic,Vehicle accident,19002,Lower Gwynedd,SUMNEYTOWN PIKE & N BETHLEHEM PIKE,1,b672b0ad
TL0C44,EMS,Dizziness,19401,East Norriton,DEKALB PIKE & COLONIAL DR,1,1599b391
TL0C69,Traffic,Vehicle accident,18073,Upper Hanover,KNIGHT RD & GRAVEL PIKE,1,025eb3d5
TL0CMK,EMS,Fall victim,19401,Norristown,WOOD ST & ARCH ST,1,ccee5b40
TL0CVC,EMS,Fever,19428,Whitemarsh,RIDGE PIKE & BUTLER PIKE,1,f0f602c7
TL0CX1,EMS,Respiratory emergency,19403,West Norriton,MARSHALL ST & N MONTGOMERY AVE,1,27598942
TL0D80,EMS,Respiratory emergency,19406,Upper Merion,HILLTOP DR & TOWNE PL,1,a7486cc4
TL0DB1,EMS,Altered mental status,19401,Norristown,MAIN ST & BARBADOES ST,1,60649bed
TL0DC4,Fire,Electrical fire outside,19001,Abington,NOLEN RD & FERNWOOD AVE,1,a2e468f2
TL0DDB,EMS,Cardiac emergency,19462,Plymouth,FOUNTAIN RD & HICKORY RD,1,148b58e1
TL0DDT,Fire,Fire police needed,19468,Limerick,LINFIELD TRAPPE RD,1,e449164e
TL0DDV,Traffic,Disabled vehicle,19454,Montgomery,NORTH WALES RD & HARBOB LN,1,b6d16cd6
TL0DMO,Traffic,Vehicle accident,19040,Upper Moreland,WARMINSTER RD & LANCASTER PL,1,dcbc08ff
TL0DQQ,Fire,Vehicle accident,19004,Lower Merion,RAMP MATSONSFORD RD TO I476  & MATSONS FORD RD,1,3695cff5
TL0DR5,EMS,Vehicle accident,19004,Lower Merion,RAMP MATSONSFORD RD TO I476  & MATSONS FORD RD,1,16dfd889
TL0DSV,Traffic,Vehicle accident,19004,Lower Merion,RAMP MATSONSFORD RD TO I476  & MATSONS FORD RD,1,9b5f8f78
TL0E1X,EMS,Altered mental status,19031,Springfield,PENN OAK RD & E MILL RD,1,7e7cb82d
TL0E5M,Traffic,Vehicle accident,18969,Franconia,CHURCH RD & MELVIN RD,1,05acf43c
TL0EPA,EMS,Unknown medical emergency,19438,Lower Salford,MAIN ST & GODSHALL DR,1,07f5a703
TL0EVB,EMS,Head injury,19046,Abington,MADEIRA AVE & OLD YORK RD,1,22e324eb
TL0EW8,EMS,Overdose,19044,Horsham,GIRARD AVE & WAYNE AVE,1,c2cf7137
TL0FA7,Fire,Fire alarm,19464,Pottstown,SOUTH ST & CROSS ST,1,2e64d459
TL0FF4,EMS,Medical alert alarm,19446,Montgomery,HOLLY DR & ROSEWOOD DR,1,50e422a7
TL0FG3,Fire,Electrical fire outside,19001,Abington,THOMSON RD & FERNWOOD AVE,1,0b547a1d
TL0FT7,Fire,Fire alarm,19406,Upper Merion,JASPER RD & BERNARD DR,1,2078908a
TL0FV2,EMS,Seizures,19468,Limerick,KING RD & MUIRFIELD DR,1,52375697
TL0G0B,EMS,Medical alert alarm,19027,Abington,KIRKWOOD AVE & FOX CHASE RD,1,ce63d628
TL0GE8,Traffic,Hazardous road conditions,19422,Whitpain,DEKALB PIKE & SKIPPACK PIKE,1,34fd7a47
TL0GER,EMS,General weakness,19075,Springfield,PAPER MILL RD & COUNTRY CLUB DR,1,35a623c2
TL0GGL,EMS,Hemorrhaging,19002,Horsham,CHATSWORTH DR & TALAMORE DR,1,272e414d
TL0GI4,EMS,Seizures,19010,Lower Merion,HUNTSMAN LN & CONSHOHOCKEN STATE RD,1,3329156d
TL0GIW,Traffic,Vehicle accident,19426,Skippack,BRIDGE RD & MARY ELLEN LN,1,078be97a
TL0GJA,EMS,Vehicle accident,19426,Skippack,BRIDGE RD & MARY ELLEN LN,1,208e144b
TL0GJY,Fire,Vehicle accident,19426,Skippack,BRIDGE RD & MARY ELLEN LN,1,26ec0e74
TL0GO0,EMS,Abdominal pains,19096,Lower Merion,UPLAND TER & CHERRY LN,1,6edc76c4
TL0GP7,EMS,Subject in pain,19403,East Norriton,POTSHOP RD & WOODLAND AVE,1,5a4bb564
TL0ICH,EMS,Cardiac emergency,19044,Horsham,BRIARWOOD DR & BLAIR MILL RD,1,13e46544
TL0J20,EMS,Overdose,19066,Lower Merion,CITY AVE & OLD LANCASTER RD,1,191f0c37
TL0J44,EMS,Head injury,19454,North Wales,6TH ST & LAY ALY,1,8ae4b257
TL0JOR,EMS,Fall victim,19403,Lower Providence,SHANNONDELL DR & SHANNONDELL BLVD,1,fd6ec2d8
TL0JUJ,EMS,Unknown medical emergency,19035,Lower Merion,WAVERLY RD & YOUNGS FORD RD,1,8a0b6816
TL0JYL,Traffic,Vehicle accident,19426,Skippack,BRIDGE RD & MARY ELLEN LN,1,c2046055
TL0KG5,EMS,Fall victim,19444,Whitemarsh,LAFRANCE RD & MARQUIS RD,1,dd888af4
TL0KO4,Fire,Fire alarm,19401,Norristown,MAIN ST & KNOX ST,1,e2d35da9
TL0L10,EMS,Unknown medical emergency,19403,East Norriton,DENISE RD & BARBARA DR,1,3570f0f3
TL0L8M,Fire,Fire alarm,19040,Hatboro,YORK RD & E LEHMAN AVE,1,482ecf1c
TL0LXO,Fire,Fire alarm,19046,Abington,FOX CHASE RD & FORREST AVE,1,f6d67008
TL0MTZ,EMS,Respiratory emergency,19464,Pottstown,FRANKLIN ST & ROWAN ALY,1,2479b258
TL0OLB,EMS,Fall victim,19464,Lower Pottsgrove,VALLEY RD & W VALLEY RD,1,60b5d90b
TL0P32,Fire,Fire alarm,19040,Hatboro,YORK RD & E LEHMAN AVE,1,b9300183
TL0Q2U,EMS,Assault victim,19090,Abington,FAIRVIEW AVE & WASHINGTON AVE,1,6a509e40
TL0Q95,Fire,Vehicle accident,19006,Lower Moreland,TOMLINSON RD & PHILMONT AVE,1,8c9af499
TL0Q98,Traffic,Vehicle accident,19006,Bryn Athyn,TOMLINSON RD & SYCAMORE RD,1,eb7d0f09
TL0Q98-1,Traffic,Vehicle accident,19006,Lower Moreland,TOMLINSON RD & PHILMONT AVE,1,9f81f63d
TL0Q9E,EMS,Vehicle accident,19116,Bryn Athyn,TOMLINSON RD,1,13eb9577
TL0Q9E-1,EMS,Vehicle accident,19006,Lower Moreland,TOMLINSON RD & PHILMONT AVE,1,d11b1710
TL0QHZ,EMS,Abdominal pains,19040,Upper Moreland,SILVESTRI DR & ORANGEMANS RD,1,67fb8323
TL0QV0,Traffic,Road obstruction,19035,Lower Merion,CONSHOHOCKEN STATE RD & GREAVES LN,1,146f56c3
TL0RM2,EMS,General weakness,19444,Whitemarsh,FOXWOOD CIR & KOTTLER DR,1,81bd6fc7
TL0SRF,EMS,Subject in pain,19002,Ambler,BETHLEHEM PIKE & ARGYLE AVE,1,0f77ee8b
TL0TCT,EMS,Fall victim,19438,Lower Salford,MAIN ST & OLD SUMNEYTOWN PIKE,1,006c1bcc
TL0TRH,EMS,Fall victim,19040,Upper Moreland,BYBERRY RD & VILLAGE CIR,1,aca44868
TL0TUB,Fire,Fire alarm,19044,Horsham,WINCHESTER DR & BRANTFORD CIR,1,98927040
TL0UGO,EMS,Cardiac emergency,19027,Cheltenham,SYCAMORE AVE & CHELTENHAM AVE,1,79f8e96c
TL0UHO,EMS,Abdominal pains,19454,North Wales,MONTGOMERY AVE & S 3RD ST,1,3ac76389
TL0UM9,EMS,Fall victim,19406,Upper Merion,GENERAL ARMSTRONG RD & GENERAL KNOX RD,1,8d6d2c26
TL0V8F,EMS,Respiratory emergency,19044,Horsham,JACK LADDER CIR & LOG POND DR,1,3ce7c3f6
TL0VK3,Fire,Fire alarm,19090,Upper Moreland,GREYHORSE RD & WINDMILL RD,1,78281978
TL0VXP,EMS,Respiratory emergency,19087,Upper Merion,VALLEY FORGE LOOKOUT PL & TIMOTHY CIR,1,6da601a8
TL0WOE,EMS,Medical alert alarm,19460,Upper Providence,HANOVER RD & EDEN BLVD,1,f93ef8f5
TL0XGZ,Fire,Fire alarm,19034,Whitemarsh,PENNSYLVANIA AVE & SUMMIT AVE,1,d12c71bd
TL0XJ6,EMS,Respiratory emergency,19040,Upper Moreland,ARMOUR RD & S WARMINSTER RD,1,8fc482d0
TL0XUQ,EMS,Unresponsive subject,19001,Abington,FERNWOOD AVE & WOODLAND RD,1,6f4f20d8
TL0YXB,EMS,Head injury,19038,Springfield,STENTON AVE & NEWTON ST,1,3d512f31
TL113D,Traffic,Road obstruction,19406,Upper Merion,W DEKALB PIKE & ALLENDALE RD,1,b4c87254
TL113M,EMS,Subject in pain,19401,Norristown,MAIN ST & BARBADOES ST,1,0a35d1e2
TL118D,Traffic,Hazardous road conditions,19002,Lower Gwynedd,JOHNS LN & KENILWORTH LN,1,c49fd851
TL11MX,EMS,Head injury,19095,Cheltenham,BARKER RD & GREENWOOD AVE,1,5af1e356
TL11RT,EMS,Subject in pain,19401,Norristown,PEARL ST & W LAFAYETTE ST,1,7cef5e35
TL11XM,EMS,Assault victim,19426,Skippack,MT AIRY RD & ANITA RD,1,c675a372
TL13Q9,EMS,CVA/stroke,19046,Abington,DELENE RD & CARMET RD,1,35fa700e
TL13TF,EMS,General weakness,19464,Pottstown,KING ST & MANATAWNY ST,1,23f57d9a
TL148Y,Fire,Fire alarm,19150,Springfield,IVY HILL RD & BAYARD ST,1,3bc1e493
TL14SQ,EMS,Subject in pain,19454,Lower Gwynedd,GWYNEDD VIEW RD & ROSE LN,1,e3d0ddc5
TL14VJ,EMS,Fall victim,19446,Upper Gwynedd,SUMNEYTOWN PIKE & MARLBROOK LN,1,524ad2e0
TL15AA,Fire,Fire investigation,19150,Springfield,IVY HILL RD & BAYARD ST,1,aa4f4801
TL15F3,EMS,Fall victim,19464,Lower Pottsgrove,BUCHERT RD & LAUREL WAY,1,93a99201
TL15LO,Fire,Fire alarm,19422,Lower Gwynedd,GWYNEDD AVE & TOWNSHIP LINE RD,1,49712e3a
TL16IM,Fire,Fire alarm,19002,Ambler,BETHLEHEM PIKE & ARGYLE AVE,1,1bf70fc6
TL16P1,Traffic,Road obstruction,19012,Cheltenham,W LAUREL AVE & MYRTLE AVE,1,11f46303
TL177W,Fire,Fire alarm,19454,Montgomery,GARDEN GOLF BLVD & BETHLEHEM PIKE,1,aaa762a5
TL180J,EMS,Respiratory emergency,19465,Chester County,KERLIN AVE & LAURELWOOD RD,1,01b405b2
TL180S,Traffic,Vehicle accident,19446,Towamencin,FORTY FOOT RD & ALLENTOWN RD,1,6d396b93
TL18CP,Traffic,Vehicle accident,19465,Chester County,SCHUYLKILL RD & KLINE AVE,1,dca12e0f
TL18DX,EMS,General weakness,19462,Plymouth,JEFFERSON ST & BROOK ALY,1,eebcea7f
TL18EQ,EMS,Fracture,19446,Towamencin,WOODS DR & DETWILER RD,1,873ed95a
TL18FQ,EMS,Cardiac emergency,19426,Upper Providence,COLLEGEVILLE RD & ARCOLA RD,1,8e65a72d
TL18QP,EMS,Hemorrhaging,19403,Lower Providence,SHANNONDELL DR & SHANNONDELL BLVD,1,84f04461
TL1914,EMS,Vehicle accident,19446,Towamencin,FORTY FOOT RD & ALLENTOWN RD,1,d117b324
TL194W,EMS,Medical alert alarm,19046,Abington,THE FAIRWAY  & RYDAL RD,1,fbeaab87
TL19KN,Traffic,Vehicle accident,19010,Lower Merion,N ITHAN AVE & W MONTGOMERY AVE,1,652da655
TL19RJ,Fire,Fire alarm,19426,Trappe,3RD AVE & COLLEGE AVE,1,23f6b0ce
TL19TH,EMS,Unconscious subject,19401,East Norriton,DEKALB PIKE & W GERMANTOWN PIKE,1,3327787a
TL1A1H,Traffic,Disabled vehicle,19454,Lower Gwynedd,W WELSH RD & CAMBRIDGE DR,1,05aba049
TL1A5P,EMS,Hemorrhaging,19475,Chester County,TERRACE DR & CREEKSIDE DR,1,baee256e
TL1A8H,Traffic,Road obstruction,19038,Upper Dublin,LIMEKILN PIKE & BEECHWOOD AVE,1,0193b726
TL1AA3,EMS,Fall victim,19046,Abington,HUNTINGDON PIKE & SAN GABRIEL AVE,1,f34b422b
TL1AIJ,EMS,Hemorrhaging,19468,Limerick,LINFIELD TRAPPE RD & WEAVER LN,1,fe541069
TL1AJH,EMS,General weakness,19403,West Norriton,MARSHALL ST & N MONTGOMERY AVE,1,b1a56877
TL1AR2,EMS,Medical alert alarm,19422,Lower Gwynedd,TREWELLYN AVE & GWYNEDD AVE,1,5eb0b1ce
TL1ARY,Traffic,Disabled vehicle,19090,Upper Moreland,FITZWATERTOWN RD & MANSFIELD RD,1,a0a398fb
TL1AY2,EMS,Hemorrhaging,19454,North Wales,MONTGOMERY AVE & S 3RD ST,1,3d91150e
TL1AZV,EMS,Back pains/injury,19446,Lansdale,BROAD ST & W 2ND ST,1,655c3616
TL1BUC,Fire,Fire alarm,19464,Pottstown,SOUTH ST,1,ca88ff98
TL1BUM,Traffic,Road obstruction,19428,Plymouth,RIDGE PIKE & LYNDA DR,1,4a810985
TL1BWI,Traffic,Vehicle accident,19096,Narberth,MONTGOMERY AVE & HANSEN CT,1,1393c4ce
TL1BZH,EMS,CVA/stroke,19044,Upper Moreland,BLAIR MILL RD & W MORELAND AVE,1,3fbfb69f
TL1C68,Fire,Fire alarm,19406,Upper Merion,ALLENDALE RD & 1ST AVE,1,b57f94af
TL1CIC,EMS,Unconscious subject,19403,Lower Providence,SHANNONDELL DR & SHANNONDELL BLVD,1,715558ea
TL1CNL,Traffic,Vehicle accident,19403,West Norriton,JUNIATA RD & S SCHUYLKILL AVE,1,48698376
TL1CTB,Fire,Fire alarm,19034,Upper Dublin,VIRGINIA DR & DELAWARE AVE,1,5c7c016d
TL1CWE,Traffic,Disabled vehicle,19428,Plymouth,RIDGE PIKE & ALAN WOOD RD,1,fee54cc3
TL1D5N,EMS,General weakness,19464,Pottstown,SOUTH ST & S MT VERNON ST,1,b2cacb63
TL1DE4,EMS,Abdominal pains,19438,Franconia,MAPLE AVE & YODER RD,1,01a7911d
TL1DET,EMS,Cardiac arrest,19040,Upper Moreland,NEWINGTON DR,1,c6959348
TL1DH1,EMS,General weakness,19401,Norristown,WILLOW ST & E BASIN ST,1,4001f545
TL1DIC,EMS,Cardiac emergency,19401,Norristown,KOHN ST & W AIRY ST,1,c9a852e1
TL1DKP,EMS,Dizziness,19401,Norristown,MAIN ST & PEARL ST,1,05061d4d
TL1DXR,EMS,CVA/stroke,19403,West Norriton,MAIN ST & JEFFERSON AVE,1,077e2eef
TL1EE2,EMS,Head injury,19464,Pottstown,HIGH ST & S WASHINGTON ST,1,6ae9d290
TL1EL4,EMS,Medical alert alarm,19403,Lower Providence,SHANNONDELL DR & SHANNONDELL BLVD,1,36eca9a3
TL1EOL,EMS,Cardiac emergency,19446,Lansdale,BROAD ST & E 6TH ST,1,bf7fa61e
TL1EPM,Fire,Fire investigation,19025,Upper Dublin,LIMEKILN PIKE & PEG ST,1,40fd0014
TL1ER9,EMS,Altered mental status,19090,Upper Moreland,COMMERCE AVE & MARYLAND RD,1,b606d7d2
TL1F35,EMS,Drowning,19085,Lower Merion,COUNTY LINE RD & N SPRING MILL RD,1,c417e156
TL1F5S,EMS,Allergic reaction,19075,Springfield,ALLISON RD & REDFORD RD,1,d617097b
TL1F6I,EMS,Abdominal pains,19406,Upper Merion,CAMBRIDGE RD & REDWOOD RD,1,8a11e25f
TL1FBP,EMS,Subject in pain,18041,East Greenville,MAIN ST & 4TH ST,1,445cfade
TL1FG7,EMS,Unconscious subject,19444,Whitemarsh,PEAR TREE LN & SUGAR MAPLE LN,1,54d28eab
TL1G0J,Traffic,Road obstruction,19468,Upper Providence,DALE DR & DAVID DR,1,572b8018
TL1G3O,EMS,Fall victim,19454,Montgomery,FOX CHASE CT & WINDING BROOK RUN,1,3f1a68b0
TL1G4L,Traffic,Vehicle accident,19422,East Norriton,DEKALB PIKE & E TOWNSHIP LINE RD,1,55ec65e3
TL1GAC,Traffic,Vehicle accident,19406,Upper Merion,N WARNER RD & N GULPH RD,1,d015bc88
TL1GC3,EMS,Fall victim,19401,Norristown,SWEDE ST & W AIRY ST,1,0ab664a1
TL1GLY,Traffic,Vehicle accident,19401,Norristown,DEKALB ST & E FORNANCE ST,1,cbc58abd
TL1GQ8,EMS,Fall victim,19403,West Norriton,WHITEHALL RD & CARSON DR,1,018ae91b
TL1GUP,EMS,CVA/stroke,19006,Abington,HENRIETTA AVE & IRVIN RD,1,3f7a7cf2
TL1GX2,EMS,Fall victim,19075,Upper Dublin,CANNON PL & MILL RD,1,d144143f
TL1HET,Fire,Fire alarm,19066,Lower Merion,MEADOW LN & MONTGOMERY AVE,1,1618c820
TL1HH0,Traffic,Disabled vehicle,19403,East Norriton,W GERMANTOWN PIKE & SANDRA LN,1,12995cb2
TL1HK3,EMS,Fall victim,19446,Towamencin,WOODS DR & DETWILER RD,1,95a49ba4
TL1HQ9,EMS,Cardiac arrest,19401,Norristown,MAIN ST & MILL ST,1,e112dced
TL1HTM,Traffic,Vehicle accident,19422,Whitpain,LEWIS LN & SKIPPACK PIKE,1,0c7d969b
TL1HTX,Traffic,Vehicle accident,19428,Plymouth,INDUSTRIAL WAY & RIDGE PIKE,1,4b2176d6
TL1HYI,Traffic,Vehicle accident,18974,Upper Moreland,E COUNTY LINE RD & PINEHORST RD,1,0eeba787
TL1I1N,Fire,Fire alarm,19034,Upper Dublin,VIRGINIA DR & DELAWARE AVE,1,6e387356
TL1IGI,EMS,Cardiac emergency,19446,Towamencin,DOCK DR & DETWILER RD,1,4d804275
TL1IHJ,EMS,Seizures,19464,Lower Pottsgrove,COUNTRY DR & SUNNYSIDE AVE,1,f0d53d62
TL1II7,EMS,Cardiac emergency,19040,Upper Moreland,BYBERRY RD & VILLAGE CIR,1,0e511d14
TL1IL2,Traffic,Vehicle accident,19403,Worcester,GERMANTOWN PIKE & VALLEY FORGE RD,1,10a9002a
TL1IUD,EMS,Diabetic emergency,19446,Lansdale,LANSDALE AVE & E 7TH ST,1,f970a22f
TL1IX7,EMS,Respiratory emergency,19001,Abington,THOMSON RD & FERNWOOD AVE,1,bd2b78e5
TL1IZ7,Traffic,Hazardous road conditions,19454,Montgomery,WELSH RD & SANDYS LN,1,6e5206b2
TL1JCE,EMS,Fall victim,19025,Upper Dublin,HARRIS RD & N LIMEKILN PIKE,1,ab64a5eb
TL1JF1,Traffic,Vehicle accident,19012,Cheltenham,ASHBOURNE RD & JENKINTOWN RD,1,a81d1189
TL1JGD,Traffic,Disabled vehicle,19403,Lower Providence,RIDGE PIKE & EAGLE STREAM DR,1,33db8cc9
TL1JJ9,Traffic,Hazardous road conditions,19454,Montgomery,WELSH RD & SANDYS LN,1,a80bf1f3
TL1JJ9-1,Traffic,Hazardous road conditions,19454,Upper Gwynedd,WELSH RD & NORTH WALES RD,1,fb36debb
TL1JJW,EMS,Overdose,19090,Upper Moreland,FITZWATERTOWN RD & BARTRAM RD,1,72c59689
TL1JN1,EMS,CVA/stroke,19403,Lower Providence,SHANNONDELL DR & SHANNONDELL BLVD,1,744b5a66
TL1JOG,Traffic,Disabled vehicle,19012,Cheltenham,TOOKANY CREEK PKWY & CENTRAL AVE,1,ea0ddc57
TL1K1Z,EMS,EMS special service,19473,Skippack,BRIDGE RD & SERENDIPITY WAY,1,0b15b9bf
TL1K2S,EMS,Fall victim,19001,Abington,HALLMAN RD & WOODLAND RD,1,e2fa7802
TL1K5D,EMS,Fall victim,19464,Pottstown,5TH ST & JOHNSON ST,1,0f65844d
TL1K8H,Traffic,Vehicle accident,19002,Whitemarsh,SKIPPACK PIKE & SHEAFF LN,1,7c857487
TL1KB9,EMS,Altered mental status,19027,Cheltenham,PENROSE AVE & BEECH AVE,1,23cfa3aa
TL1KLW,Fire,Building fire,19406,Upper Merion,PRINCE FREDERICK ST & MAIDEN LN,1,5ffe447e
TL1KOU,Traffic,Vehicle accident,19003,Lower Merion,LANCASTER AVE & CHATHAM RD,1,72d6ffcf
TL1KXI,EMS,Fall victim,19438,Lower Salford,MAIN ST & MAPLE AVE,1,e71ca51d
TL1KYI,Fire,Fire alarm,19444,Whitemarsh,JOSHUA RD & 1ST ST,1,18a0650f
TL1LAB,EMS,Fall victim,19096,Lower Merion,WYNNEWOOD AVE & HAVERFORD AVE,1,c9450e95
TL1LP7,EMS,Syncopal episode,19525,Douglass,PHILADELPHIA AVE & CONGO RD,1,bdf10971
TL1LPT,Fire,Fire alarm,19428,Plymouth,RIDGE PIKE & HARMON RD,1,f9794b5c
TL1LSF,Traffic,Vehicle accident,19468,Limerick,RIDGE PIKE & N LEWIS RD,1,8d4872dd
TL1M18,EMS,Head injury,19454,Horsham,HORSHAM RD & GREEN TREE TAVERN RD,1,6a6d7783
TL1M5N,EMS,Hemorrhaging,19090,Abington,MORELAND RD & EASTON RD,1,33708329
TL1MFP,Fire,Fire investigation,19027,Cheltenham,ASHBOURNE RD & UNION AVE,1,9a910462
TL1MHN,Fire,Gas-odor/leak,19001,Abington,ANZAC AVE & BISHOP AVE,1,54069677
TL1MLI,EMS,Respiratory emergency,19012,Cheltenham,EDGEMOOR RD & IVINETTA RD,1,2cabf581
TL1MMB,EMS,Hemorrhaging,19440,Hatfield Township,LINE LEXINGTON RD & VALLEY WOODS RD,1,1d5e04c3
TL1MO6,EMS,Overdose,19401,East Norriton,SYCAMORE LN & STONEY CREEK RD,1,fd7f613b
TL1MSL,EMS,CVA/stroke,19473,Lower Frederick,SPRING MOUNT RD & N GRAVEL PIKE,1,ff4e439e
TL1MTT,Fire,Fire alarm,19464,Pottstown,SOUTH ST & S PENN ST,1,350e3b06
TL1MWM,EMS,Respiratory emergency,18074,Upper Frederick,GLENWOOD DR & BUCK RD,1,f00749dc
TL1N9T,Fire,Carbon monoxide detector,19090,Abington,OSBOURNE AVE & MT VERNON AVE,1,5c0db4e1
TL1ND3,Fire,Trash/dumpster fire,19406,Upper Merion,GULPH RD & KIRK AVE,1,77b1e154
TL1NHT,EMS,Fall victim,19027,Cheltenham,ASPEN WAY & FOREST HILLS DR,1,c6361f43
TL1NK3,Traffic,Vehicle accident,19006,Lower Moreland,PHILMONT AVE & MANOR RD,1,6c70816f
TL1NLZ,EMS,Subject in pain,19001,Upper Dublin,FITZWATERTOWN RD & RAYMOND AVE,1,beb1b003
TL1NOL,EMS,Syncopal episode,19403,Lower Providence,EAGLEVILLE RD & SUNDERLAND DR,1,7423b637
TL1NR2,Traffic,Disabled vehicle,19426,Trappe,E 3RD AVE & W MAIN ST,1,db811592
TL1O1D,EMS,Respiratory emergency,19462,Plymouth,GERMANTOWN PIKE & HALLOWELL RD,1,8abded97
TL1O30,Traffic,Vehicle accident,19438,Franconia,HARLEYSVILLE PIKE & SCHOOLHOUSE RD,1,330a14c1
TL1O5C,Fire,Fire investigation,19027,Cheltenham,COVENTRY AVE & ASBURY AVE,1,101083c5
TL1O6K,EMS,Respiratory emergency,19468,Limerick,LINFIELD TRAPPE RD & S TOWNSHIP LINE RD,1,cb627fa5
TL1OKY,EMS,CVA/stroke,19406,Upper Merion,HENDERSON RD & SHOEMAKER RD,1,f9c0a550
TL1OMD,EMS,Unconscious subject,19464,Pottstown,SHOEMAKER RD & ROBINSON ST,1,b7394854
TL1OTC,Fire,Fire investigation,19003,Lower Merion,MILL CREEK RD & W MONTGOMERY AVE,1,f8c4a73e
TL1OWU,Fire,Fire alarm,19002,Horsham,WEDGE WAY & DEAD END,1,d30a31a2
TL1P76,Traffic,Vehicle accident,19446,Hatfield Township,N BROAD ST & COWPATH RD,1,0187142b
TL1PH2,Traffic,Vehicle accident,19454,Montgomery,DOMORAH DR & HARTMAN RD,1,b959383d
TL1PSC,EMS,Heat exhaustion,19046,Abington,CHURCH RD & BORBECK ST,1,c4907910
TL1PX2,Fire,Gas-odor/leak,19010,Lower Merion,ITHAN AVE & W MONTGOMERY AVE,1,8e34bfc6
TL1PZM,EMS,Assault victim,19406,Upper Merion,CLUBHOUSE RD & CLUBHOUSE PL,1,63f5faaa
TL1Q5Y,EMS,Head injury,19454,Horsham,HORSHAM RD & GREEN TREE TAVERN RD,1,2de8130b
TL1QCH,EMS,Head injury,19428,Whitemarsh,BUTLER PIKE & MAPLE DR,1,99b35085
TL1QID,EMS,Fall victim,18964,Souderton,RIDGE AVE & UNNAMED ALY,1,c1032cfe
TL1QPH,EMS,Respiratory emergency,19406,Upper Merion,GROVE LN & HILLSIDE RD,1,0fe76300
TL1QSD,EMS,Cardiac emergency,19403,Skippack,MOKYCHIC RD & PRISON RD,1,a2b61fe8
TL1R2B,Traffic,Vehicle accident,19096,Lower Merion,WYNNEWOOD RD & PENN RD,1,4b0a14d7
TL1R2G,Fire,Fire alarm,19401,Norristown,MARSHALL ST & CORSON ST,1,f0c4b25e
TL1REH,EMS,Vehicle accident,19096,Lower Merion,LANCASTER AVE & LANKENAU DR,1,4b772ed5
TL1RF4,Traffic,Vehicle accident,19096,Lower Merion,LANCASTER AVE & LANKENAU DR,1,8a5848f1
TL1RGR,Traffic,Vehicle accident,19096,Lower Merion,WYNNEWOOD RD & PENN RD,1,bcdca196
TL1RKI,EMS,Dizziness,19401,Norristown,HAMILTON ST & W MAIN ST,1,c00c305c
TL1RRI,EMS,Cardiac emergency,19426,Trappe,3RD AVE & HERITAGE PARK BLVD,1,acf230c1
TL1RTS,Fire,Elevator emergency,19422,Whitpain,DEKALB PIKE & SKIPPACK PIKE,1,b598ef18
TL1RUX,EMS,Abdominal pains,19090,Abington,LAMOTT AVE & OSBOURNE AVE,1,b24ff76c
TL1RWD,EMS,Subject in pain,19446,Towamencin,REIFF RD & QUARRY RD,1,276c4a99
TL1RWM,Traffic,Vehicle accident,19004,Lower Merion,BELMONT AVE & ST ASAPHS RD,1,e2a5283d
TL1S54,Traffic,Vehicle accident,19446,Montgomery,COWPATH RD & TAYLOR RD,1,6c84f375
TL1SEN,EMS,Head injury,19040,Upper Moreland,EXTON RD & THISTLEWOOD RD,1,05420c80
TL1SEZ,Traffic,Vehicle accident,19525,New Hanover,SWAMP PIKE & ROMIG RD,1,6bc7a2eb
TL1SFE,EMS,Hemorrhaging,19027,Cheltenham,ASHBOURNE RD & PARK AVE,1,1fce5d54
TL1SUN,Traffic,Vehicle accident,19038,Cheltenham,CHELTENHAM AVE & E UPSAL ST,1,526e313d
TL1SX8,EMS,Unknown medical emergency,19003,Lower Merion,SPRING AVE & MAPLE TER,1,6d1e4aec
TL1SYA,Traffic,Vehicle accident,19401,Norristown,MARKLEY ST & ANN ST,1,25e77be5
TL1T3X,EMS,Respiratory emergency,19464,Pottstown,FRANKLIN ST & OAK ST,1,be8febe6
TL1T4M,EMS,Subject in pain,19454,Montgomery,DEKALB PIKE & AVENEL BLVD,1,8a84919c
TL1TE8,EMS,Syncopal episode,19405,Bridgeport,FORD ST & DEPOT ST,1,7b559557
TL1TMF,Fire,Fire alarm,19072,Lower Merion,SPRAGUE CIR & SPRAGUE RD,1,bb85ccd0
TL1TP4,Traffic,Vehicle accident,18964,Franconia,LOWER RD & SCHOOLHOUSE RD,1,382e70ea
TL1TXG,Traffic,Vehicle accident,19001,Abington,OLD YORK RD & MORELAND RD,1,75e11f78
TL1UCQ,EMS,Medical alert alarm,19010,Lower Merion,MONTGOMERY AVE & PENNSWOOD RD,1,dfe86129
TL1UPI,Traffic,Road obstruction,19464,Pottstown,HIGH ST & S EVANS ST,1,0ce2788b
TL1UXU,Traffic,Vehicle accident,19401,Norristown,MARKLEY ST & ANN ST,1,acd2bf8d
TL1UYB,EMS,Respiratory emergency,19428,Conshohocken,ELM ST & MAPLE ST,1,ba709887
TL1V2B,EMS,Unknown medical emergency,19401,Norristown,GEORGE ST & HAWS ALY,1,8fda5ca8
TL1V8F,Traffic,Vehicle accident,19406,Upper Merion,SWEDESFORD RD & S WARNER RD,1,61f3c440
TL1V8G,Fire,Vehicle accident,19406,Upper Merion,SWEDESFORD RD & S WARNER RD,1,51574218
TL1VB9,Traffic,Vehicle accident,19401,Norristown,MARKLEY ST & ANN ST,1,aa961e07
TL1VCY,EMS,Vehicle accident,19406,Upper Merion,SWEDESFORD RD & S WARNER RD,1,4faf44f1
TL1VM4,Traffic,Vehicle accident,19096,Lower Merion,FORREST RD & E WYNNEWOOD RD,1,0f2bc44d
TL1VN9,EMS,Cardiac emergency,19002,Horsham,BUTLER PIKE & NESBITT RD,1,e651e038
TL1VPD,EMS,Unknown medical emergency,19401,Norristown,LAFAYETTE ST & SWEDE ST,1,de8a4ee0
TL1VU6,EMS,Fall victim,19046,Jenkintown,CHELTENA AVE & ELM AVE,1,ce4d3254
TL1VYW,Traffic,Vehicle accident,19406,Upper Merion,VILLAGE DR & N GULPH RD,1,2dce0bde
TL1VZU,Fire,Fire alarm,19041,Lower Merion,BOOTH LN & W LANCASTER AVE,1,b808b663
TL1W3P,EMS,Overdose,19403,Lower Providence,COLONY DR & PAWLINGS RD,1,19336c1c
TL1W4I,EMS,Overdose,19046,Abington,OLD YORK RD & BAEDER RD,1,73655ceb
TL1W5C,Traffic,Vehicle accident,19405,Bridgeport,SCHUYLKILL PKWY & VALLEY FORGE RD,1,d26460e4
TL1W5L,Fire,Fire special service,19046,Abington,OLD YORK RD & BAEDER RD,1,c003ff18
TL1WIO,EMS,Unconscious subject,19406,Upper Merion,DEKALB PIKE & S HENDERSON RD,1,3774c7bb
TL1WQ9,EMS,Vehicle accident,19096,Lower Merion,FORREST RD & E WYNNEWOOD RD,1,58367628
TL1WR5,Traffic,Vehicle accident,19446,Lansdale,WHITES RD & S VALLEY FORGE RD,1,0998113b
TL1XCX,Traffic,Vehicle accident,19426,Trappe,MAIN ST & E 1ST AVE,1,a624ff66
TL1XJ9,Fire,Fire alarm,19004,Lower Merion,MONTGOMERY AVE & TREGARON RD,1,74378992
TL1XXS,EMS,Fall victim,19446,Towamencin,ALLENTOWN RD & WOODLAWN DR,1,719c6c1f
TL1Y0A,Traffic,Vehicle accident,19006,Lower Moreland,HUNTINGDON PIKE & BUCK RD,1,6b6b1c79
TL1Y0A-1,Traffic,Vehicle accident,19006,Lower Moreland,HUNTINGDON PIKE & RED LION RD,1,143fe189
TL1YDE,EMS,Respiratory emergency,19128,Springfield,RIDGE PIKE & NORTHWESTERN AVE,1,bcb5cbff
TL1YKP,EMS,Allergic reaction,19401,Norristown,MOORE ST & VIOLET ST,1,fe2e369d
TL1YTD,Traffic,Road obstruction,19002,Upper Dublin,RT309 EXPY & RAMP RT309 NB TO SUSQUEHANNA RD,1,2592a2c0
TL1YYR,Traffic,Vehicle accident,19002,Ambler,E BUTLER AVE & N SPRING GARDEN ST,1,1af43ce8
TL1Z2X,Traffic,Road obstruction,19002,Upper Dublin,RT309 EXPY & RAMP RT309 NB TO SUSQUEHANNA RD,1,b7de0395
TL1Z6X,Fire,Fire alarm,19090,Abington,MORELAND RD & EASTON RD,1,154230bd
TL1ZJ6,Traffic,Vehicle accident,18969,Upper Salford,SUMNEYTOWN PIKE & RIDGE RD,1,91523fc9
TL1ZNM,EMS,Overdose,19090,Upper Moreland,FITZWATERTOWN RD & BARTRAM RD,1,9572dc61
TL1ZOO,Traffic,Disabled vehicle,19525,Douglass,SWAMP PIKE & PATRICIA DR,1,e2aae5cd
TL1ZVD,EMS,Cardiac emergency,19403,West Norriton,MAIN ST & SCHOOL LN,1,72dd5789
TL2022,Fire,Fire alarm,19044,Horsham,HORSHAM RD & NORRISTOWN RD,1,cc8a077b
TL2087,Traffic,Vehicle accident,19468,Limerick,LIGHTCAP RD & SANATOGA SPRINGS DR,1,d4084896
TL20CN,EMS,Fall victim,19401,East Norriton,HAINES RD & STUART DR,1,a4ff9daa
TL20KX,EMS,Respiratory emergency,19462,Plymouth,CHANCERY PL & PLYMOUTH RD,1,069b09cd
TL20RN,Fire,Fire alarm,19403,East Norriton,FELTON RD & W GERMANTOWN PIKE,1,efe1b778
TL20SV,Traffic,Vehicle accident,19464,Pottstown,RT100 NB & SHOEMAKER RD,1,5dc96844
TL20T7,EMS,Vehicle accident,19464,Pottstown,RT100 NB,1,611a2c66
TL20TR,Fire,Vehicle accident,19464,Pottstown,RT100 NB,1,4e60e84e
TL2168,Traffic,Road obstruction,19027,Abington,KIRKWOOD AVE & FOX CHASE RD,1,0fdcee0b
TL21HJ,Fire,Fire alarm,19095,Cheltenham,CHURCH RD & GRIBBEL RD,1,73fe8ad7
TL21J4,Fire,Fire alarm,19027,Cheltenham,ASHBOURNE RD & WEST AVE,1,ae386968
TL21KD,EMS,Fall victim,19401,Norristown,ASTOR ST & W POPLAR ST,1,80bb153e
TL21Q5,EMS,Subject in pain,19464,Pottstown,HIGH ST & S FRANKLIN ST,1,37c1a3e5
TL21VB,EMS,Respiratory emergency,19428,West Conshohocken,BRITTMOIR AVE & CEDAR AVE,1,3e3ea241
TL21WX,Traffic,Vehicle accident,18974,Hatboro,JACKSONVILLE RD & E COUNTY LINE RD,1,6f3db434
TL22AC,Traffic,Vehicle accident,19426,Upper Providence,EGYPT RD & CIDER MILL RD,1,6119ea80
TL22DY,Traffic,Road obstruction,19454,Lower Gwynedd,WELSH RD & CAMBRIDGE DR,1,bb535209
TL22L9,EMS,Cardiac arrest,19044,Horsham,EASTON RD & PINE AVE,1,e99177d0
TL22OC,Traffic,Road obstruction,19438,Franconia,EXTENSION PENNSYLVANIA TPKE & SCHOOLHOUSE RD ACCESS GATE,1,132cd631
TL22U5,Traffic,Vehicle accident,19066,Lower Merion,MEETING HOUSE LN & WINDING WAY,1,89b6ec9e
TL2375,EMS,Head injury,19426,Upper Providence,CRESSON BLVD & EGYPT RD,1,5e0fb22d
TL239K,Traffic,Vehicle accident,19525,New Hanover,MIDDLE CREEK RD & SASSAMANSVILLE RD,1,fa5b0b31
TL23I3,Fire,Fire alarm,18969,Telford,WASHINGTON AVE & FULTON AVE,1,6b4276dd
TL23KW,Fire,Fire alarm,18969,Telford,CHURCH AVE & AUTUMN LEA CIR,1,e253ca0b
TL23L9,Traffic,Disabled vehicle,19468,Pottstown,MAIN,1,c45b7200
TL23L9-1,Traffic,Disabled vehicle,19438,Lower Salford,MAIN ST & FREED RD,1,78caa47c
TL23PJ,Traffic,Road obstruction,19438,Franconia,EXTENSION PENNSYLVANIA TPKE & SCHOOLHOUSE RD ACCESS GATE,1,31047d49
TL2463,Traffic,Hazardous road conditions,19003,Lower Merion,GRANDVIEW RD & E ATHENS AVE,1,82839e10
TL24LP,EMS,Diabetic emergency,19464,Pottstown,ROBINSON ST & TUCKER CT,1,be6afb46
TL24NR,EMS,Cardiac emergency,19406,Upper Merion,VALLEY FORGE RD & GENERAL STEUBEN RD,1,672ceaf9
TL24YV,EMS,Cardiac arrest,19446,Towamencin,SPECHT PL & VILLAGE WAY,1,620ca153
TL255N,EMS,Cardiac emergency,19095,Cheltenham,SINKLER RD & ROYAL AVE,1,6de4086b
TL25E4,Traffic,Vehicle accident,19464,Limerick,RAMP EVERGREEN RD TO RT422  & EVERGREEN RD,1,bc6daecc
TL25FP,EMS,Subject in pain,19464,Pottstown,HANOVER ST & OAK ST,1,362ab690
TL25KE,Fire,Unknown type fire,19446,Towamencin,KRIEBEL RD,1,cedb58e2
TL25KE-1,Fire,Unknown type fire,19446,Towamencin,ANDERS RD & FLINTLOCK CIR,1,ce8e7d9d
TL25LI,EMS,Unresponsive subject,19031,Springfield,MILL RD & BETHLEHEM PIKE,1,7e216c71
TL25PO,Fire,Carbon monoxide detector,19027,Cheltenham,CREST AVE & VALLEY RD,1,ff8fa4f6
TL25RC,Traffic,Vehicle accident,19403,Lower Providence,EGYPT RD & PINETOWN RD,1,7eab4935
TL25RV,EMS,Seizures,19464,New Hanover,SCHAFFER RD & N SCHAFFER RD,1,cb7d0f88
TL25ZY,Traffic,Disabled vehicle,19428,West Conshohocken,MATSONFORD RD & FRONT ST,1,bd8f8a76
TL264U,Traffic,Disabled vehicle,19034,Upper Dublin,W PENNSYLVANIA AVE & COMMERCE DR,1,f120d3d1
TL265I,EMS,Vehicle accident,19464,Limerick,RAMP EVERGREEN RD TO RT422  & EVERGREEN RD,1,515cc6ad
TL265P,Fire,Vehicle accident,19464,Limerick,RAMP EVERGREEN RD TO RT422  & EVERGREEN RD,1,7559707e
TL26CL,Traffic,Disabled vehicle,19446,Towamencin,SUMNEYTOWN PIKE & TROXEL RD,1,3693a281
TL26DF,EMS,Head injury,19444,Whitemarsh,QUARRY LN & MATHERS MILL RD,1,73eed006
TL26L5,EMS,Fall victim,19002,Upper Dublin,BUTLER PIKE & NORRISTOWN RD,1,5964b0cb
TL276O,EMS,Cardiac emergency,19464,Pottstown,CHARLOTTE ST & PROSPECT ST,1,7817bd81
TL27BR,EMS,Assault victim,19403,West Norriton,MAIN ST & S MONTGOMERY AVE,1,2aa232f3
TL27CV,Traffic,Vehicle accident,19006,Lower Moreland,WELSH RD & HIGH RD,1,a800842d
TL27GJ,EMS,Altered mental status,19422,Whitpain,BUGLE LN & FARM DR,1,7a112086
TL27IH,Fire,Cardiac arrest,19438,Franconia,MILL RD & INDIAN CREEK RD,1,d1d7e76f
TL27IN,EMS,Cardiac arrest,19438,Franconia,MILL RD & INDIAN CREEK RD,1,b7555c15
TL27KF,EMS,Allergic reaction,19002,Upper Dublin,DILLON RD & BLAIR LN,1,165a2947
TL27RN,Fire,Fire alarm,19010,Delaware County,MILL RD & LAURIER PL,1,b05fa4d1
TL27S5,Traffic,Disabled vehicle,19401,Norristown,HAWS AVE & W AIRY ST,1,b9589c0e
TL2818,EMS,Back pains/injury,19046,Abington,THE FAIRWAY  & RYDAL RD,1,5866961e
TL282C,EMS,Cardiac arrest,19401,East Norriton,HANNAH AVE & E GERMANTOWN PIKE,1,3f678bde
TL284M,EMS,Head injury,19038,Springfield,WILLOW GROVE AVE & TRAYMORE AVE,1,d6921403
TL285I,EMS,CVA/stroke,18054,Marlborough,CAMPBELL RD & BUCK RD,1,2b6a676a
TL286R,EMS,Diabetic emergency,19464,Lower Pottsgrove,CEDAR HILL RD & BAHR RD,1,de6177be
TL28DB,EMS,Subject in pain,19401,Norristown,MARSHALL ST & GEORGE ST,1,72f69129
TL29IQ,EMS,Respiratory emergency,19446,Lansdale,JENKINS AVE & S BROAD ST,1,bb15d4c7
TL29LW,EMS,General weakness,19454,Montgomery,KENNEDY RD & LINCOLN DR,1,44c48d0b
TL29PW,EMS,Nausea/vomiting,19406,Upper Merion,TULIP LN & KEEBLER RD,1,52084a83
TL2A6V,Fire,Fire investigation,19468,Limerick,LEWIS RD & PINE TREE DR,1,81b07d9a
TL2A82,EMS,CVA/stroke,19090,Upper Moreland,EASTON RD & LAWNTON RD,1,1b5789b6
TL2AEK,Fire,Fire special service,19406,Upper Merion,TULIP LN & KEEBLER RD,1,1eededbc
TL2AO0,EMS,Syncopal episode,19403,West Norriton,WILLIAM PENN DR & NORRIS HALL LN,1,9461f6a2
TL2B7O,EMS,Fever,19038,Springfield,PAPER MILL RD & SKYLINE DR,1,6353d0a9
TL2BFA,EMS,Nausea/vomiting,19038,Springfield,PAPER MILL RD & SKYLINE DR,1,d420046b
TL2BN1,Traffic,Vehicle accident,18054,Marlborough,GERYVILLE PIKE & SWAMP CREEK RD,1,dacc4dfb
TL2BSG,Traffic,Vehicle accident,19462,Plymouth,E RIDGE PIKE & SCHOOL LN,1,58f29e6e
TL2BSH,EMS,Vehicle accident,19462,Plymouth,E RIDGE PIKE,1,8b56878d
TL2C3E,EMS,Fall victim,19464,Lower Pottsgrove,PEBBLE BEACH LN & PINE HURST DR,1,945712cf
TL2C91,EMS,Unconscious subject,19004,Lower Merion,DARTMOUTH RD & KENMARE RD,1,15eda81a
TL2CXY,EMS,Unknown medical emergency,19401,East Norriton,NEW HOPE ST & SAW MILL CT,1,93d984c0
TL2D1A,EMS,Fall victim,19401,Norristown,HAMILTON ST & W WASHINGTON ST,1,e49cb3d4
TL2DPC,Traffic,Disabled vehicle,19035,Lower Merion,CONSHOHOCKEN STATE RD & YOUNGS FORD RD,1,0d222317
TL2DPQ,EMS,Head injury,19426,Lower Providence,RIDGE PIKE & GERMANTOWN PIKE,1,2521676c
TL2DQL,EMS,Overdose,19525,New Hanover,GARNET DR & LILAC LN,1,80a2b730
TL2E1Y,Fire,Unknown type fire,19464,Pottstown,S HANOVER ST,1,392ad45a
TL2E93,Fire,S/B at helicopter landing,19401,Norristown,HAMILTON ST & W WASHINGTON ST,1,3f721bd9
TL2EP1,EMS,Fall victim,19464,Pottstown,LESHER ALY,1,9414dbe3
TL2ERA,EMS,Syncopal episode,19406,Upper Merion,VALLEY FORGE CIR & OLD VALLEY FORGE RD,1,b743879e
TL2EU8,EMS,Unknown medical emergency,19454,Montgomery,STUMP RD & HORSHAM RD,1,17b621a3
TL2F3A,EMS,Respiratory emergency,19422,Whitpain,NORTH WALES RD & BRINDLE CT,1,25d66ff3
TL2F4B,EMS,Fall victim,19454,Upper Gwynedd,ARBOUR CT & MILL RD,1,ce426220
TL2GMU,EMS,Subject in pain,19040,Hatboro,MORELAND AVE & S YORK RD,1,ffc02207
TL2IF7,EMS,Overdose,19406,Upper Merion,1ST AVE & FREEDOM DR,1,883e78b9
TL2IPE,Fire,Gas-odor/leak,19464,Pottstown,BEECH ST & LOCUST ALY,1,48b0e179
TL2J64,EMS,Respiratory emergency,19403,Lower Providence,CARDIN PL & SUNDERLAND DR,1,806c18ca
TL2J6Z,EMS,Hemorrhaging,19401,East Norriton,OLD ARCH RD & BIRCHWOOD DR,1,98003ccd
TL2JR3,EMS,Respiratory emergency,19464,Pottstown,HIGH ST & S WASHINGTON ST,1,08896381
TL2KGV,EMS,Overdose,19401,Norristown,STANBRIDGE ST & W WASHINGTON ST,1,df7f22c8
TL2KM7,EMS,Head injury,19066,Lower Merion,OLD LANCASTER RD & UPLAND TER,1,6a78dea9
TL2MIJ,EMS,Cardiac emergency,19403,Lower Providence,RIDGE PIKE & EAGLEVILLE RD,1,cd787584
TL2N20,Fire,Fire alarm,19446,Hatfield Township,SQUIRREL LN & PINE ST,1,731f69ca
TL2NAQ,Fire,Carbon monoxide detector,19066,Lower Merion,HOWE RD & MEETING HOUSE LN,1,745f2a84
TL2OOY,EMS,Abdominal pains,19422,Whitpain,VALLEY RD & SKIPPACK PIKE,1,67253e4b
TL2OUL,Fire,Fire alarm,19010,Lower Merion,PEMBROKE RD & FISHERS RD,1,905f44ee
TL2P89,EMS,Respiratory emergency,19446,Hatfield Township,PINEGROVE AVE & SQUIRREL LN,1,48d6d0f4
TL2PX4,EMS,Head injury,19438,Towamencin,TOWAMENCIN AVE & SUMNEYTOWN PIKE,1,02c3af71
TL2QAO,EMS,Subject in pain,19422,Whitpain,WENTZ RD & CHERRY LN,1,41045e1b
TL2QH1,EMS,General weakness,19075,Springfield,PAPER MILL RD & COUNTRY CLUB DR,1,6d0df2aa
TL2QJV,EMS,Medical alert alarm,19440,Hatfield Township,ELM ST & WERNER RD,1,0d8d211c
TL2R4Y,EMS,Fall victim,19003,Lower Merion,BLEDDYN RD & W MONTGOMERY AVE,1,5aca3ab8
TL2S2K,EMS,Head injury,19406,Upper Merion,VALLEY FORGE CIR & OLD VALLEY FORGE RD,1,56476df0
TL2SHP,EMS,Altered mental status,19403,West Norriton,BOULEVARD OF THE GENERALS  & GENERAL ARNOLD AVE,1,6c36e90d
TL2SJB,EMS,Syncopal episode,19446,Upper Gwynedd,SUMNEYTOWN PIKE & CHURCH RD,1,7f6272c3
TL2TTO,EMS,Head injury,19525,Douglass,PHILADELPHIA AVE & WILLIAMS WAY,1,21a42f5d
TL2UC7,EMS,Abdominal pains,19046,Jenkintown,GREENWOOD AVE & HIGHLAND AVE,1,f0766b88
TL2UFU,EMS,Fall victim,19012,Cheltenham,ASHMEAD RD & ROWLAND AVE,1,e01d00b5
TL2UGJ,Traffic,Road obstruction,19006,Upper Moreland,MASONS MILL RD & BUTTONWOOD LN,1,c36f25e2
TL2UGR,EMS,Medical alert alarm,19438,Lower Salford,OAK DR & MAPLE AVE,1,debe522e
TL2UNR,EMS,Cardiac emergency,19406,Upper Merion,HENDERSON RD & SHOEMAKER RD,1,531ffdb8
TL2V7E,Fire,Fire special service,19012,Cheltenham,ASHMEAD RD & ROWLAND AVE,1,d9ac1ccd
TL2VOI,EMS,Abdominal pains,19464,Pottstown,CENTER AVE & S ROLAND ST,1,faa98130
TL2XB8,Traffic,Vehicle accident,19406,Upper Merion,KIRK AVE & W DEKALB PIKE,1,3bfbd52a
TL2XOH,EMS,Fall victim,19464,Pottstown,CHESTNUT ST & N ADAMS ST,1,62ebabd2
TL2XXC,EMS,Cardiac emergency,19044,Horsham,DRESHER RD & GIBRALTAR RD,1,6223b762
TL2Y1V,EMS,Medical alert alarm,19438,Franconia,MAPLEWOOD DR & CRESCENT CIR,1,d8879e63
TL2YZF,Fire,Fire alarm,19038,Abington,MAPLE AVE & SPRUCE AVE,1,714de1ab
TL2ZA2,EMS,Respiratory emergency,19464,Pottstown,CHESTNUT ST & N CHARLOTTE ST,1,72427db2
TL2ZMI,Traffic,Vehicle accident,19525,New Hanover,FAGLEYSVILLE RD & SWAMP PIKE,1,1d4efcbf
TL304T,Fire,Vehicle leaking fuel,19401,East Norriton,GERMANTOWN PIKE & DEKALB PIKE,1,1d5269f0
TL304Z,Traffic,Vehicle leaking fuel,19401,East Norriton,GERMANTOWN PIKE & DEKALB PIKE,1,6e22dccf
TL312G,Traffic,Road obstruction,19095,Cheltenham,HEWETT RD & PAXSON AVE,1,ab89e705
TL3136,EMS,Medical alert alarm,19406,Upper Merion,B ST & U ST,1,c7927493
TL3195,Traffic,Disabled vehicle,19465,Chester County,POTTSTOWN PIKE & LENAPE XING,1,a4049af1
TL319C,Fire,Fire alarm,19438,Lower Salford,THEODORE CIR & LANDIS RD,1,fc232b75
TL31FH,EMS,General weakness,19403,West Norriton,HILLSIDE LN & BETZWOOD DR,1,af57212d
TL31RM,EMS,Subject in pain,19446,Towamencin,DOCK DR & WOODS DR,1,9effb56e
TL31V1,EMS,Medical alert alarm,19406,Upper Merion,B ST & U ST,1,9fc4bd1f
TL324Q,Fire,Fire alarm,19468,Limerick,EDMONDS DR & LLEWELLYN LN,1,d19e08eb
TL32A7,EMS,Diabetic emergency,18964,Franconia,CLIFTON CT & GATEWAY DR,1,3991c5cc
TL32AU,EMS,Altered mental status,19464,Lower Pottsgrove,EVERGREEN RD & W LIGHTCAP RD,1,2786fbb1
TL32OT,EMS,Cardiac emergency,19403,West Norriton,SPRING CIR & HORSESHOE RD,1,486b9d35
TL32QE,EMS,Choking,19446,Hatfield Township,MEDICAL CAMPUS DR & N LINE ST,1,b45f1b6e
TL32R6,EMS,Dizziness,19438,Lower Salford,MAIN ST & OLD SUMNEYTOWN PIKE,1,4b54271f
TL32XD,EMS,Unresponsive subject,19428,Plymouth,FAYETTE ST & E 13TH AVE,1,af7660ec
TL335C,EMS,Lacerations,19446,Upper Gwynedd,SUMNEYTOWN PIKE & CHURCH RD,1,acee165e
TL3419,EMS,Nausea/vomiting,18076,Red Hill,4TH ST & APPLE ST,1,7e91c8c2
TL34Y9,EMS,Subject in pain,19002,Lower Gwynedd,WELSH RD & CEDAR HILL RD,1,da95db14
TL35FX,EMS,Fall victim,19460,Upper Providence,PERKIOMEN TRL & SCHUYLKILL RIVER TRL,1,7b876065
TL35MW,Fire,Fire special service,19460,Upper Providence,PERKIOMEN TRL & SCHUYLKILL RIVER TRL,1,efbef30f
TL35YF,EMS,Abdominal pains,19002,Lower Gwynedd,HOBBY HORSE HL & HUNT SEAT DR,1,fb1924d5
TL3636,EMS,Unconscious subject,19468,Upper Providence,PROVIDENCE FORGE  & VAUGHN RD,1,afeff7ad
TL366U,EMS,Unresponsive subject,19464,Upper Pottsgrove,MULBERRY ST,1,c70e9000
TL366U-1,EMS,Cardiac arrest,19464,Upper Pottsgrove,HANOVER ST & MULBERRY ST,1,3fb30ab7
TL36B0,Fire,Fire alarm,19454,Montgomery,GENERAL HANCOCK BLVD & ANTHONY CT,1,00de524a
TL36DY,Traffic,Vehicle accident,19403,Lower Providence,SUNNYSIDE AVE & 5TH ST,1,84c1c3ba
TL36H9,Fire,Cardiac arrest,19464,Upper Pottsgrove,MULBERRY ST,1,f358c67c
TL36H9-1,Fire,Cardiac arrest,19464,Upper Pottsgrove,HANOVER ST & MULBERRY ST,1,c7b374ca
TL36S2,EMS,Fire special service,19406,Upper Merion,AMERICAN AVE & 1ST AVE,1,47a34bf9
TL36UX,Fire,Fire alarm,19004,Lower Merion,DARTMOUTH RD & CAMBRIDGE RD,1,43e08084
TL36VL,Fire,Fire special service,19406,Upper Merion,AMERICAN AVE & 1ST AVE,1,10991908
TL36YK,EMS,Head injury,19406,Upper Merion,VALLEY FORGE RD & GENERAL STEUBEN RD,1,063824f1
TL370P,EMS,Fracture,19002,Lower Gwynedd,WELSH RD & CEDAR HILL RD,1,d8de5ccc
TL37AM,EMS,Vehicle accident,19454,Montgomery,UPPER STATE RD & BETHLEHEM PIKE,1,ae1e7a05
TL37B9,Traffic,Vehicle accident,19454,Montgomery,UPPER STATE RD & BETHLEHEM PIKE,1,f65cd356
TL37D3,EMS,Cardiac emergency,19462,Plymouth,GERMANTOWN PIKE & PLEASANT RD,1,12407aba
TL37DJ,Fire,Fire special service,19454,Montgomery,UPPER STATE RD & BETHLEHEM PIKE,1,94413a0a
TL37FK,EMS,Head injury,19046,Abington,SUSQUEHANNA RD & HUNTINGDON RD,1,5350b21a
TL37G8,Traffic,Disabled vehicle,19438,Towamencin,SUMNEYTOWN PIKE & TOWAMENCIN AVE,1,f24a4bb8
TL38MC,EMS,Lacerations,19464,Pottstown,BUTTONWOOD ST & DEAD END,1,244fba1f
TL38QI,EMS,Cardiac arrest,19038,Abington,EDGE HILL RD & EDGECOMB AVE,1,44bcdb51
TL38SB,EMS,Fall victim,19075,Springfield,PAPER MILL RD & COUNTRY CLUB DR,1,70d6bcae
TL38TG,EMS,Head injury,19006,Abington,MEADOWBROOK DR & HUNTINGDON PIKE,1,ba99be40
TL38UA,Fire,Fire alarm,19010,Delaware County,LANCASTER AVE & GARRETT AVE,1,d8c1f789
TL38VL,EMS,Subject in pain,19401,Norristown,HAWS AVE,1,e4b9e7be
TL38XR,EMS,Head injury,19468,Upper Providence,BLACK ROCK RD & S TRAPPE RD,1,644fad40
TL38YS,EMS,Unresponsive subject,19087,Lower Merion,MATSONS FORD RD & GRISCOM DR,1,22b53cf4
TL3951,EMS,Hemorrhaging,19492,Upper Frederick,BIG RD & FREDERICK DR,1,f440d38d
TL39CC,Traffic,Vehicle accident,19454,Upper Gwynedd,WELSH RD & LAKEVIEW DR,1,5da616f1
TL39N0,Traffic,Vehicle accident,19004,Lower Merion,BELMONT AVE & OLD BELMONT AVE,1,841328d6
TL39SG,EMS,Hemorrhaging,19468,Upper Providence,BLACK ROCK RD & S TRAPPE RD,1,b76a6b16
TL39VK,Fire,Fire alarm,19464,Lower Pottsgrove,HIGH ST & S SUNNYBROOK RD,1,74a67807
TL39X8,EMS,Diabetic emergency,19001,Abington,ST CHARLES PL & PERSHING AVE,1,f4c6d0fa
TL39XY,EMS,Overdose,18054,Marlborough,GRAVEL PIKE & GREEN HILL DR,1,4db488da
TL39XY-1,EMS,Overdose,18054,Marlborough,GREEN HILL DR,1,81c4a6a8
TL39YX,Fire,Fire alarm,19468,Limerick,KUGLER RD & DEER RUN CT,1,5d6c66e8
TL3A0H,EMS,Altered mental status,19405,Bridgeport,4TH ST & DEPOT ST,1,8c5fd61a
TL3A5U,Traffic,Vehicle accident,19038,Cheltenham,EASTON RD & SPRINGHOUSE LN,1,8b534148
TL3ANA,EMS,Syncopal episode,19095,Cheltenham,FERNBROOK AVE & MAPLE AVE,1,26472e51
TL3AVZ,EMS,Respiratory emergency,19075,Springfield,HEDGEROW LN & PHEASANT LN,1,316db21a
TL3B0H,EMS,Respiratory emergency,19464,Pottstown,WARREN ST & GRACE ST,1,bb13145f
TL3B5R,Traffic,Vehicle accident,19426,Perkiomen,GRAVEL PIKE & IRON BRIDGE DR,1,c304458f
TL3B76,EMS,Respiratory emergency,19044,Upper Moreland,BLAIR MILL RD & W MORELAND AVE,1,acc7aacc
TL3B7Z,EMS,Fall victim,19096,Lower Merion,WYNNEWOOD RD & KNOX RD,1,e855bd7e
TL3BCA,Fire,Fire alarm,19095,Cheltenham,GRIBBEL RD & ROYAL AVE,1,426e729f
TL3BGR,EMS,Altered mental status,19454,North Wales,WALNUT ST & S 7TH ST,1,955f23b5
TL3BM5,EMS,Medical alert alarm,19454,Lower Gwynedd,MEADOWBROOK RD & HUNT CLUB TRL,1,d454cf3e
TL3BN2,EMS,Syncopal episode,19464,Pottstown,CHERRY ST & S EVANS ST,1,05e73ac9
TL3BO5,Traffic,Road obstruction,19422,Whitpain,WALTON RD & SENTRY PKWY,1,bb397c3a
TL3BOP,EMS,Subject in pain,19462,Plymouth,FAIRFIELD RD & HAWS ALY,1,479a21c2
TL3BPH,EMS,Head injury,19002,Lower Gwynedd,BETHLEHEM PIKE & PENLLYN PIKE,1,e269f41f
TL3BUQ,EMS,General weakness,19454,Montgomery,NORTH WALES RD & WELSH RD,1,98d8fdd2
TL3BVL,Fire,Fire alarm,19046,Abington,OLD YORK RD & BAEDER RD,1,ee54d9d9
TL3BZW,Traffic,Vehicle accident,19446,Lansdale,S BROAD ST & VINE ST,1,66800f4c
TL3C1F,EMS,Head injury,19403,West Norriton,CARSON DR & N WHITEHALL RD,1,7692c3e0
TL3CKL,EMS,Subject in pain,19426,Collegeville,5TH AVE & BUM HOLLOW RD,1,491dccc6
TL3CLX,EMS,Seizures,19150,Cheltenham,CHELTENHAM AVE & 79TH AVE,1,64451d4f
TL3CN6,EMS,Altered mental status,19040,Upper Moreland,ARIONNE DR & S WARMINSTER RD,1,3e43cc84
TL3CS7,Traffic,Vehicle accident,19406,Upper Merion,TOWN CENTER RD & W DEKALB PIKE,1,afc25441
TL3CSG,EMS,Fall victim,19040,Hatboro,MORELAND AVE & S YORK RD,1,23f968bf
TL3CUU,EMS,Diabetic emergency,19090,Upper Moreland,YORK RD & SUMMIT AVE,1,df219c28
TL3CVW,Traffic,Vehicle accident,19446,Hatfield Township,WELSH RD & VERNON CT,1,ee898023
TL3CW1,EMS,Cardiac emergency,19446,Towamencin,TROXEL RD & PICKWICK LN,1,c6798e23
TL3D07,Traffic,Vehicle accident,19446,Hatfield Township,WELSH RD & VERNON CT,1,52d0fa4e
TL3D6Z,EMS,Altered mental status,19438,Lower Salford,MAIN ST & OLD SUMNEYTOWN PIKE,1,4b96d0db
TL3DE8,Fire,Fire alarm,19468,Limerick,LIGHTCAP RD & SANATOGA SPRINGS DR,1,d6c43695
TL3DIB,Fire,Fire investigation,19072,Lower Merion,WOODBINE AVE & CLEVELAND AVE,1,42166e8f
TL3DN4,Traffic,Disabled vehicle,19090,Upper Moreland,PARK AVE & MORELAND RD,1,311da61a
TL3DW8,EMS,Respiratory emergency,19464,Pottstown,5TH ST & JOHNSON ST,1,e0127e34
TL3DY5,Fire,Fire alarm,19010,Delaware County,LANCASTER AVE & GARRETT AVE,1,3f10fac1
TL3E7L,Traffic,Vehicle accident,19040,Horsham,W COUNTY LINE RD & MEETINGHOUSE RD,1,f9e4549a
TL3ECU,Fire,Fire alarm,19003,Lower Merion,MONTGOMERY AVE & BLEDDYN RD,1,ab0a4c87
TL3EE4,EMS,Unconscious subject,19446,Upper Gwynedd,VALLEY FORGE RD & MCAULIFFE LN,1,39d367db
TL3EG2,Fire,Fire alarm,19406,Upper Merion,GODDARD BLVD & SOMERSET PL,1,4084fa2d
TL3ET1,Fire,Trash/dumpster fire,19525,New Hanover,SWAMP PIKE & WAGNER RD,1,d409b0a4
TL3EU6,EMS,General weakness,19040,Hatboro,MORELAND AVE & S YORK RD,1,e31ce4f0
TL3EWE,EMS,Unknown medical emergency,19004,Lower Merion,BELMONT AVE & ST ASAPHS RD,1,31a37794
TL3EXP,Fire,Fire alarm,19444,Whitemarsh,RIDGE PIKE & PARK AVE,1,331d65d0
TL3F2D,EMS,Respiratory emergency,19464,Pottstown,HALE ST & MASTER ST,1,da018714
TL3F6K,Traffic,Road obstruction,19046,Rockledge,BLAKE AVE & MONTGOMERY AVE,1,8c572c33
TL3F7I,EMS,CVA/stroke,19075,Springfield,PAPER MILL RD & COUNTRY CLUB DR,1,2b72d6bb
TL3F9I,Fire,Electrical fire outside,19446,Montgomery,PINE CREST LN & COUNTRY CLUB DR,1,0de84eb8
TL3FL4,Traffic,Vehicle accident,19464,Pottstown,SHOEMAKER RD & ROBINSON ST,1,edb133c6
TL3FVB,Traffic,Vehicle accident,18964,Souderton,LAWN AVE & MIFFLIN ST,1,a4657ab7
TL3G9T,EMS,Lacerations,18073,Upper Hanover,GERYVILLE PIKE & JOHN FRIES HWY,1,0c706d0d
TL3GXI,EMS,Unknown medical emergency,19090,Upper Moreland,EASTON RD & KNOCK N KNOLL CIR,1,913a4c8c
TL3H3M,EMS,Fall victim,19010,Lower Merion,WOODLEAVE RD & PENNSTONE RD,1,ffd3e5b2
TL3H6N,Traffic,Disabled vehicle,19002,Lower Gwynedd,NORRISTOWN RD & N BETHLEHEM PIKE,1,16ac0cc0
TL3HFX,EMS,Subject in pain,19428,Conshohocken,E 10TH AVE,1,f5805ec7
TL3HFX-1,EMS,Subject in pain,19428,Conshohocken,W 10TH AVE,1,7ffdff75
TL3HTM,EMS,Hemorrhaging,19401,Norristown,POWELL ST & E WOOD ST,1,ea1c5269
TL3HV8,EMS,Seizures,19403,Lower Providence,PAWLINGS RD & AUDUBON VILLAGE DR,1,38cbd702
TL3I6L,Traffic,Vehicle accident,19438,Lower Salford,HARLEYSVILLE PIKE & MAIN ST,1,64f513e6
TL3IAC,Traffic,Disabled vehicle,19438,Franconia,EXTENSION PENNSYLVANIA TPKE & SCHOOLHOUSE RD ACCESS GATE,1,40dafa02
TL3IFO,EMS,Vehicle accident,19038,Abington,MT CARMEL AVE,1,7d8e4b89
TL3IFU,Traffic,Vehicle accident,19038,Abington,MT CARMEL AVE & S EASTON RD,1,181508c4
TL3IR3,Traffic,Disabled vehicle,19006,Lower Moreland,HUNTINGDON PIKE & COUNTY LINE RD,1,f99f9b10
TL3IRT,Traffic,Disabled vehicle,19454,Montgomery,BETHLEHEM PIKE & UPPER STATE RD,1,edc0b40d
TL3ITI,EMS,Subject in pain,19401,Norristown,STANBRIDGE ST & W AIRY ST,1,6fc6e407
TL3ITY,Traffic,Vehicle accident,19401,Norristown,W OAK ST & HAMILTON ST,1,3b986968
TL3JF5,EMS,General weakness,19403,Lower Providence,AMELIA ST & WILSON BLVD,1,6eff5590
TL3JFV,Traffic,Disabled vehicle,19006,Lower Moreland,PHILMONT AVE & PINE RD,1,1f080ea7
TL3JOX,Traffic,Vehicle accident,19096,Lower Merion,E MONTGOMERY AVE & PENN RD,1,a4f3b4dc
TL3JTS,EMS,Unknown medical emergency,18969,Telford,PENN AVE & STATION ALY,1,fd8a324c
TL3JUK,EMS,EMS special service,19473,Skippack,BRIDGE RD & SERENDIPITY WAY,1,892b4d44
TL3K80,Traffic,Vehicle accident,19406,Upper Merion,COUNTY LINE RD & JOSEPH PLUMB MARTIN LOOP TRL,1,69c2b5c9
TL3K8O,Traffic,Vehicle accident,19406,Upper Merion,COUNTY LINE RD & JOSEPH PLUMB MARTIN LOOP TRL,1,ce65d04d
TL3KCF,Traffic,Vehicle accident,19038,Springfield,BETHLEHEM PIKE & CHESNEY LN,1,15c5165b
TL3KEE,EMS,Cardiac arrest,19002,Horsham,BUTLER PIKE & NESBITT RD,1,278745e3
TL3KFG,EMS,Fall victim,19025,Upper Dublin,BURN BRAE DR & FITZWATERTOWN RD,1,630ba2e9
TL3KG7,EMS,Seizures,19012,Cheltenham,BONCOUER RD & MEADOW LN,1,3b01d9f2
TL3KH5,EMS,Syncopal episode,19003,Lower Merion,ST JAMES PL & PARKING PLZ,1,6c510ff1
TL3KMP,Fire,Burn victim,19406,Upper Merion,DEKALB PIKE & BRANDYWINE LN,1,9bf405c3
TL3KMU,EMS,Burn victim,19406,Upper Merion,DEKALB PIKE & BRANDYWINE LN,1,3f3fbf34
TL3KN7,Traffic,Vehicle accident,19090,Abington,OSBOURNE AVE & MT VERNON AVE,1,711bf8fa
TL3KTB,EMS,Fall victim,19403,Lower Providence,LAWRENCE RD & JODE RD,1,2ac26c7b
TL3LXX,EMS,Vehicle accident,19401,East Norriton,DEKALB PIKE,1,fba9fa7c
TL3LYC,Traffic,Vehicle accident,19401,East Norriton,DEKALB PIKE & E GERMANTOWN PIKE,1,a037080e
TL3M1I,EMS,Fall victim,19401,East Norriton,HAINES RD & STUART DR,1,f75ae7a5
TL3M6N,EMS,Respiratory emergency,19468,Upper Providence,BLACK ROCK RD & S TRAPPE RD,1,083c2a37
TL3MFY,Traffic,Road obstruction,19040,Upper Moreland,EXTON RD & THISTLEWOOD RD,1,f2ec3ee4
TL3MN1,EMS,Fever,19464,Pottstown,HIGH ST & S WASHINGTON ST,1,35377d33
TL3MY6,EMS,Allergic reaction,19002,Horsham,WELSH RD & HOWE LN,1,921db4de
TL3MZ4,EMS,General weakness,19090,Upper Moreland,COMMERCE AVE & MARYLAND RD,1,c47615f7
TL3MZM,Traffic,Vehicle accident,18974,Horsham,W COUNTY LINE RD & DELMONT AVE,1,efe83242
TL3MZM-1,Traffic,Vehicle accident,19040,Horsham,COUNTY LINE RD & CALEDONIA DR,1,75ffa973
TL3N18,Fire,Vehicle accident,19040,Horsham,COUNTY LINE RD & CALEDONIA DR,1,1f03edf7
TL3N2O,EMS,Cardiac emergency,19462,Plymouth,BOULDER RD & SIERRA RD,1,d5d87120
TL3N7F,EMS,Syncopal episode,19090,Upper Moreland,MARYLAND RD & COMMERCE AVE,1,99baffe8
TL3N8I,EMS,Respiratory emergency,19401,East Norriton,STANBRIDGE ST & DOGWOOD LN,1,ee4161d0
TL3NCU,Traffic,Vehicle accident,19462,Plymouth,PLYMOUTH RD & BUTLER PIKE,1,9b72be0c
TL3NGY,EMS,Vehicle accident,19438,Towamencin,DETWILER RD,1,34c6155a
TL3NH2,Traffic,Vehicle accident,19446,Towamencin,DETWILER RD & FORTY FOOT RD,1,88a0302e
TL3NTW,Traffic,Vehicle accident,19422,Whitpain,DEKALB PIKE & BLUE BELL SPRINGS DR,1,d87a320f
TL3O38,EMS,Syncopal episode,19090,Upper Moreland,FITZWATERTOWN RD & BARTRAM RD,1,50ccf690
TL3OAQ,EMS,General weakness,19406,Upper Merion,VILLAGE DR & N GULPH RD,1,6783c190
TL3OCO,EMS,Head injury,19406,Upper Merion,VALLEY FORGE RD & GENERAL STEUBEN RD,1,ebc2336a
TL3OFC,Traffic,Vehicle accident,19044,Horsham,COTTAGE AVE & HORSHAM RD,1,f1eadacd
TL3OIO,Traffic,Vehicle accident,18969,Upper Salford,SUMNEYTOWN PIKE & RIDGE RD,1,9bae418d
TL3OJD,Fire,Carbon monoxide detector,19403,East Norriton,KINGLET DR & BRAMBLING LN,1,b7f013bc
TL3OLT,EMS,Cardiac emergency,19401,Norristown,POWELL ST & E WOOD ST,1,8deb9896
TL3OUA,Traffic,Vehicle accident,19044,Horsham,COTTAGE AVE & HORSHAM RD,1,01f73bad
TL3OWT,EMS,Cardiac emergency,19464,Pottstown,ROBINSON ST & TUCKER CT,1,af625de6
TL3OXC,Traffic,Disabled vehicle,19473,Limerick,GAME FARM RD & PHEASANT RD,1,21e13bb4
TL3P05,Traffic,Vehicle accident,19464,Pottstown,BEECH ST & N ADAMS ST,1,618a1400
TL3P5K,Traffic,Disabled vehicle,19096,Lower Merion,GYPSY LN & MCCLENAGHAN MILL RD,1,003502c8
TL3PH4,EMS,Unconscious subject,19150,Cheltenham,CHELTENHAM AVE & E UPSAL ST,1,85c1b194
TL3PK8,Traffic,Disabled vehicle,19401,Norristown,W LAFAYETTE ST & CHERRY ST,1,62dc383f
TL3PYF,Traffic,Vehicle accident,19006,Upper Moreland,HUNTINGDON RD & MASONS MILL RD,1,a0ed8f98
TL3Q54,EMS,Unconscious subject,19090,Upper Moreland,EASTON RD & LAWNTON RD,1,822c2eef
TL3QHN,Traffic,Road obstruction,19046,Abington,DELENE RD & CROSSWICKS RD,1,659ae4d5
TL3QM3,EMS,Subject in pain,18969,Telford,CHURCH AVE & AUTUMN LEA CIR,1,54d93ab4
TL3QMY,Fire,Vehicle fire,19027,Cheltenham,ASHBOURNE RD & PENROSE AVE,1,0779c6b3
TL3QMY-1,Traffic,Vehicle fire,19027,Cheltenham,ASHBOURNE RD & PENROSE AVE,1,d2ab504c
TL3QOA,EMS,Unconscious subject,19464,Upper Pottsgrove,STATE ST & HARDING ST,1,0b31c6f5
TL3QQC,EMS,Cardiac emergency,19403,Lower Providence,SHANNONDELL DR & SHANNONDELL BLVD,1,634639f2
TL3QRJ,EMS,Back pains/injury,19426,Perkiomen,BRIDGE ST & SEITZ RD,1,7415e957
TL3QRN,Traffic,Vehicle accident,19041,Lower Merion,COUNTY LINE RD & W LANCASTER AVE,1,d5f1b217
TL3QVB,Traffic,Vehicle accident,19462,Plymouth,BUTLER PIKE & TOWNSHIP LINE RD,1,bd4f4da7
TL3QYE,EMS,Seizures,19464,Pottstown,BEECH ST & N WASHINGTON ST,1,3bfe7836
TL3R3Y,EMS,Respiratory emergency,19454,Montgomery,AVENEL BLVD & DEKALB PIKE,1,68569ec6
TL3R5C,EMS,Seizures,19464,Pottstown,JEFFERSON AVE & N HANOVER ST,1,f0417040
TL3RC8,EMS,Unconscious subject,19473,Skippack,SKIPPACK PIKE & SQUIRREL HILL RD,1,ccb5c107
TL3RPI,EMS,Hemorrhaging,19468,Upper Providence,BLACK ROCK RD & S TRAPPE RD,1,7c884658
TL3RQ8,Traffic,Vehicle accident,19462,Plymouth,BUTLER PIKE & TOWNSHIP LINE RD,1,29a16886
TL3RUI,EMS,Maternity,19401,Norristown,DEKALB ST & E JACOBY ST,1,103e7cc5
TL3S02,EMS,Assault victim,19040,Upper Moreland,HORSHAM RD & MOREBORO RD,1,9a58e046
TL3S02-1,EMS,Assault victim,19040,Hatboro,HORSHAM RD & MOREBORO RD,1,a1ab1377
TL3S1M,EMS,Head injury,19046,Abington,SUSQUEHANNA RD & HUNTINGDON RD,1,64c3503c
TL3S45,Traffic,Disabled vehicle,19446,Worcester,MORRIS RD & BETHEL DR,1,761ac725
TL3S5M,EMS,Vehicle accident,19468,Upper Providence,RT422  & RAMP RT422 WB TO TOWNSHIP LINE RD,1,31b78361
TL3S88,EMS,Respiratory emergency,19001,Abington,OLD YORK RD & CONNECTING ROAD,1,d280f3a7
TL3SBK,Traffic,Disabled vehicle,19446,Worcester,MORRIS RD & BETHEL DR,1,f21b8afb
TL3SEN,EMS,Altered mental status,19027,Cheltenham,GREEN BRIAR RD & ASPEN WAY,1,30e100db
TL3STO,EMS,General weakness,19046,Abington,SUSQUEHANNA RD & HUNTINGDON RD,1,f76cf4c9
TL3SY1,EMS,Fever,19040,Upper Moreland,DAVISVILLE RD & PENNYPACK RD,1,7ac3ec27
TL3T0D,Fire,Fire alarm,19422,Whitpain,DEKALB PIKE & SWEDE RD,1,c76d96ee
TL3T9S,EMS,Head injury,19031,Springfield,BETHLEHEM PIKE & WEISS AVE,1,c5cbceef
TL3THF,Fire,Gas-odor/leak,19025,Upper Dublin,TUCKERSTOWN RD & ST GEORGES RD,1,1e0c835a
TL3TP5,EMS,Medical alert alarm,19403,Lower Providence,SHANNONDELL DR & SHANNONDELL BLVD,1,a40bdade
TL3U05,EMS,Cardiac emergency,19038,Cheltenham,CHELTENHAM AVE & WILLOW GROVE AVE,1,142d092f
TL3UBI,EMS,Nausea/vomiting,19444,Whitemarsh,MARBLE HL & CONNECTING ROAD,1,36954d6b
TL3UF0,EMS,Unconscious subject,19401,Norristown,BROWN ST & POWELL ST,1,54c5488f
TL3UVY,EMS,Fall victim,18076,Red Hill,5TH ST & BITTING ALY,1,f9af221d
TL3V17,Traffic,Vehicle accident,19095,Cheltenham,LIMEKILN PIKE & OGONTZ AVE,1,cd266c4e
TL3V3G,EMS,Fever,19401,Norristown,TREMONT AVE & E BASIN ST,1,129ac0e1
TL3V7S,EMS,Assault victim,19090,Upper Moreland,WELSH RD & COMPUTER AVE,1,80bdd5cd
TL3VE4,EMS,Subject in pain,19401,Norristown,DEKALB ST & E JACOBY ST,1,f86f2bb8
TL3VFB,Traffic,Vehicle accident,19044,Horsham,MORELAND AVE & BLAIR MILL RD,1,435c88d8
TL3VFH,Traffic,Road obstruction,19464,Upper Pottsgrove,RT100 NB & RAMP RT100 NB TO FARMINGTON AVE,1,7e3b62a1
TL3VZO,EMS,Fall victim,19401,Norristown,MARKLEY ST,1,da4ebedb
TL3W1W,Fire,Fire alarm,19454,Upper Gwynedd,STEFAN RD & MEADOWLARK WAY,1,8fb015dc
TL3W3R,EMS,Overdose,18041,East Greenville,MAIN ST & 4TH ST,1,13df7b2a
TL3WAV,EMS,Nausea/vomiting,19438,Lower Salford,MORGAN WAY & ASTOR DR,1,bbf8b696
TL3WVY,EMS,Overdose,19446,Lansdale,BROAD ST & HUDSON ALY,1,6f84c0f5
TL3X1T,Traffic,Vehicle accident,19406,Upper Merion,KINGS CIR & W DEKALB PIKE,1,8545e06e
TL3X70,Fire,Elevator emergency,19046,Jenkintown,WEST AVE & GREENWOOD AVE,1,c78c1ae8
TL3XAH,EMS,Respiratory emergency,19403,West Norriton,RIVERSEDGE DR & S SCHUYLKILL AVE,1,ea188a2d
TL3XCR,Traffic,Vehicle accident,19426,Lower Providence,EVANSBURG RD & GERMANTOWN PIKE,1,4d3517d9
TL3XSI,Traffic,Vehicle accident,19010,Lower Merion,MT PLEASANT RD & ST ANDREWS RD,1,a6be2f75
TL3Y1K,EMS,Fall victim,19090,Upper Moreland,MORELAND RD & BARTRAM RD,1,871d0424
TL3YAW,Traffic,Vehicle accident,18070,Upper Hanover,GRAVEL PIKE & MAIN ST,1,4a37380e
TL3YLF,EMS,Medical alert alarm,19403,Lower Providence,SHANNONDELL DR & SHANNONDELL BLVD,1,5947083c
TL3YP7,Fire,Unknown type fire,19525,Douglass,COUNTY LINE RD & HOLLY RD,1,c6d6bfb7
TL3YRH,EMS,Fall victim,18964,Souderton,COUNTY LINE RD & E BROAD ST,1,8545e2b6
TL3YSG,EMS,Back pains/injury,19406,Upper Merion,AMERICAN AVE & 1ST AVE,1,448b9051
TL3Z2V,Traffic,Road obstruction,19041,Lower Merion,MILL CREEK RD & GRAYS LN,1,204ff849
TL3Z72,Traffic,Vehicle accident,19464,Lower Pottsgrove,PRUSS HILL RD & SCHAFFER RD,1,bc102061
TL3ZGC,Fire,Fire investigation,19406,Upper Merion,GULPH RD & KIRK AVE,1,e358c908
TL3ZI2,Fire,Fire alarm,19096,Lower Merion,WAYFIELD RD & KNOX RD,1,db115c54
TL402B,EMS,Unconscious subject,19401,Norristown,MAIN ST & CHERRY ST,1,e91b3ad7
TL403F,Traffic,Disabled vehicle,19090,Upper Moreland,MARYLAND RD & COMPUTER AVE,1,6c354f03
TL408U,EMS,Unconscious subject,19462,Whitemarsh,HUNTER RD & SPRING MILL RD,1,5a49b139
TL40OA,Traffic,Vehicle accident,19003,Lower Merion,WOODSIDE RD & W LANCASTER AVE,1,8a53ab0b
TL4151,Traffic,Disabled vehicle,19405,Bridgeport,W 4TH ST & DEKALB ST,1,6d6ec367
TL416I,EMS,Respiratory emergency,19403,Lower Providence,PHEASANT RD & OWL RD,1,aa675924
TL417O,Fire,Gas-odor/leak,19004,Lower Merion,MONTGOMERY AVE & BALA AVE,1,a5e58ec1
TL420J,EMS,Fall victim,19468,Upper Providence,COLIN DR & ANDREW WAY,1,a128a8ba
TL42A3,EMS,Hemorrhaging,19446,Lansdale,5TH ST & UNNAMED ALY,1,7e610eb4
TL42I2,Traffic,Disabled vehicle,19151,Lower Merion,CITY AVE & LANCASTER AVE,1,48def094
TL42IX,EMS,Medical alert alarm,19001,Abington,ST CHARLES PL & PERSHING AVE,1,d9b079a4
TL42JU,EMS,Fall victim,19446,Lansdale,ACORN ST & N TOWAMENCIN AVE,1,93977494
TL42NJ,Fire,Fire alarm,19406,Upper Merion,MANCILL MILL RD & W VALLEY FORGE RD,1,b1cad494
TL42RG,EMS,Head injury,19460,Upper Providence,EGYPT RD & HIGH ST,1,b509325f
TL42SJ,Fire,Fire alarm,19428,West Conshohocken,FRONT ST & GEORGE ST,1,929b4b43
TL433T,Traffic,Disabled vehicle,19468,Limerick,10TH AVE & ROYERSFORD RD,1,58d57042
TL43FY,EMS,Head injury,19403,Skippack,MOKYCHIC RD & PRISON RD,1,c34d1f9e
TL43TW,EMS,Subject in pain,19406,Upper Merion,DEKALB PIKE & BRANDYWINE LN,1,50fd89e4
TL43UW,EMS,Respiratory emergency,19468,Upper Providence,CROSSHILL RD & ELMAR CIR,1,caa25ac4
TL43VZ,EMS,Head injury,19464,Pottstown,INDUSTRIAL HWY & S PENN ST,1,3844cbd5
TL4488,Fire,Gas-odor/leak,19010,Lower Merion,ROSE LN & FISHERS RD,1,7dc71bc7
TL44O1,EMS,Cardiac emergency,19406,Upper Merion,KINGWOOD RD & PATRIOT RD,1,8363c9c5
TL44X0,EMS,Respiratory emergency,19464,Pottstown,PENN ST & BUTTONWOOD ALY,1,087f90e7
TL452U,EMS,Medical alert alarm,19438,Lower Salford,OAK DR & MAPLE AVE,1,c93b91cf
TL459N,Fire,Vehicle fire,19403,West Norriton,BUTLER AVE,1,b770987e
TL459W,Traffic,Vehicle fire,19403,West Norriton,BUTLER AVE & S SCHUYLKILL AVE,1,f6dbd868
TL45DN,EMS,Seizures,19027,Cheltenham,VALLEY RD & MILL RD,1,67640394
TL45FB,Fire,Fire alarm,19027,Cheltenham,ASHBOURNE RD & SPRING AVE,1,8fcaff34
TL45LO,EMS,Head injury,19468,Upper Providence,BLACK ROCK RD & S TRAPPE RD,1,5834d441
TL460R,EMS,Respiratory emergency,19464,Pottstown,WASHINGTON ST & KING ST,1,f0912edf
TL462A,EMS,Unknown medical emergency,19401,Norristown,MARSHALL ST & KOHN ST,1,1bbce019
TL46ZE,Traffic,Road obstruction,19096,Narberth,SABINE AVE & N WYNNEWOOD AVE,1,b8663f6b
TL473L,Traffic,Vehicle accident,19151,Lower Merion,LANCASTER AVE & CITY AVE,1,b33bb831
TL47AR,EMS,Cardiac emergency,19403,Lower Providence,SHANNONDELL DR & SHANNONDELL BLVD,1,fab8b793
TL47EV,EMS,Overdose,19006,Lower Moreland,HUNTINGDON PIKE & CHESTNUT ST,1,77e522fb
TL48C7,EMS,Subject in pain,19464,Pottstown,CHESTNUT ST & N ADAMS ST,1,d401f265
TL48LL,Fire,Fire special service,19464,Pottstown,CHESTNUT ST & N ADAMS ST,1,507bf517
TL49I7,Fire,Gas-odor/leak,19426,Skippack,REGINALD LN & JUSTIN CT,1,828106e7
TL4B4K,Fire,Fire alarm,19401,East Norriton,STANBRIDGE ST & MEADOWBROOK RD,1,f23fd86c
TL4BKP,Traffic,Vehicle accident,19006,Lower Moreland,COUNTY LINE RD & HEATON RD,1,c19d733e
TL4BTU,EMS,Nausea/vomiting,19001,Abington,ST CHARLES PL & PERSHING AVE,1,d4cf4541
TL4C7N,EMS,Cardiac arrest,19462,Plymouth,GERMANTOWN PIKE & HALLOWELL RD,1,7bf360fc
TL4CAB,Fire,Fire alarm,19010,Lower Merion,BLACK ROCK RD & OLD GULPH RD,1,7e998082
TL4CRD,EMS,Respiratory emergency,19111,Abington,SHADY LN & PINE RD,1,b7af9d8b
TL4CZR,EMS,EMS special service,19473,Skippack,BRIDGE RD & SERENDIPITY WAY,1,446c0bfe
TL4EFV,EMS,Overdose,19401,Norristown,SWEDE ST & E OAK ST,1,c3de7ef6
TL4EUD,Fire,Fire alarm,19401,Norristown,MAIN ST & KNOX ST,1,c8b2b2d5
TL4G3Y,EMS,Head injury,19403,Lower Providence,EAGLEVILLE RD & SUNDERLAND DR,1,f2a10a28
TL4G9I,Fire,Trash/dumpster fire,19090,Upper Moreland,EASTON RD & BARRETT RD,1,638c2746
TL4IB6,EMS,Medical alert alarm,19403,Lower Providence,SHANNONDELL DR & SHANNONDELL BLVD,1,bf58abe1
TL4J79,EMS,Lacerations,19464,Pottstown,HIGH ST & S WASHINGTON ST,1,b98066cf
TL4JRL,EMS,Altered mental status,19096,Lower Merion,REDLEAF RD & NICHOLSON RD,1,30ca8613
TL4JZN,EMS,Assault victim,19075,Springfield,LORRAINE AVE & EHRENPFORT AVE,1,db49ef74
TL4KPE,Fire,Fire investigation,19001,Abington,LAMOTT AVE & RESERVOIR AVE,1,3f54a3af
TL4KR3,EMS,Cardiac emergency,19401,East Norriton,STANBRIDGE ST & DOGWOOD LN,1,72af7e07
TL4LCU,EMS,Medical alert alarm,19004,Lower Merion,CONSHOHOCKEN STATE RD & E CITY AVE,1,bba7054f
TL4LMM,EMS,Overdose,19403,Lower Providence,SUNNYSIDE AVE & HIGHLEY RD,1,0387333a
TL4LVS,EMS,Unconscious subject,19403,Lower Providence,FORGE AVE & S TROOPER RD,1,a88751c0
TL4LZI,EMS,Cardiac emergency,19038,Abington,EDGE HILL RD & LIMEKILN PIKE,1,407860cd
TL4MZU,EMS,CVA/stroke,18054,Marlborough,LAKEVIEW DR & GREEN HILL DR,1,080fa3f7
TL4NKT,Fire,Carbon monoxide detector,19428,Conshohocken,HECTOR ST & POPLAR ST,1,09a708ea
TL4NPS,EMS,Head injury,19438,Franconia,MAPLE AVE & YODER RD,1,6ff8cb15
TL4O6X,Traffic,Disabled vehicle,19044,Horsham,HORSHAM RD & EASTON RD,1,143fdda1
TL4OMT,EMS,Fall victim,19468,Upper Providence,BLACK ROCK RD & S TRAPPE RD,1,603bed99
TL4P1P,Fire,Gas-odor/leak,19406,Upper Merion,SWEDELAND RD & RENAISSANCE BLVD,1,9a5aee18
TL4P5B,Traffic,Vehicle accident,19464,Lower Pottsgrove,E HIGH ST & BROWN ST,1,8416dff3
TL4PDB,EMS,Cardiac arrest,19428,Whitemarsh,SPRING MILL AVE & RIGHTER ST,1,8726e83f
TL4PF5,Fire,Cardiac arrest,19428,Whitemarsh,SPRING MILL AVE & RIGHTER ST,1,5af5ab19
TL4PUX,EMS,Fall victim,18936,Montgomery,COMMERCE DR & STUMP RD,1,9ee376ef
TL4Q8E,EMS,Subject in pain,19040,Upper Moreland,ARIONNE DR & S WARMINSTER RD,1,29420292
TL4QVD,EMS,Head injury,19446,Upper Gwynedd,SUMNEYTOWN PIKE & CHURCH RD,1,080c0ba7
TL4RI3,Traffic,Vehicle accident,18974,Horsham,W COUNTY LINE RD & MAPLE AVE,1,4b4a49db
TL4RU7,EMS,Respiratory emergency,19446,Lansdale,WALNUT ST & W 5TH ST,1,d151bb71
TL4RX5,Traffic,Vehicle accident,19401,Norristown,W AIRY ST & BARBADOES ST,1,8e0b99a3
TL4S8S,EMS,Fall victim,19438,Lower Salford,MAIN ST & OLD SUMNEYTOWN PIKE,1,fb31015b
TL4S9Q,EMS,Medical alert alarm,19438,Lower Salford,OAK DR & MAPLE AVE,1,6f427d22
TL4SK7,Fire,Carbon monoxide detector,19046,Jenkintown,RUNNYMEDE AVE & FLORENCE AVE,1,26594f11
TL4T8G,Traffic,Disabled vehicle,19040,Horsham,MEETINGHOUSE RD & W COUNTY LINE RD,1,a21f4824
TL4TFY,EMS,General weakness,19401,East Norriton,HAINES RD & STUART DR,1,9cbe1394
TL4TOK,Fire,Fire alarm,19002,Lower Gwynedd,NORRISTOWN RD & TENNIS AVE,1,1839a092
TL4UU1,EMS,Vehicle accident,19090,Upper Moreland,MARYLAND RD & COMMERCE AVE,1,299b34fd
TL4UVF,Traffic,Vehicle accident,19090,Upper Moreland,MARYLAND RD & COMMERCE AVE,1,026443cb
TL4VCT,EMS,Overdose,19512,Berks County,COLEBROOKDALE RD & W PINE FORD RD,1,5d22b668
TL4VGA,EMS,Medical alert alarm,19090,Upper Moreland,SLEIGHRIDE RD & BUCKBOARD RD,1,2596543f
TL4VSK,EMS,Subject in pain,19468,Limerick,CALLOWAY CT & PEBBLE BEACH DR,1,daf9d265
TL4X8B,EMS,Syncopal episode,19422,Whitpain,MEREDITH LN & JENNIFER LN,1,f33bf094
TL4XJ9,Fire,Fire alarm,19096,Lower Merion,CEDAR GROVE RD & WILLIAMS RD,1,b4a7cf1e
TL4XPH,Fire,Fire alarm,19027,Cheltenham,STAHR RD & PARK AVE,1,68f90b8d
TL4XT8,EMS,Medical alert alarm,19090,Abington,ARNOLD AVE & LAMOTT AVE,1,60115e2e
TL4XWO,Fire,Transferred call,19010,Lower Merion,BRYN MAWR AVE,1,f109b821
TL4XWO-1,Fire,Transferred call,19010,Lower Merion,BRYN MAWR AVE,1,f109b821
TL4Y0V,EMS,Unknown medical emergency,19027,Cheltenham,OLD YORK RD & GREEN BRIAR RD,1,2c8ddb06
TL4YCX,EMS,Unconscious subject,19462,Plymouth,GERMANTOWN PIKE & HALLOWELL RD,1,42bf098b
TL4YGB,EMS,CVA/stroke,19462,Plymouth,HILLSIDE AVE & COLEMAN ST,1,d45f3f98
TL4ZBX,EMS,Subject in pain,19004,Lower Merion,BELMONT AVE & ST ASAPHS RD,1,a98abb54
TL4ZXB,EMS,Fall victim,19525,New Hanover,SWAMP PIKE & WAGNER RD,1,3da22f8c
TL5003,EMS,Respiratory emergency,19401,Norristown,AIRY ST & HIGH ALY,1,bcd60fa0
TL500X,EMS,Lacerations,19403,Lower Providence,EAGLEVILLE RD & SUNDERLAND DR,1,933a049e
TL50OH,Fire,Fire alarm,19035,Lower Merion,CROSBY BROWN RD & MILL CREEK RD,1,abf5fcad
TL50XJ,Traffic,Vehicle accident,19044,Upper Moreland,BLAIR MILL RD & WITMER RD,1,0cdc14c0
TL50XJ-1,Traffic,Vehicle accident,19090,Upper Moreland,WELSH RD & COMPUTER AVE,1,82be1ad9
TL50YK,EMS,Respiratory emergency,19096,Lower Merion,BEVERLY RD & WESTWOOD LN,1,2a0407e0
TL51MT,EMS,Fall victim,19403,Lower Providence,RIDGE PIKE & SMITH RD,1,5638e3bf
TL51NT,EMS,General weakness,19462,Plymouth,JOHNSON RD & BELVOIR RD,1,ae606a83
TL51YE,EMS,Head injury,19468,Limerick,JORDAN CT & WALKER RD,1,e9408309
TL51Z8,EMS,Medical alert alarm,19096,Lower Merion,WYNNEWOOD RD & W OLD WYNNEWOOD RD,1,1312d394
TL5298,EMS,Subject in pain,19462,Plymouth,FAIRFIELD RD & HAWS ALY,1,b0579e14
TL52XG,EMS,Dizziness,19151,Lower Merion,CITY AVE & HOLLINGSWORTH RD,1,69576db5
TL52YO,Fire,Fire alarm,19406,Upper Merion,VALLEY FORGE CIR & OLD VALLEY FORGE RD,1,d46745c6
TL530D,EMS,Fall victim,19444,Whitemarsh,MARBLE LN & INDIAN GUIDE RD,1,afff494e
TL533E,Traffic,Vehicle accident,19044,Upper Moreland,BLAIR MILL RD & HORSHAM RD,1,a407ed17
TL53FN,EMS,Head injury,19464,Pottstown,CHARLOTTE ST & CHERRY ST,1,e9fae706
TL53L1,EMS,Subject in pain,19525,Douglass,PHILADELPHIA AVE & CONGO RD,1,94e678f4
TL53LW,EMS,Cardiac emergency,19473,Perkiomen,SALEM RD & CONCORD RD,1,dcc36594
TL5452,EMS,Hemorrhaging,19462,Plymouth,SANDY HILL RD & HALLOWELL RD,1,79923a78
TL545V,EMS,Altered mental status,19075,Springfield,SHEPHERDS WAY,1,e0471cab
TL548Q,EMS,CVA/stroke,19446,Upper Gwynedd,VALLEY FORGE RD & BOYD AVE,1,18f730cb
TL54GJ,EMS,Nausea/vomiting,19446,Lansdale,BROAD ST & E 6TH ST,1,041d6cb4
TL54HK,EMS,Dizziness,19464,Pottstown,KING ST & VANBUSKIRK ALY,1,ced74f30
TL54IR,EMS,Allergic reaction,19406,Upper Merion,GODDARD BLVD & VALLEY GREEN LN,1,a48e1f4c
TL54LZ,EMS,Unknown medical emergency,19403,Lower Providence,SHANNONDELL DR & SHANNONDELL BLVD,1,b506e19f
TL54PM,Fire,Fire alarm,18936,Montgomery,HORSHAM RD & PHEASANT RUN,1,bf1b76ed
TL557Y,EMS,Respiratory emergency,19403,Lower Providence,RIDGE PIKE & SMITH RD,1,bf51fbb4
TL55CF,EMS,Unknown medical emergency,19403,Lower Providence,RIDGE PIKE & CLEARFIELD AVE,1,d1074651
TL55DK,EMS,Syncopal episode,19025,Horsham,WELSH RD & DRYDEN RD,1,8555293f
TL55KI,Traffic,Disabled vehicle,19453,Upper Providence,WALNUT ST & NEEDLE ST,1,c305c3a0
TL55MA,EMS,Medical alert alarm,19438,Franconia,MAPLEWOOD DR & CRESCENT CIR,1,5388e972
TL55NL,EMS,Fall victim,19406,Upper Merion,CROSSFIELD RD & FOX RUN RD,1,2794d0b0
TL55S2,Traffic,Vehicle accident,19426,Upper Providence,WATER LOOP DR & FRONT ST,1,cb5bec1a
TL563C,EMS,Diabetic emergency,19464,Pottstown,HANOVER ST & E 4TH ST,1,ec5e2a6f
TL567I,Traffic,Vehicle accident,19406,Upper Merion,DEKALB PIKE & CROCKETT RD,1,89f54d33
TL56AZ,EMS,Fall victim,19446,Lansdale,CANNON AVE & W 9TH ST,1,e2dd1892
TL56GS,EMS,Seizures,19428,Conshohocken,6TH AVE & FREEDLEY ST,1,34967d36
TL56RM,EMS,Heat exhaustion,19444,Whitemarsh,MATHERS MILL RD & QUARRY LN,1,50713923
TL56YC,EMS,Unresponsive subject,19428,Plymouth,COLWELL LN & OVERHILL RD,1,63621d5a
TL573R,EMS,Vehicle accident,19001,Abington,OLD YORK RD & CONNECTING ROAD,1,8af1f605
TL573T,Traffic,Vehicle accident,19001,Abington,OLD YORK RD & CONNECTING ROAD,1,c5cdc9f5
TL575W,EMS,Cardiac emergency,19464,Limerick,RIDGE PIKE & RUPERT RD,1,00b88943
TL5788,EMS,Fall victim,19003,Lower Merion,SCHOOL LN & SHELDON LN,1,48b734b3
TL57KF,EMS,CVA/stroke,19403,Lower Providence,SHANNONDELL DR & SHANNONDELL BLVD,1,fcb9c030
TL57LH,EMS,General weakness,19446,Hatfield Township,BROOKSIDE DR & WILLOW LN,1,c9a92a65
TL57Y4,EMS,Respiratory emergency,19040,Upper Moreland,DAVISVILLE RD & PENNYPACK RD,1,a38865d9
TL57Z1,EMS,Syncopal episode,19401,Norristown,LAFAYETTE ST & DEAD END,1,1dcb0246
TL588O,Traffic,Vehicle accident,19403,East Norriton,W GERMANTOWN PIKE & SCENIC RD,1,9ca13543
TL58EF,EMS,Fracture,18076,Red Hill,MAIN ST & E 3RD ST,1,c231ce7b
TL58HY,EMS,Respiratory emergency,19454,Horsham,HORSHAM RD & GREEN TREE TAVERN RD,1,5fbae853
TL58OO,Fire,Fire alarm,19401,East Norriton,JOHNSON HWY & NORTH HILLS DR,1,34b88e3b
TL590K,Traffic,Vehicle accident,19090,Upper Moreland,MORELAND RD & MADISON RD,1,6b3012e4
TL5919,EMS,Unknown medical emergency,19438,Franconia,CRESCENT WAY & CRESCENT LN,1,e31c5de4
TL5940,EMS,Vehicle accident,19090,Upper Moreland,MORELAND RD & MADISON RD,1,a37c3998
TL594U,Traffic,Road obstruction,19096,Lower Merion,HAVERFORD RD & DRAYTON LN,1,756cbcf1
TL595M,Traffic,Vehicle accident,19040,Upper Moreland,SHOEMAKER RD & PIONEER RD,1,0eb1215c
TL598Y,EMS,Subject in pain,19401,Norristown,CAROLINE DR & HIGH ST,1,2829d5ea
TL59AB,EMS,Head injury,18964,Franconia,HARRINGTON WAY & LINDSAY LN,1,d1e44171
TL59B0,Traffic,Vehicle accident,19040,Hatboro,YORK RD & WILLIAMS LN,1,1b72d3d2
TL59G5,Traffic,Vehicle accident,19428,West Conshohocken,SPRUCE LN & MERION HILL LN,1,53d43830
TL59NH,Traffic,Road obstruction,19040,Hatboro,YORK RD & SCHOOL RD,1,bf05a626
TL59OQ,EMS,Fall victim,19464,Pottstown,PARK DR & N ADAMS ST,1,91bcb071
TL59TJ,Traffic,Vehicle accident,19422,Whitpain,DEKALB PIKE & SWEDE RD,1,cb78d16b
TL59WQ,Traffic,Hazardous road conditions,19090,Upper Moreland,DALLAS RD & BARTRAM RD,1,6c7b8865
TL5A5Z,Traffic,Vehicle accident,19044,Horsham,EASTON RD & MAPLE AVE,1,705d2ea9
TL5A77,Fire,Vehicle accident,18054,Salford,WHITES MILL RD & HILL RD,1,7f9cc160
TL5A7D,EMS,Vehicle accident,18054,Salford,WHITES MILL RD & HILL RD,1,5ca89d3a
TL5A86,Traffic,Vehicle accident,19004,Lower Merion,BELMONT AVE & JEFFERSON ST,1,704f9e37
TL5ABG,EMS,Hemorrhaging,19046,Abington,THE FAIRWAY  & RYDAL RD,1,a06d784c
TL5AJK,Traffic,Vehicle accident,19040,Upper Moreland,DAVISVILLE RD & DAMIAN DR,1,3655e3f3
TL5APO,Traffic,Vehicle accident,19010,Lower Merion,LANCASTER AVE & SUMMIT GROVE AVE,1,f8031e15
TL5AVB,EMS,Fall victim,19446,Lansdale,WADE AVE & E HANCOCK ST,1,10250e80
TL5AWJ,EMS,Subject in pain,19040,Upper Moreland,DAVISVILLE RD & TURNPIKE DR,1,147acd23
TL5AXA,EMS,Abdominal pains,19454,Lower Gwynedd,MEETINGHOUSE RD & DEKALB PIKE,1,d5fec3ab
TL5B00,EMS,Respiratory emergency,18074,Pottstown,SHOEMAKER RD & CONNECTING ROAD,1,4a8c0d74
TL5BB1,EMS,Fall victim,19006,Lower Moreland,BLUE BIRD RD & BARNSWALLOW LN,1,638074dc
TL5BC5,EMS,Seizures,19038,Cheltenham,EASTON RD & W GLENSIDE AVE,1,e2d623e9
TL5BI9,EMS,Seizures,19464,Pottstown,HIGH ST & MANATAWNY ST,1,9a593cba
TL5BSW,EMS,Fall victim,19464,Pottstown,5TH ST & JOHNSON ST,1,f2146e32
TL5C1B,Fire,Fire police needed,19464,Pottstown,HIGH ST,1,ad5b4075
TL5C30,EMS,Seizures,19428,Upper Merion,MATSONFORD RD & SUPPLEE LN,1,768d6e57
TL5C3K,Traffic,Vehicle accident,19512,Douglass,PHILADELPHIA AVE & BERKS ST,1,828944e8
TL5C45,Fire,Vehicle accident,19512,Douglass,PHILADELPHIA AVE & BERKS ST,1,4d39bb42
TL5CB7,EMS,General weakness,19464,Lower Pottsgrove,PRUSS HILL RD & PROSPECT HILL LN,1,77153e08
TL5CDK,EMS,Respiratory emergency,19465,Chester County,RIVER RD & LAURELWOOD RD,1,8a38cb8e
TL5CFU,EMS,Back pains/injury,19040,Upper Moreland,LUKENS LN & MOORE RD,1,0460a8d0
TL5CI9,Traffic,Vehicle accident,18073,Pennsburg,RIDGE PIKE & BLUEROUTE SB,1,11f7e177
TL5CIV,EMS,Diabetic emergency,19468,Limerick,LINFIELD TRAPPE RD & WEAVER LN,1,051c69e1
TL5CQP,Traffic,Vehicle accident,18073,Pennsburg,LONG ALY & E 8TH ST,1,7ba244d9
TL5CRE,Traffic,Vehicle accident,19465,Chester County,POTTSTOWN PIKE & W CEDARVILLE RD,1,e92c9ad5
TL5CWI,EMS,Syncopal episode,19446,Upper Gwynedd,SUMNEYTOWN PIKE & MARLBROOK LN,1,c6e1f5dc
TL5D41,Fire,Carbon monoxide detector,19090,Upper Moreland,QUIGLEY AVE & DIVISION AVE,1,2bccbb15
TL5DAJ,EMS,Vehicle accident,19403,West Norriton,EGYPT RD,1,63df0352
TL5DAO,Traffic,Vehicle accident,19403,West Norriton,EGYPT RD & HESTON AVE,1,cff8bd87
TL5DLQ,Traffic,Vehicle accident,19072,Lower Merion,CONSHOHOCKEN STATE RD & CENTENNIAL RD,1,34dded28
TL5DVX,EMS,Cardiac emergency,19072,Lower Merion,OAKWOOD DR & OAKWOOD TER,1,85211b6e
TL5DY6,Fire,Vehicle accident,19403,West Norriton,EGYPT RD,1,53e4f3fa
TL5DZA,EMS,Fall victim,19044,Horsham,WHITE BIRCH LN & TIMBER RD,1,b0e7a595
TL5E47,EMS,Seizures,19428,Plymouth,GALLAGHER RD & SEVEN STARS LN,1,f2f980b3
TL5EB0,Traffic,Vehicle accident,19428,Plymouth,RIDGE PIKE & ALAN WOOD RD,1,04063c08
TL5EG2,Traffic,Disabled vehicle,19428,Plymouth,CHEMICAL RD & COLWELL LN,1,b08520a3
TL5EHV,Traffic,Vehicle accident,19040,Horsham,BLAIR MILL RD & W MORELAND AVE,1,b34610c3
TL5EL9,EMS,Medical alert alarm,19464,Pottstown,HIGH ST & S FRANKLIN ST,1,bc53e4c9
TL5EQ8,Traffic,Vehicle accident,19403,West Norriton,BOULEVARD OF THE GENERALS  & GENERAL WASHINGTON AVE,1,9cd5e179
TL5EY8,Traffic,Vehicle accident,19401,Norristown,W MARSHALL ST & ASTOR ST,1,f7b083c4
TL5EZ8,EMS,Fall victim,19464,Pottstown,KEIM ST & MORRIS ST,1,04b93835
TL5F1U,Fire,Gas-odor/leak,19403,West Norriton,NORTHRIDGE DR & BITTERSWEET CT,1,46a776f6
TL5F40,EMS,Fall victim,19465,Chester County,DIMITY CT & MILLER RD,1,097d7c36
TL5F4G,Traffic,Vehicle accident,19464,Lower Pottsgrove,CHARLOTTE ST & ORLANDO RD,1,066e6095
TL5F56,Fire,Vehicle accident,19464,Lower Pottsgrove,CHARLOTTE ST & ORLANDO RD,1,848e5b85
TL5F5P,EMS,Vehicle accident,19464,Lower Pottsgrove,CHARLOTTE ST & ORLANDO RD,1,56492f7d
TL5F9T,EMS,Fall victim,19075,Springfield,HUNTERS LN,1,a6f9a35b
TL5F9T-1,EMS,Fall victim,19075,Springfield,HUNTERS LN & EDANN RD,1,1c04ddf9
TL5FLR,EMS,Assault victim,18964,Souderton,CHESTNUT ST & WEST ST,1,5de31760
TL5FLR-1,EMS,Assault victim,18964,Souderton,WILE AVE,1,17d10952
TL5FW4,EMS,CVA/stroke,19473,Perkiomen,RALEIGH RD & HORSESHOE RD,1,89041bdb
TL5G5J,EMS,Medical alert alarm,19403,Lower Providence,SHANNONDELL DR & SHANNONDELL BLVD,1,561cd599
TL5G60,Traffic,Disabled vehicle,19087,Upper Merion,RICHARDS RD & N GULPH RD,1,cdc74a5b
TL5GCU,EMS,Unconscious subject,19044,Horsham,BROWN BRIAR CIR & SAWYERS WAY,1,2f2e52f4
TL5GF3,Fire,Fire investigation,19468,Upper Providence,RIDGE PIKE & KLINE RD,1,197f0209
TL5GTH,Fire,Fire alarm,19525,New Hanover,BIG RD & SHORT RD,1,1409c375
TL5GYD,Traffic,Vehicle accident,19406,Upper Merion,S GULPH RD & GYPSY LN,1,aa81e0af
TL5GZM,EMS,Fall victim,19002,Ambler,BETHLEHEM PIKE & ARGYLE AVE,1,c0401637
TL5H0R,EMS,Back pains/injury,19428,Conshohocken,6TH AVE & HALLOWELL ST,1,3eac2a35
TL5H1K,EMS,Fall victim,19454,Upper Gwynedd,GWYNEDD WOODS RD & FARM LN,1,0fe1eda6
TL5H2S,EMS,Vehicle accident,19406,Upper Merion,S GULPH RD,1,0f2e5569
TL5H63,EMS,Unconscious subject,19401,Norristown,PINE ST & W ROBERTS ST,1,90650b2d
TL5H6C,Traffic,Road obstruction,19428,Conshohocken,8TH AVE & FORREST ST,1,65c8b029
TL5H92,EMS,General weakness,19454,Montgomery,RAMBLEWOOD LN & WILLOW LN,1,dca633f2
TL5HBN,Traffic,Vehicle accident,19440,Towamencin,ORVILLA RD & WELSH RD,1,ab235366
TL5HC0,EMS,Head injury,19006,Lower Moreland,NEWELL DR & WOODWARD RD,1,db84bee8
TL5HRL,Traffic,Vehicle accident,19001,Abington,OLD YORK RD & HORACE AVE,1,21e50f77
TL5IAE,EMS,Head injury,19046,Lower Moreland,LIEBERMAN DR & WELSH RD,1,a263a3d1
TL5IHB,Fire,Fire alarm,19444,Whitemarsh,WESTAWAY DR & WHITNEY PL,1,e2943f39
TL5IIJ,EMS,Fall victim,19096,Lower Merion,WYNNEWOOD RD & PENN RD,1,37f00644
TL5IPO,Traffic,Vehicle accident,19034,Whitemarsh,BETHLEHEM PIKE & HOLLYWOOD RD,1,1dd8675c
TL5IRJ,EMS,Heat exhaustion,19403,Lower Providence,EGYPT RD & PAWLINGS RD,1,9b8d4843
TL5J3F,Traffic,Vehicle accident,19426,Perkiomen,GRAVEL PIKE & MAPLE AVE,1,a682ccbc
TL5J3K,EMS,Respiratory emergency,18964,Franconia,WESTBURY DR & MANOR HOUSE LN,1,5e6066de
TL5J6L,Traffic,Road obstruction,19002,Lower Gwynedd,RT309 EXPY & RAMP RT309 NB TO NORRISTOWN RD,1,b08008d3
TL5J74,Traffic,Road obstruction,19002,Lower Gwynedd,RT309 EXPY & RAMP RT309 NB TO NORRISTOWN RD,1,0d9a85d0
TL5JA6,EMS,Back pains/injury,19473,Skippack,CHANDLER LN & WENTZ LN,1,1747e099
TL5JC7,EMS,Fall victim,19426,Trappe,7TH AVE & W MAIN ST,1,0c9b7462
TL5JEC,Traffic,Vehicle accident,18936,Montgomery,WITCHWOOD DR & STUMP RD,1,cdc5a0f5
TL5JHB,EMS,Fall victim,19444,Whitemarsh,HOLLY LN & AUTUMN LN,1,ef3f856a
TL5JQ6,EMS,Altered mental status,19002,Upper Dublin,SUSQUEHANNA RD & SPARK DR,1,0109f8fb
TL5K6Z,Fire,Fire alarm,18041,Upper Hanover,GRAVEL PIKE & KRAUSSDALE RD,1,4a85dcfb
TL5KIO,EMS,Respiratory emergency,19004,Lower Merion,CONSHOHOCKEN STATE RD & ST ASAPHS RD,1,3df6f840
TL5KP5,EMS,Syncopal episode,19027,Cheltenham,SHOPPERS LN & WASHINGTON LN,1,16cc8734
TL5L26,Traffic,Disabled vehicle,19462,Plymouth,W GERMANTOWN PIKE & PLYMOUTH RD,1,fd863500
TL5L5U,EMS,Vehicle accident,19038,Springfield,PLEASANT AVE & ELM AVE,1,61401f23
TL5L5Z,Traffic,Vehicle accident,19038,Springfield,PLEASANT AVE & ELM AVE,1,8dad4bfb
TL5LI1,Fire,Fire investigation,19446,Montgomery,DEVONSHIRE DR & CANTERBURY LN,1,3188951b
TL5LLG,Traffic,Disabled vehicle,19085,Lower Merion,W MONTGOMERY AVE & SPRUCE LN,1,af899f78
TL5LQA,EMS,Vehicle accident,19040,Hatboro,BYBERRY AVE,1,d33c19bc
TL5LQL,Traffic,Vehicle accident,19040,Hatboro,BYBERRY AVE & S PENN ST,1,00fef7af
TL5LR1,EMS,Seizures,19426,Collegeville,MAIN ST & 2ND AVE,1,b528d34f
TL5LS3,Traffic,Disabled vehicle,19462,Plymouth,RIDGE PIKE & CHEMICAL RD,1,55a06c3f
TL5M40,Fire,Vehicle accident,18054,Marlborough,GERYVILLE PIKE & HIFFLETRAYER RD,1,9d30c911
TL5M45,EMS,Vehicle accident,18054,Marlborough,GERYVILLE PIKE & HIFFLETRAYER RD,1,59c42f4c
TL5M59,Traffic,Vehicle accident,19422,Whitpain,SWEDE RD & DEKALB PIKE,1,8925ddc1
TL5MBR,Traffic,Disabled vehicle,19001,Abington,OLD YORK RD & HIDDEN LN,1,5f28ed2a
TL5MCP,EMS,Nausea/vomiting,19464,Pottstown,GRANDVIEW RD & BEECH ST,1,54a819ea
TL5ME7,Traffic,Vehicle accident,18054,Marlborough,GERYVILLE PIKE & HIFFLETRAYER RD,1,15aa4257
TL5MJR,EMS,Subject in pain,19038,Cheltenham,WILLOW GROVE AVE & CHELTENHAM AVE,1,342721c0
TL5MKL,EMS,Heat exhaustion,19454,Montgomery,AVENEL BLVD & DEKALB PIKE,1,386bac2f
TL5MLG,EMS,Subject in pain,19072,Lower Merion,HAVERFORD AVE & SHIRLEY RD,1,9a92cb26
TL5MMJ,EMS,Head injury,19031,Whitemarsh,VALLEY GREEN RD & CRICKET RD,1,792f2357
TL5MPC,Traffic,Vehicle accident,19428,Plymouth,MAIN AVE & RIDGE PIKE,1,8f30cc0e
TL5MSS,EMS,General weakness,18073,Upper Hanover,WHEATLAND AVE & BERKELEY DR,1,75ec04dc
TL5MWT,EMS,Cardiac emergency,19044,Horsham,BROWNSTONE DR & SCHOOL RD,1,114d829d
TL5MXK,EMS,Altered mental status,19046,Abington,GREENWOOD AVE & JENKINTOWN RD,1,d2a7390c
TL5N4L,Traffic,Vehicle accident,19440,Hatfield Township,DOGWOOD LN & SCHWAB RD,1,5388470f
TL5N4M,EMS,Vehicle accident,19090,Abington,MORELAND RD,1,6f6dc68f
TL5N4T,Traffic,Vehicle accident,19001,Abington,MORELAND RD & OLD YORK RD,1,aae051eb
TL5N6J,Traffic,Vehicle accident,19001,Abington,MORELAND RD & OLD YORK RD,1,a6334aea
TL5N8T,Traffic,Road obstruction,19422,Whitpain,NARCISSA RD & COPPER BEECH DR,1,4eac2bce
TL5NIO,Traffic,Disabled vehicle,19041,Lower Merion,MILL CREEK RD & GRAYS LN,1,e935773e
TL5NSA,EMS,Respiratory emergency,19446,Hatfield Township,WELSH RD,1,67947550
TL5NSA-1,EMS,Heat exhaustion,19446,Hatfield Township,WELSH RD & CLEARVIEW ST,1,077cac96
TL5NU3,EMS,Medical alert alarm,19403,Lower Providence,SHANNONDELL DR & SHANNONDELL BLVD,1,c14de15d
TL5NVG,EMS,Unconscious subject,19095,Cheltenham,PAXSON AVE & HEWETT RD,1,212457e3
TL5NWF,EMS,Fall victim,19446,Towamencin,NORTH BEND CT & JACOBS HALL LN,1,6f611656
TL5NX0,Traffic,Vehicle accident,19462,Whitemarsh,TOWNSHIP LINE RD & W BUTLER PIKE,1,e485dd4c
TL5NX0-1,Traffic,Vehicle accident,19462,Plymouth,TOWNSHIP LINE RD & BUTLER PIKE,1,43501795
TL5O61,Traffic,Vehicle accident,19446,Towamencin,ALLENTOWN RD & VALLEY FORGE RD,1,3c26ca2c
TL5O9C,EMS,Medical alert alarm,19403,Lower Providence,SHANNONDELL DR & SHANNONDELL BLVD,1,955ef758
TL5OAS,EMS,Poisoning,19464,Pottstown,KING ST & N YORK ST,1,796944f6
TL5OEP,EMS,CVA/stroke,19002,Lower Gwynedd,PENLLYN PIKE & FOXFIELD RD,1,ecafcdf8
TL5OHF,EMS,Overdose,18041,Pennsburg,MAIN ST & CHURCH ST,1,04661044
TL5OLW,Fire,Woods/field fire,19004,Lower Merion,ASHLAND AVE & JEFFERSON ST,1,69a06f70
TL5OQT,EMS,Lacerations,19426,Collegeville,STRATFORD AVE & CLAHOR AVE,1,414f1ff6
TL5OZO,Fire,Fire alarm,19426,Collegeville,MAIN ST & E 9TH AVE,1,fdae3d8a
TL5PGW,EMS,Medical alert alarm,19040,Upper Moreland,SHOEMAKER RD & PIONEER RD,1,ca57d67e
TL5PJ6,EMS,Head injury,19031,Springfield,WISSAHICKON AVE & ROSE LN,1,de673007
TL5PZJ,EMS,Syncopal episode,19401,Norristown,MAIN ST & HAWS AVE,1,1deac46c
TL5Q1R,Traffic,Disabled vehicle,19462,Plymouth,CHEMICAL RD & GALLAGHER RD,1,2c14ab4b
TL5Q64,EMS,Unknown medical emergency,19027,Cheltenham,COVENTRY AVE & VALLEY RD,1,6e1a2981
TL5QD2,EMS,Head injury,19090,Upper Moreland,YORK RD & LAKEVUE DR,1,39352166
TL5QEK,EMS,Unknown medical emergency,19027,Abington,BARRY ST & PERRY ST,1,8be8d57a
TL5QHA,Traffic,Vehicle accident,19446,Upper Gwynedd,SUMNEYTOWN PIKE & S BROAD ST,1,9db823be
TL5QIU,Traffic,Vehicle accident,19025,Upper Dublin,AIDENN LAIR RD & DRESHERTOWN RD,1,96251bb6
TL5QKN,EMS,Fever,19446,Towamencin,ALLENTOWN RD & WOODLAWN DR,1,76583ae8
TL5QO8,Traffic,Vehicle accident,19401,Norristown,SWEDE ST & E MAIN ST,1,f38380b2
TL5QPU,EMS,Vehicle accident,19401,Norristown,SWEDE ST,1,0c7ab08e
TL5QT1,Fire,Fire alarm,19406,Upper Merion,HENDERSON RD & SAULIN BLVD,1,450a7716
TL5QX7,EMS,Respiratory emergency,19003,Lower Merion,VALLEY RD & W MONTGOMERY AVE,1,def28341
TL5R7F,Fire,Fire alarm,19403,Worcester,CASSEL RD & STEIGER RD,1,0dd95d00
TL5RM4,EMS,CVA/stroke,19446,Worcester,CHERRY CIR & GRANT RD,1,8aaee1be
TL5RMP,Traffic,Vehicle accident,19041,Lower Merion,W LANCASTER AVE & HAVERFORD STATION RD,1,846bcb49
TL5RNL,EMS,Vehicle accident,19010,Lower Merion,W LANCASTER AVE,1,26c77c67
TL5RRC,Fire,Vehicle fire,19090,Upper Moreland,DALLAS RD & BARTRAM RD,1,7cbf574b
TL5RRV,Traffic,Vehicle fire,19090,Upper Moreland,DALLAS RD & BARTRAM RD,1,460bfe61
TL5RSB,EMS,Seizures,19428,Whitemarsh,RIVER RD & BARREN HILL RD,1,41f41be6
TL5RVF,Traffic,Vehicle accident,19446,Hatfield Township,FORTY FOOT RD & WELSH RD,1,e937a11f
TL5RVF-1,Traffic,Vehicle accident,19446,Towamencin,FORTY FOOT RD & WELSH RD,1,3a37922b
TL5SDS,EMS,Fall victim,19034,Whitemarsh,BETHLEHEM PIKE & LAFAYETTE AVE CONNECTOR,1,88709fc6
TL5SGM,EMS,Overdose,19002,Horsham,BUTLER PIKE & NESBITT RD,1,313deaef
TL5SIC,Traffic,Vehicle accident,19446,Hatfield Township,FORTY FOOT RD & WELSH RD,1,8090bda0
TL5SIC-1,Traffic,Vehicle accident,19446,Towamencin,FORTY FOOT RD & WELSH RD,1,d22314ca
TL5SS3,Traffic,Vehicle accident,19044,Horsham,EASTON RD & FAIR OAKS AVE,1,ff2044b1
TL5SS3-1,Traffic,Vehicle accident,19044,Horsham,EASTON RD & PINE AVE,1,8467403f
TL5SSI,EMS,Vehicle accident,19044,Horsham,EASTON RD & FAIR OAKS AVE,1,d609551c
TL5SUA,EMS,Medical alert alarm,19096,Lower Merion,HAVERFORD RD & ARGYLE RD,1,e861769b
TL5T1R,Fire,Fire alarm,19464,Lower Pottsgrove,KAUFFMAN RD & WENDY DR,1,e78c3e1f
TL5TCF,Traffic,Hazardous road conditions,19446,Upper Gwynedd,GARFIELD AVE & STEUBEN DR,1,3953d3ae
TL5TNQ,Traffic,Road obstruction,19446,Montgomery,MAGDALENA LN & N LINE ST,1,58bc3618
TL5TT6,Traffic,Road obstruction,19072,Lower Merion,WOODBINE AVE & BRYN MAWR AVE,1,eee3987a
TL5TUC,EMS,Fall victim,19003,Lower Merion,ARDMORE AVE & W ATHENS AVE,1,73b84497
TL5TUG,Traffic,Road obstruction,19002,Upper Dublin,RT309 EXPY & RAMP RT309 NB TO SUSQUEHANNA RD,1,e8844040
TL5U4D,Traffic,Vehicle accident,19464,Lower Pottsgrove,PLEASANT VIEW RD & DONNA LN,1,4b1d537b
TL5UHC,EMS,Respiratory emergency,19044,Horsham,JACK LADDER CIR & LOG POND DR,1,b5eec187
TL5UQ6,Traffic,Disabled vehicle,19446,Towamencin,FORTY FOOT RD & DETWILER RD,1,86402c5c
TL5UX3,Fire,Fire investigation,19004,Lower Merion,SANDRINGHAM RD & MARY WATERS FORD RD,1,fa1b7e6d
TL5V0Q,Fire,Unknown type fire,19004,Lower Merion,ASHLAND AVE & JEFFERSON ST,1,e185f38d
TL5V4I,Traffic,Vehicle accident,19465,Chester County,HANOVER ST & LENAPE XING,1,4f11eec9
TL5V4T,EMS,Vehicle accident,19465,Chester County,HANOVER ST & LENAPE XING,1,1eb9b8db
TL5VFB,Fire,Electrical fire outside,19027,Cheltenham,RICHARDS RD & ASBURY AVE,1,e28f89e9
TL5VGT,Fire,Building fire,18041,Upper Hanover,BLOMMER DR & GRAVEL PIKE,1,b252a198
TL5VIC,EMS,Nausea/vomiting,19041,Lower Merion,MONTGOMERY AVE & GRAYS LN,1,2bc8c2db
TL5VKO,EMS,Cardiac emergency,19440,Hatfield Township,TOWAMENCIN AVE & JEAN DR,1,5413c358
TL5VN4,EMS,Building fire,18041,Upper Hanover,BLOMMER DR & GRAVEL PIKE,1,6e072bfe
TL5VSD,EMS,Diabetic emergency,19464,Pottstown,CHARLOTTE ST & WILSON ST,1,82b2c01a
TL5VYH,Traffic,Road obstruction,19001,Abington,BUTLER AVE & EDGE HILL RD,1,6636e540
TL5W3I,Traffic,Disabled vehicle,19428,Plymouth,RIDGE PIKE & MAIN AVE,1,f46bcf24
TL5W54,Traffic,Disabled vehicle,19131,Lower Merion,CITY AVE & RAYNHAM RD,1,2529421b
TL5WTU,EMS,General weakness,19438,Lower Salford,SHARON LN & HARLEYSVILLE PIKE,1,d268e2ed
TL5XAJ,EMS,Abdominal pains,19440,Hatfield Township,MAPLE AVE & CHESTNUT ST,1,6f0f7050
TL5Y1T,EMS,Altered mental status,19403,West Norriton,HEMLOCK RD & CAREY LN,1,8ede77ac
TL5Y62,EMS,Abdominal pains,19525,Douglass,SUMMER HILL DR & SILCOX DR,1,74735207
TL5YG5,EMS,Cardiac emergency,19002,Upper Dublin,SUSQUEHANNA RD & SPARK DR,1,bda62285
TL5YPA,Fire,Fire special service,19406,Upper Merion,DEKALB PIKE & BRANDYWINE LN,1,34fc5dbc
TL5YQX,EMS,Overdose,19403,Lower Providence,COLONY DR & PAWLINGS RD,1,8bc1822d
TL5Z8Y,Fire,Rescue,19040,Upper Moreland,HORSHAM RD & CASTELLO AVE,1,25f67c49
TL5ZCO,Traffic,Vehicle accident,19038,Cheltenham,WAVERLY RD & BERKELEY RD,1,0b2633a9
TL5ZNS,EMS,Fall victim,19401,Norristown,MARKLEY ST & W MARSHALL ST,1,d6b9ce30
TL5ZQ9,EMS,Subject in pain,19406,Upper Merion,VALLEY FORGE RD & GENERAL STEUBEN RD,1,bc278751
TL5ZR8,EMS,Nausea/vomiting,19422,Whitpain,ORCHARD CT & COPPER BEECH DR,1,1fc5a7a5
TL5ZT3,EMS,Subject in pain,19151,Lower Merion,CITY AVE & HOLLINGSWORTH RD,1,5886635e
TL605N,Fire,Carbon monoxide detector,19464,Upper Pottsgrove,CONCORD DR & CONTINENTAL DR,1,199c318e
TL6087,EMS,Overdose,19468,Limerick,LINFIELD TRAPPE RD & S TOWNSHIP LINE RD,1,14c545ca
TL60BS,Traffic,Disabled vehicle,19040,Hatboro,HORSHAM RD & S YORK RD,1,d691d8ba
TL60JL,Traffic,Vehicle accident,19525,New Hanover,SWAMP PIKE & N CHARLOTTE ST,1,a3245594
TL60LS,EMS,Cardiac arrest,19002,Ambler,LINDENWOLD AVE & PARK AVE,1,5db96641
TL60S0,Traffic,Vehicle accident,19405,Bridgeport,W 9TH ST & GREEN ST,1,d95a4adb
TL61JM,EMS,Subject in pain,19468,Limerick,AZALEA CIR & LAUREL DR,1,4b0cedf5
TL61ZV,Traffic,Vehicle accident,19464,Upper Pottsgrove,BRYNNE LN & LAURA LN,1,972c637b
TL62CA,Fire,Vehicle accident,19464,Upper Pottsgrove,BRYNNE LN,1,92d7b9d7
TL62CE,Traffic,Road obstruction,19465,Chester County,POTTSTOWN PIKE & W CEDARVILLE RD,1,ec21e572
TL62GI,EMS,Vehicle accident,19464,Upper Pottsgrove,BRYNNE LN,1,2050e8ef
TL63TD,EMS,Unknown medical emergency,19468,Upper Providence,HAFNER RD & 2ND AVE,1,24dcbc6a
TL63TD-1,EMS,Unknown medical emergency,19468,Upper Providence,VAUGHN RD,1,3bf9d397
TL64CM,Fire,Fire alarm,19035,Lower Merion,MONK RD & SOAPSTONE RD,1,292a0faf
TL64H7,EMS,Diabetic emergency,19464,Lower Pottsgrove,WALNUT RIDGE ESTS & KEPLER RD,1,0d4615cf
TL64LO,Fire,Fire alarm,19428,Plymouth,FAYETTE ST & E 13TH AVE,1,6630f42e
TL65C9,Fire,Electrical fire outside,19027,Cheltenham,RICHARDS RD & ASBURY AVE,1,1d2ab8da
TL65E1,Fire,Fire alarm,19468,Upper Providence,CROSSHILL RD & ELMAR CIR,1,3d9a3248
TL65LN,Traffic,Disabled vehicle,19464,Upper Pottsgrove,N CHARLOTTE ST & MOCK RD,1,b46cffb1
TL6688,EMS,Hemorrhaging,19002,Horsham,CHATSWORTH DR & TALAMORE DR,1,d829f005
TL6787,EMS,Seizures,19426,Skippack,REGINALD LN & JUSTIN CT,1,2b71dcd8
TL679P,Fire,Fire alarm,19462,Plymouth,WOODBROOK LN & BELVOIR RD,1,3e0e0ce5
TL67AO,EMS,Overdose,19401,Norristown,AIRY ST & SWEDE ST,1,5748011c
TL682E,Fire,Elevator emergency,19046,Abington,OLD YORK RD & WYNCOTE RD,1,57763674
TL68DU,EMS,Respiratory emergency,18073,Pennsburg,MAIN ST & W 3RD ST,1,7cc659ff
TL68WZ,EMS,Lacerations,19468,Limerick,PRESIDENTIAL DR & JEFFERSON CT,1,db97998f
TL6A01,EMS,Fall victim,18073,Upper Hanover,WONZIEGLER RD & FINLAND RD,1,f27c98a3
TL6AAX,EMS,Assault victim,19040,Upper Moreland,GOODWIN RD & HIGH AVE,1,f825fe2f
TL6BPJ,Fire,Fire alarm,19046,Abington,OLD YORK RD & WYNCOTE RD,1,e134ec80
TL6BTW,EMS,Diabetic emergency,19454,Upper Gwynedd,ROYAL AVE & SUMNEYTOWN PIKE,1,e3111ad6
TL6DGE,EMS,Back pains/injury,19401,Norristown,SWEDE ST,1,d28272c8
TL6DSE,EMS,Respiratory emergency,19040,Horsham,COUNTY LINE RD & MEETINGHOUSE RD,1,4cab5421
TL6F1K,EMS,Subject in pain,19002,Upper Dublin,CASALS PL & DEAD END,1,0ff0570b
TL6FS3,Fire,Fire alarm,19002,Whitemarsh,SHEAFF LN & SKIPPACK PIKE,1,bff7d540
TL6FX7,EMS,Unconscious subject,19010,Lower Merion,BRYN MAWR AVE,1,7b82efcd
TL6H3C,EMS,Respiratory emergency,19504,Douglass,GREEN HILL RD & HOFFMANSVILLE RD,1,1349a612
TL6HOF,EMS,Altered mental status,19444,Whitemarsh,OLIVIA WAY & EVERGREEN LN,1,d0a3fbd4
TL6HTH,Fire,Vehicle fire,19003,Lower Merion,BLUEROUTE  & EMERGENCY CROSS OVER,1,7a078adc
TL6I6U,Traffic,Vehicle fire,19003,Lower Merion,BLUEROUTE  & EMERGENCY CROSS OVER,1,02a80e6a
TL6IVM,Traffic,Vehicle accident,19460,Upper Providence,GOLDFINCH CIR & BLACK ROCK RD,1,27b36c59
TL6JIG,EMS,CVA/stroke,19468,Royersford,CHURCH ST & N 7TH AVE,1,a42fb8d5
TL6JMB,Traffic,Vehicle accident,19462,Plymouth,PLYMOUTH RD & RITTENHOUSE SQ,1,d1e17f36
TL6JY9,Fire,Fire special service,19468,Royersford,CHURCH ST & N 7TH AVE,1,965ebdd7
TL6KB1,Fire,Electrical fire outside,19027,Cheltenham,RICHARDS RD & ASBURY AVE,1,b4fc9b7a
TL6KKI,EMS,Medical alert alarm,19438,Lower Salford,OAK DR & MAPLE AVE,1,864a95a4
TL6KUR,Traffic,Vehicle accident,19468,Royersford,NARCISSA RD & WALTON RD,1,2eba5bee
TL6KUR-1,Traffic,Vehicle accident,19422,Whitpain,STENTON AVE & NARCISSA RD,1,1fdce6b5
TL6L1U,EMS,Vehicle accident,19422,Whitpain,STENTON AVE & NARCISSA RD,1,fe99d7e3
TL6L9J,Fire,Vehicle accident,19422,Whitpain,STENTON AVE & NARCISSA RD,1,bbab0e79
TL6LBH,EMS,General weakness,19044,Horsham,WHITE BIRCH LN & TIMBER RD,1,dc0f1b8f
TL6LJW,Traffic,Vehicle accident,19096,Lower Merion,WYNNEWOOD RD & LANCASTER AVE,1,099ce9a6
TL6LMO,EMS,Hemorrhaging,19422,Whitpain,FETLOCK LN & FARM DR,1,7cbcf828
TL6LYZ,Traffic,Vehicle accident,19454,Montgomery,NORTH WALES RD & BETHLEHEM PIKE,1,03949458
TL6LZ8,EMS,Vehicle accident,19002,Montgomery,NORTH WALES RD,1,2743d74e
TL6MCB,Traffic,Vehicle accident,19031,Springfield,BETHLEHEM PIKE & SPRINGFIELD AVE,1,d725a79c
TL6MJQ,Fire,Building fire,19075,Springfield,ALLISON RD & GARTH RD,1,f8b5da77
TL6N2S,EMS,General weakness,19446,Towamencin,WOODLAWN DR & WALNUT LN,1,4c229ba7
TL6NMP,EMS,Seizures,19454,Horsham,HORSHAM RD & GREEN TREE TAVERN RD,1,a7238834
TL6NOB,EMS,Fall victim,19464,New Hanover,MOCK RD & YARNALL RD,1,6dd7fe8a
TL6NRF,Traffic,Road obstruction,19468,Limerick,RT422  & RAMP N LEWIS RD TO RT422 EB,1,07b36c8d
TL6NTT,EMS,Subject in pain,19090,Upper Moreland,FITZWATERTOWN RD & BARTRAM RD,1,3b59506c
TL6OF7,Traffic,Road obstruction,19454,Worcester,EXTENSION PENNSYLVANIA TPKE & DEKALB PIKE ACCESS GATE,1,a2858c47
TL6OWX,EMS,Subject in pain,19040,Upper Moreland,PENNYPACK CIR & HEATON RD,1,efcfacc7
TL6P24,EMS,Fall victim,19446,Montgomery,LAWN AVE & BONNIE LN,1,d0f2fb1d
TL6POG,EMS,Seizures,19002,Upper Dublin,SUSQUEHANNA RD & SPARK DR,1,7f41d124
TL6QD5,Traffic,Vehicle accident,18969,Franconia,ALLENTOWN RD & MORWOOD RD,1,15008ca1
TL6QJY,Fire,Vehicle accident,18964,Franconia,ALLENTOWN RD,1,948831b5
TL6QM1,EMS,Vehicle accident,18964,Franconia,ALLENTOWN RD,1,5f6d34a7
TL6QTI,Fire,Fire alarm,19440,Hatfield Township,BERGEY RD & PENN ST,1,b0a953c8
TL6QTJ,Traffic,Disabled vehicle,19446,Upper Gwynedd,MORRIS RD & S BROAD ST,1,1452fda6
TL6QTJ-1,Traffic,Disabled vehicle,19446,Upper Gwynedd,BROAD ST & HARTLEY DR,1,afa84c48
TL6QWX,Fire,Carbon monoxide detector,19444,Whitemarsh,KOTTLER DR & FOXWOOD CIR,1,0129751d
TL6QY5,EMS,Seizures,19096,Lower Merion,GARDEN RD & YARMOUTH RD,1,f54e27e1
TL6R7K,EMS,Unconscious subject,19406,Upper Merion,MONROE BLVD & S HENDERSON RD,1,b17aa9ce
TL6RAL,EMS,Subject in pain,19464,Pottstown,BEECH ST & JOHNSON ST,1,55efc94c
TL6RRX,EMS,Cardiac emergency,19468,Limerick,ENTERPRISE DR & S REED RD,1,62ea873a
TL6RTZ,EMS,Respiratory emergency,19038,Springfield,CROMWELL RD & PAPER MILL RD,1,9459e559
TL6RUX,Fire,Fire alarm,19027,Cheltenham,IRONWOOD CIR & LINDEN DR,1,465d3fd9
TL6SA8,EMS,Respiratory emergency,19406,Upper Merion,POWDERHORN RD & CONCORD CIR,1,454b53f7
TL6SB4,EMS,Syncopal episode,19454,Horsham,HORSHAM RD & GREEN TREE TAVERN RD,1,49cb8fca
TL6SD4,Traffic,Road obstruction,19403,Lower Providence,PAWLINGS RD & MILL RD,1,9a6ab9d2
TL6SGZ,EMS,General weakness,18964,Franconia,HARLEYSVILLE PIKE & COWPATH RD,1,ce63a59e
TL6SJS,EMS,Respiratory emergency,19505,Berks County,MULBERRY LN & WALNUT LN,1,67bebea3
TL6SQ7,EMS,Unknown medical emergency,19001,Abington,OLD YORK RD & HORACE AVE,1,1189773e
TL6SQW,Traffic,Road obstruction,19438,Lower Salford,MAIN ST & FREED RD,1,e43c8b78
TL6SR4,EMS,Respiratory emergency,19006,Bryn Athyn,BYBERRY RD & READING WAY,1,6f8bf526
TL6SRU,EMS,Subject in pain,19504,Douglass,CONGO NIANTIC RD & HOFFMAN RD,1,23d7da64
TL6ST1,EMS,Cardiac emergency,19446,Upper Gwynedd,SUMNEYTOWN PIKE & CHURCH RD,1,40ee47df
TL6SYZ,Traffic,Road obstruction,19006,Abington,OLIVER RD & WINGATE RD,1,13b1a8ce
TL6T15,EMS,Diabetic emergency,19401,East Norriton,SWEDE RD & WOODLYN AVE,1,12fad34c
TL6T4D,EMS,Cardiac emergency,19446,Lansdale,SPRING AVE & MAPLE AVE,1,22067d8a
TL6TC4,Fire,Fire alarm,19438,Towamencin,INDUSTRIAL BLVD & WAMBOLD RD,1,8127e51c
TL6U7S,EMS,Altered mental status,18969,Telford,CHURCH AVE & AUTUMN LEA CIR,1,35ed49fb
TL6UDP,EMS,Medical alert alarm,19464,Pottstown,BEECH ST & GABLE AVE,1,62999e4b
TL6UK8,Traffic,Vehicle accident,19002,Lower Gwynedd,MCKEAN RD & NORRISTOWN RD,1,12a60787
TL6UMA,Fire,Fire alarm,19010,Lower Merion,WOODLEAVE RD & PENNSTONE RD,1,647239a8
TL6UO3,EMS,Subject in pain,19006,Lower Moreland,SHELLEY RD & ANDREW RD,1,93c7fb21
TL6UTD,EMS,Hemorrhaging,19462,Whitemarsh,BLACK WALNUT LN & SPRING MILL RD,1,d85d2692
TL6UYP,Traffic,Vehicle accident,19034,Whitemarsh,PENNSYLVANIA AVE & SUMMIT AVE,1,c823ba7f
TL6UZZ,EMS,Seizures,19075,Springfield,PENNSYLVANIA AVE & APEL AVE,1,9b4ff663
TL6V56,EMS,Syncopal episode,18964,Franconia,SUMMIT ST & COLONIAL AVE,1,37677b57
TL6VBV,EMS,Unconscious subject,19027,Abington,TOWNSHIP LINE RD & CHURCH RD,1,f72af31f
TL6VES,Fire,Fire alarm,19473,Lower Frederick,GRIMLEY RD & LAUREEN RD,1,1825972f
TL6VFT,Traffic,Disabled vehicle,19126,Cheltenham,CHELTENHAM AVE & LAKESIDE AVE,1,2e7ffa74
TL6VOR,EMS,Cardiac emergency,19046,Abington,SUSQUEHANNA RD & HUNTINGDON RD,1,05311afe
TL6VSZ,EMS,Subject in pain,19403,East Norriton,TANGLEWOOD LN & SCHULTZ RD,1,2c789250
TL6VXV,Traffic,Vehicle accident,19004,Lower Merion,MONTGOMERY AVE & LLANDRILLO RD,1,f3c5113a
TL6W6F,EMS,Fall victim,18074,New Hanover,SNYDER RD & LITTLE RD,1,38018b85
TL6W75,Traffic,Vehicle accident,19046,Jenkintown,SUMMIT AVE & HIGHLAND AVE,1,fe0e7dd8
TL6WUG,EMS,Head injury,19525,Douglass,SWAMP PIKE & PATRICIA DR,1,080325d5
TL6WW7,Traffic,Vehicle accident,19012,Cheltenham,LEVIS RD & BONCOUER RD,1,d4ccfe29
TL6X3O,Traffic,Disabled vehicle,19006,Lower Moreland,WELSH RD & TERWOOD DR,1,f5696124
TL6X53,Traffic,Disabled vehicle,19087,Lower Merion,W MATSONFORD RD & W MONTGOMERY AVE,1,33c9eff3
TL6X6E,EMS,Respiratory emergency,19401,Norristown,LAFAYETTE ST & ROBERTS ALY,1,f44d3320
TL6X86,EMS,Respiratory emergency,19454,Upper Gwynedd,FARM LN & PEGGY LN,1,414c44eb
TL6X9L,Traffic,Vehicle accident,19464,Pottstown,BERKS ST & W HIGH ST,1,7f3b6a49
TL6XEH,EMS,Subject in pain,19401,East Norriton,DEKALB PIKE & W GERMANTOWN PIKE,1,922a24fe
TL6XEZ,EMS,Syncopal episode,19403,Lower Providence,SHANNONDELL DR & SHANNONDELL BLVD,1,883a2a8d
TL6XOK,EMS,Cardiac arrest,18964,Souderton,COUNTY LINE RD & E BROAD ST,1,1bff53a8
TL6XQZ,EMS,Seizures,19426,Perkiomen,REGENTS RD & YORKTOWN RD,1,96f4b357
TL6Y0D,Fire,Unknown type fire,19428,Conshohocken,FORREST ST,1,6e94f7d2
TL6Y0D-1,Fire,Unknown type fire,19405,Bridgeport,4TH ST & PROSPECT AVE,1,5eeafcb4
TL6Y90,EMS,Respiratory emergency,19518,Berks County,RANDOM RD & WESTIN RD,1,a2aead4b
TL6YD7,Traffic,Vehicle accident,19426,Upper Providence,TOWN CENTER DR & FRONT ST,1,78f6a3de
TL6YGC,EMS,CVA/stroke,19468,Limerick,ELIO CIR & N LIMERICK RD,1,a81d177f
TL6YII,Traffic,Vehicle accident,19031,Whitemarsh,BETHLEHEM PIKE & E VALLEY GREEN RD,1,e07605fc
TL6YKS,Traffic,Vehicle accident,19031,Whitemarsh,BETHLEHEM PIKE & E VALLEY GREEN RD,1,c2786d5b
TL6YMY,Traffic,Vehicle accident,19004,Lower Merion,UNION AVE & CONSHOHOCKEN STATE RD,1,6644a2b5
TL6YOO,Fire,Fire alarm,18915,Hatfield Township,BETHLEHEM PIKE & LENHART RD,1,39425dee
TL6YQA,EMS,Diabetic emergency,19405,Bridgeport,GROVE ST & OAK ALY,1,6c3a3a1b
TL6YUL,Traffic,Vehicle accident,19031,Springfield,PAPER MILL RD & HAWTHORNE LN,1,8f5cab8e
TL6Z08,EMS,Fracture,19446,Lansdale,CHERRY ST & CHURCH RD,1,eec3b987
TL6ZD7,Traffic,Vehicle accident,19440,Hatfield Township,COWPATH RD & ORVILLA RD,1,3141ff4c
TL6ZQE,Traffic,Vehicle accident,19464,West Pottsgrove,UPLAND SQUARE DR & SELL RD,1,505c8773
TL6ZZV,EMS,Cardiac emergency,19438,Lower Salford,MAIN ST & OLD SUMNEYTOWN PIKE,1,646fb87a
TL702T,Fire,Electrical fire outside,19462,Plymouth,PLYMOUTH RD,1,3de4e8e4
TL702T-1,Fire,Electrical fire outside,19462,Plymouth,PLYMOUTH RD & GREEN VIEW CT,1,a36de699
TL702T-2,Fire,Building fire,19462,Plymouth,BELVOIR RD & PARK DR,1,7d70c5ee
TL7046,EMS,Respiratory emergency,19446,Lansdale,2ND ST & N MITCHELL AVE,1,9552268b
TL70DK,Fire,Electrical fire outside,19403,East Norriton,BARBARA DR & DENISE RD,1,7006b3c8
TL70L6,EMS,Building fire,19462,Plymouth,PLYMOUTH RD & GREEN VIEW CT,1,2763b374
TL70NE,EMS,Cardiac emergency,19438,Towamencin,TOWAMENCIN AVE & SUMNEYTOWN PIKE,1,d6923e5d
TL70OH,Fire,Fire alarm,18964,Franconia,LOWER RD & FORMAN RD,1,72b02bd0
TL70SC,Traffic,Vehicle accident,19401,Norristown,HIGH ST & MOORE ST,1,dd26b4ba
TL70VF,Fire,Carbon monoxide detector,19027,Cheltenham,SPRING AVE & ASHBOURNE RD,1,3bcf2008
TL715G,Traffic,Disabled vehicle,19006,Upper Moreland,BYBERRY RD & PIONEER RD,1,e3ebba80
TL71CJ,EMS,Fall victim,19468,Limerick,CARVER LN & VILLAGE WAY,1,4b5f7a36
TL71S7,EMS,Cardiac emergency,19401,Norristown,GEORGE ST & W BLACKBERRY ALY,1,67a95d3c
TL71XK,EMS,Respiratory emergency,19446,Lansdale,PERKIOMEN AVE & S MITCHELL AVE,1,d29340ff
TL71ZU,Fire,Fire alarm,19446,Lansdale,PENN ST & PARK DR,1,c74cb9dc
TL723W,EMS,Medical alert alarm,19438,Franconia,MAPLE AVE & YODER RD,1,12df1b1f
TL726E,Traffic,Vehicle accident,19525,Douglass,PHILADELPHIA AVE & CONGO RD,1,b7a6c376
TL727N,EMS,Hemorrhaging,19446,Lansdale,YORK AVE & S RICHARDSON AVE,1,d8ee3249
TL72C1,EMS,Diabetic emergency,19454,Montgomery,WILLOW LN & SPRINGHOUSE CT,1,29ec372c
TL72GU,EMS,Diabetic emergency,19468,Limerick,LEWIS RD & SAND TRAP DR,1,67b84a54
TL72NO,Traffic,Vehicle accident,19468,Limerick,KUGLER RD & HUNTER LN,1,0204df6a
TL72PG,Traffic,Vehicle accident,19406,Upper Merion,VALLEY FORGE PARK RD & COUNTY LINE RD,1,d4f0847c
TL72PI,Traffic,Vehicle accident,19406,Upper Merion,VALLEY FORGE PARK RD & COUNTY LINE RD,1,e0f81b3a
TL72RZ,EMS,Cardiac arrest,19090,Upper Moreland,EASTON RD & CEDAR AVE,1,8421fe91
TL72TS,Fire,Fire alarm,19027,Abington,TOWNSHIP LINE RD & ROLLING HILL RD,1,f3d783d0
TL72UE,Traffic,Vehicle accident,19038,Cheltenham,LIMEKILN PIKE & W CHURCH RD,1,9f818844
TL72WT,Traffic,Vehicle accident,19428,Plymouth,RIDGE PIKE & BUTLER PIKE,1,9d727c1c
TL7348,EMS,Choking,19403,Lower Providence,SHANNONDELL DR & SHANNONDELL BLVD,1,11b609de
TL737J,EMS,Allergic reaction,19002,Lower Gwynedd,WELSH RD & DARDEN DR,1,24904851
TL738K,Traffic,Vehicle accident,19403,Lower Providence,TROOPER RD & TURN LANE,1,33d64930
TL73CO,Traffic,Vehicle accident,19010,Lower Merion,MATSONS FORD RD & S COUNTY LINE RD,1,e1870ad1
TL73DU,Traffic,Vehicle accident,19403,Worcester,POTSHOP RD & N TROOPER RD,1,851e38a7
TL73IP,EMS,CVA/stroke,19428,Bridgeport,DEPOT ST & RAILROAD ST,1,69e871f8
TL73KH,Fire,Fire alarm,18936,Montgomery,PROGRESS DR & KEYSTONE DR,1,a5b5599f
TL73RP,EMS,Seizures,19525,Douglass,VIRMAY DR & S WERSTLER AVE,1,a8d93ac1
TL73YT,Traffic,Vehicle accident,19446,Hatfield Township,COWPATH RD & N BROAD ST,1,a2835b32
TL740Q,Fire,Fire alarm,19066,Lower Merion,OLD LANCASTER RD & EDGEHILL RD,1,2c50472c
TL7432,EMS,Fall victim,19444,Whitemarsh,RIDGE PIKE & BARREN HILL RD,1,7501dff2
TL748F,Traffic,Road obstruction,19428,Conshohocken,9TH AVE & WELLS ST,1,fe2e855e
TL74CR,Traffic,Vehicle accident,19405,Bridgeport,W 4TH ST & DEKALB ST,1,f098ff4f
TL74I0,Fire,Fire alarm,19044,Horsham,HORSHAM RD & NORRISTOWN RD,1,23b5d0dd
TL74N7,EMS,Unresponsive subject,19464,Pottstown,QUEEN ST & MONTGOMERY ST,1,0e970559
TL750N,Fire,Fire alarm,19473,Lower Salford,BERGEYS MILL RD & CROSS RD,1,9d204e5d
TL751E,Fire,Electrical fire outside,19040,Upper Moreland,DOROTHY ST & CASTELLO AVE,1,286ffa62
TL753V,Traffic,Road obstruction,19027,Cheltenham,JUNIPER AVE & OLD YORK RD,1,97c61219
TL755B,Traffic,Disabled vehicle,19046,Jenkintown,YORK RD & GREENWOOD AVE,1,41a15010
TL7578,Fire,Fire alarm,19428,Plymouth,NORTH LN & MONSIGNOR DR,1,54a7b0f6
TL758W,Fire,Electrical fire outside,18054,Marlborough,HOPPENVILLE RD & REIHMAN RD,1,fba8c652
TL75H7,EMS,Cardiac emergency,19044,Horsham,JACK LADDER CIR & LOG POND DR,1,2572d086
TL75HF,Traffic,Disabled vehicle,19151,Lower Merion,E LANCASTER AVE & CHURCH RD,1,d954fed1
TL75IC,Fire,Building fire,19040,Upper Moreland,EBERLY ST & CASTELLO AVE,1,fc751cca
TL75JW,EMS,Head injury,19426,Collegeville,8TH AVE & CHESTNUT ST,1,43e4d8a1
TL75OC,EMS,Seizures,19525,Douglass,VIRMAY DR & S WERSTLER AVE,1,7b34167f
TL75QS,EMS,General weakness,19426,Lower Providence,RIDGE PIKE & GERMANTOWN PIKE,1,1bc2d06c
TL75TE,Traffic,Hazardous road conditions,19041,Lower Merion,GRAYS LN & MILL CREEK RD,1,787af71c
TL75TG,EMS,Head injury,19401,Norristown,PINE ST & W ROBERTS ST,1,bc05c018
TL75UK,EMS,Altered mental status,19446,Worcester,SKIPPACK PIKE & MEADOWOOD DR,1,fa0c1a48
TL75VY,EMS,Fall victim,19525,New Hanover,RHOADS RD & COURTSIDE AVE,1,bac889b1
TL761I,EMS,Maternity,19003,Lower Merion,LANCASTER AVE & CHATHAM RD,1,841cf431
TL7644,Fire,Fire alarm,19401,Norristown,NOBLE ST & W LAFAYETTE ST,1,0c693c60
TL765C,Fire,Electrical fire outside,19464,Pottstown,HIGH ST & N BAILEY ST,1,7bded2c9
TL76CP,Fire,Gas-odor/leak,19006,Lower Moreland,BYBERRY RD,1,e05a0987
TL76DZ,Traffic,Vehicle accident,19003,Lower Merion,BLUEROUTE  & EMERGENCY CROSS OVER,1,a0f2bf75
TL76GE,Fire,Fire special service,19012,Cheltenham,RYERS AVE & MYRTLE AVE,1,63fba3d7
TL76NI,EMS,Subject in pain,19464,Pottstown,HIGH ST & S FRANKLIN ST,1,111c8ee4
TL76P1,EMS,Overdose,19464,Pottstown,KING ST & N EVANS ST,1,0cae3ff3
TL76PU,Fire,Fire alarm,19492,Upper Frederick,LAVENDER LN & DOGWOOD CT,1,6f702010
TL76Z7,EMS,Subject in pain,19468,Limerick,AZALEA CIR & LAUREL DR,1,0682e3cd
TL76ZM,Traffic,Vehicle accident,19010,Lower Merion,BRYN MAWR AVE & OLD LANCASTER RD,1,8f0af520
TL76ZS,Fire,Fire alarm,19406,Upper Merion,DEKALB PIKE & N HENDERSON RD,1,1f237add
TL774V,EMS,Subject in pain,19504,Douglass,HOFFMANSVILLE RD & SASSAMANSVILLE RD,1,7668e6cc
TL775X,Traffic,Vehicle accident,19401,Norristown,SANDY ST & KELLY DR,1,c5f6bb8c
TL778B,Traffic,Vehicle accident,19446,Upper Gwynedd,MORRIS RD & WEST POINT PIKE,1,e89b2ce0
TL779L,Fire,Vehicle accident,18936,Montgomery,BETHLEHEM PIKE & STUMP RD,1,73260110
TL779P,EMS,Vehicle accident,18936,Montgomery,BETHLEHEM PIKE & STUMP RD,1,79dd44ac
TL77BP,EMS,Vehicle accident,19446,Upper Gwynedd,MORRIS RD,1,beaca398
TL77C8,Traffic,Vehicle accident,18936,Montgomery,BETHLEHEM PIKE & STUMP RD,1,82fdd3c1
TL77EW,EMS,Fall victim,19446,Towamencin,ALLENTOWN RD & WOODLAWN DR,1,febc3763
TL77IA,Traffic,Hazardous road conditions,19401,Norristown,MAIN ST & GAY ST,1,0b0b0997
TL77MO,Fire,Fire investigation,19401,Norristown,WILLOW ST & E WOOD ST,1,16076ffb
TL77UW,Traffic,Vehicle accident,19046,Jenkintown,YORK RD & GREENWOOD AVE,1,d98aeef2
TL7817,Traffic,Road obstruction,19027,Abington,TOWNSHIP LINE RD & THOMSON RD,1,ccc3e52c
TL786C,EMS,Fall victim,19444,Whitemarsh,RIDGE PIKE & BARREN HILL RD,1,0b414a51
TL78AZ,Traffic,Hazardous road conditions,19403,Lower Providence,VAN BUREN AVE & ADAMS AVE,1,76c30d69
TL78E8,Traffic,Disabled vehicle,19038,Springfield,GRAVERS LN & ARDMORE AVE,1,c0e7817f
TL78HZ,Traffic,Vehicle accident,19428,Plymouth,RIDGE PIKE & COLWELL LN,1,c115d2fd
TL78JI,Traffic,Road obstruction,19006,Bryn Athyn,CATHEDRAL RD & HUNTINGDON PIKE,1,bf9a49ac
TL78JV,Fire,Building fire,19072,Narberth,HAVERFORD AVE & FORREST AVE,1,11f71392
TL78MD,EMS,General weakness,19454,Montgomery,HIGHLAND CT & BENT PINE HL,1,6fdbeb8d
TL78NM,Traffic,Road obstruction,19002,Lower Gwynedd,EVANS RD & SUMNEYTOWN PIKE,1,5a2ce004
TL78NZ,EMS,Cardiac emergency,19464,Pottstown,JEFFERSON AVE & N FRANKLIN ST,1,7803e166
TL78OK,Traffic,Disabled vehicle,19468,Upper Providence,RIDGE PIKE & KLINE RD,1,1df23785
TL78QQ,Traffic,Road obstruction,19401,Norristown,MARSHALL ST & SELMA ST,1,5dbfab8b
TL78V1,EMS,Cardiac arrest,19446,Lansdale,MAIN ST & N BROAD ST,1,91c20ade
TL790A,Traffic,Hazardous road conditions,19075,Upper Dublin,E PENNSYLVANIA AVE & MILL RD,1,b159a735
TL793Y,Traffic,Vehicle accident,19446,Towamencin,FORTY FOOT RD & WELSH RD,1,6cd404c7
TL797P,Traffic,Road obstruction,19426,Skippack,ANDERS RD & STUMP HALL RD,1,3ca7ad09
TL79AA,Traffic,Hazardous road conditions,19428,Plymouth,BROOK RD & T BLVD,1,f1fa0133
TL79AA-1,Traffic,Hazardous road conditions,19428,Plymouth,BROOK RD & COLWELL LN,1,a169a823
TL79C6,Traffic,Hazardous road conditions,18944,Lower Providence,PARK AVE & SHANNONDELL BLVD,1,9103b180
TL79DC,Traffic,Vehicle accident,19446,Towamencin,FORTY FOOT RD & WELSH RD,1,1f632fc1
TL79F3,Traffic,Vehicle accident,19002,Lower Gwynedd,RT309 EXPY & RAMP RT309 SB TO NORRISTOWN RD,1,c95219c8
TL79GM,Traffic,Vehicle accident,19002,Lower Gwynedd,RT309 EXPY & RAMP RT309 SB TO NORRISTOWN RD,1,b76b0fa2
TL79JR,Fire,Fire alarm,19462,Plymouth,GERMANTOWN PIKE & LAUNFALL RD,1,b4da86ff
TL79L3,EMS,Allergic reaction,19464,Lower Pottsgrove,HIGH ST & BROWN ST,1,f385573f
TL79LY,Fire,Fire investigation,19001,Abington,BLUE JAY RD & THUNDERHEAD RD,1,2622aced
TL79M5,Traffic,Vehicle accident,19095,Cheltenham,WALL PARK DR & W CHURCH RD,1,3415f01b
TL79PO,Traffic,Vehicle accident,19090,Horsham,EASTON RD & BLAIR MILL RD,1,1e6e6f28
TL79RW,EMS,Respiratory emergency,19440,Hatfield Township,PINEWOOD CIR & GROVE AVE,1,714282d5
TL7A1E,Fire,Building fire,19038,Abington,MT CARMEL AVE & MAPLE AVE,1,17b3ec40
TL7A3K,Traffic,Disabled vehicle,19006,Lower Moreland,WELSH RD & TERWOOD DR,1,67792eed
TL7A3Q,Traffic,Disabled vehicle,19035,Lower Merion,CONSHOHOCKEN STATE RD & MILL CREEK RD,1,3db53dcf
TL7A3S,Traffic,Hazardous road conditions,19038,Upper Dublin,S LIMEKILN PIKE & VANCE DR,1,265448ff
TL7A56,Fire,Elevator emergency,19401,Norristown,AIRY ST & MAPLE ALY,1,e6589c46
TL7A72,Traffic,Road obstruction,19426,Upper Providence,S TRAPPE RD & PAPERBIRCH DR,1,cb316c15
TL7A7A,Fire,Electrical fire outside,19038,Abington,LIMEKILN PIKE & CRICKET AVE,1,b2623344
TL7ACG,Traffic,Road obstruction,19403,West Norriton,WILLOWBROOK DR & MILL RD,1,a125629b
TL7ACZ,EMS,Head injury,19405,Bridgeport,GREEN ST & W 6TH ST,1,4e025ceb
TL7ADS,EMS,Medical alert alarm,19403,Lower Providence,MARY BELL RD & BUCKWALTER RD,1,fa2901a5
TL7AEC,Traffic,Vehicle accident,19438,Lower Salford,MAIN ST & STOVER RD,1,d88afa8d
TL7AEL,EMS,Diabetic emergency,19454,Montgomery,BETHLEHEM PIKE & NORTH WALES RD,1,1712e9d6
TL7AHP,Traffic,Hazardous road conditions,19426,Lower Providence,LEVEL RD & STELLAS WAY,1,d605bfbb
TL7AIS,Traffic,Vehicle accident,19454,Montgomery,NORTH WALES RD & BETHLEHEM PIKE,1,cea6bb50
TL7AJ6,EMS,Seizures,19012,Cheltenham,CHELTENHAM AVE & 7 OAKS DR,1,36f7d04d
TL7AKA,Traffic,Vehicle accident,18936,Montgomery,BETHLEHEM PIKE & STUMP RD,1,449cac7f
TL7AM0,Traffic,Road obstruction,19462,Plymouth,SIERRA RD & W GERMANTOWN PIKE,1,f01c01bf
TL7ANH,EMS,Fall victim,19002,Upper Dublin,ADAMS WAY & HONEY RUN RD,1,1e504944
TL7ARQ,EMS,Vehicle accident,19401,Norristown,MOORE ST,1,f348e8c1
TL7ASB,Traffic,Disabled vehicle,19027,Cheltenham,COVENTRY AVE & NEW SECOND ST,1,3d119ac2
TL7AU6,Traffic,Vehicle accident,19401,Norristown,MOORE ST & WALNUT ST,1,b9a283bb
TL7AXG,Traffic,Hazardous road conditions,19473,Upper Frederick,NEIFFER RD & SWAMP CREEK RD,1,616ce244
TL7AXL,EMS,Fall victim,19438,Lower Salford,CREEKVIEW DR & DOE RUN RD,1,a940f9eb
TL7AYD,Fire,Electrical fire outside,19446,Lansdale,DELAWARE AVE & S VALLEY FORGE RD,1,54e50c1b
TL7AYD-1,Fire,Electrical fire outside,19446,Lansdale,VALLEY FORGE RD & W MT VERNON ST,1,a6e9ffa8
TL7AZ7,Fire,Vehicle accident,19468,Limerick,RT422  & RAMP RT422 EB TO TOWNSHIP LINE RD,1,0ab9bbcb
TL7AZM,EMS,Vehicle accident,19468,Limerick,RT422  & RAMP RT422 EB TO TOWNSHIP LINE RD,1,cfcb5ccf
TL7AZT,Traffic,Road obstruction,19473,Lower Frederick,NEIFFER RD & GREBE RD,1,35a881e4
TL7B0J,Traffic,Vehicle fire,19004,Lower Merion,RAMP I76 WB TO BELMONT AVE & BELMONT AVE,1,4a566f22
TL7B28,Traffic,Vehicle fire,19004,Lower Merion,RAMP I76 WB TO BELMONT AVE & BELMONT AVE,1,a8157b82
TL7B65,Traffic,Hazardous road conditions,19038,Upper Dublin,S LIMEKILN PIKE & FITZWATERTOWN RD,1,a867f9e3
TL7B6A,EMS,Lacerations,19462,Whitemarsh,BUTLER PIKE & GERMANTOWN PIKE,1,b6065ba1
TL7B8C,Fire,Fire alarm,19090,Abington,GOHN DR & FITZWATERTOWN RD,1,410c71c7
TL7BBX,Traffic,Hazardous road conditions,19044,Horsham,W COUNTY LINE RD & KEITH VALLEY RD,1,34673a5f
TL7BCV,Traffic,Disabled vehicle,19406,Upper Merion,VALLEY CREEK RD & VALLEY FORGE RD,1,0eb1b2a3
TL7BD5,Traffic,Disabled vehicle,19406,Upper Merion,VALLEY CREEK RD & VALLEY FORGE RD,1,3445bba4
TL7BLI,Traffic,Hazardous road conditions,19406,Upper Merion,VALLEY FORGE PARK RD & GULPH RD,1,fb262c3a
TL7BLP,Traffic,Hazardous road conditions,19406,Upper Merion,VALLEY FORGE PARK RD & GULPH RD,1,b1e6a293
TL7BT8,EMS,Dizziness,19040,Upper Moreland,DAVISVILLE RD & PENNYPACK RD,1,b17ab180
TL7BUP,Fire,Electrical fire outside,19034,Springfield,PENNSYLVANIA AVE & CAMP HILL RD,1,77a66f24
TL7BVO,EMS,Subject in pain,18964,Franconia,SUMMIT ST & COLONIAL AVE,1,38c66bc7
TL7C7O,Traffic,Vehicle accident,19512,Douglass,SWINEHART RD & MILL ST,1,c677700c
TL7C7W,Traffic,Hazardous road conditions,19006,Lower Moreland,RED LION RD & PINE RD,1,e8db5d06
TL7C85,Fire,Electrical fire outside,19428,Conshohocken,FAYETTE ST & E 1ST AVE,1,7ce8f58d
TL7C8P,Traffic,Road obstruction,19426,Upper Providence,ASHENFELTER RD & TROUTMAN RD,1,a96dc8db
TL7CB3,EMS,Head injury,19446,Worcester,SKIPPACK PIKE & MEADOWOOD DR,1,46ee8147
TL7CFS,Traffic,Road obstruction,19438,Towamencin,METZ RD & KERR RD,1,e2c74322
TL7CI5,Fire,Vehicle fire,19006,Lower Moreland,WELSH RD & WALTON RD,1,2df205ad
TL7CIT,Traffic,Vehicle fire,19006,Lower Moreland,WELSH RD & WALTON RD,1,a39d3b5d
TL7CLY,EMS,Unconscious subject,19038,Cheltenham,GENERAL PATTERSON DR & WAVERLY RD,1,d941a39b
TL7CNV,Traffic,Vehicle accident,19406,Upper Merion,CROOKED LN & BARNES AVE,1,4ff04f45
TL7CSD,Fire,Fire police needed,19006,Lower Moreland,RED LION RD,1,0791dde5
TL7CTU,EMS,Respiratory emergency,19401,Norristown,ARCH ST & E FREEDLEY ST,1,9d456972
TL7CWR,Fire,Fire alarm,19446,Lansdale,PENN ST & PARK DR,1,8632d72e
TL7D1E,Fire,Fire alarm,19438,Lower Salford,MAIN ST & OLD SUMNEYTOWN PIKE,1,78c3c87c
TL7D39,Fire,Electrical fire outside,19406,Upper Merion,CAMBRIDGE RD & DARTMOUTH DR,1,945b27ba
TL7D4E,Traffic,Road obstruction,19038,Abington,ROBERTS AVE & WELDON AVE,1,871790f8
TL7D4W,Traffic,Hazardous road conditions,19040,Upper Moreland,BYBERRY RD & MASONS MILL RD,1,0d8b5f96
TL7D5V,Fire,Fire alarm,19010,Lower Merion,BRYN MAWR AVE & W LANCASTER AVE,1,a79a70c7
TL7DAL,Traffic,Disabled vehicle,19040,Horsham,EASTON RD & W COUNTY LINE RD,1,bab5acda
TL7DAN,Traffic,Hazardous road conditions,19426,Lower Providence,RIDGE PIKE & CROSSKEYS RD,1,55d5a7bc
TL7DL3,EMS,Fall victim,19460,Upper Providence,AMANDA LN & SCARLET OAK DR,1,639e328b
TL7DX2,Traffic,Vehicle accident,19440,Hatfield Township,BETHLEHEM PIKE & TREWIGTOWN RD,1,06c40e59
TL7DXH,Fire,Fire alarm,18964,Franconia,SCHOOLHOUSE RD & CASSELL RD,1,dd87f049
TL7DXR,Traffic,Vehicle accident,19422,Whitpain,DEKALB PIKE & YOST RD,1,f78e7032
TL7E16,Traffic,Hazardous road conditions,19454,Montgomery,DEKALB PIKE & BETHLEHEM PIKE,1,6dd3a906
TL7E16-1,Traffic,Hazardous road conditions,19454,Montgomery,RT202 PKWY CONNECTOR RAMP & GARDEN GOLF BLVD,1,01c2664a
TL7E1T,EMS,Head injury,19446,Upper Gwynedd,SUMNEYTOWN PIKE & CHURCH RD,1,9678b99e
TL7E2L,Traffic,Road obstruction,19426,Collegeville,8TH AVE & SCHOOL ST,1,22cb4d95
TL7E58,EMS,Altered mental status,18964,Souderton,COUNTY LINE RD & E BROAD ST,1,313e0192
TL7EFR,EMS,Cardiac emergency,19003,Lower Merion,LANCASTER AVE & CHATHAM RD,1,281ea396
TL7EH3,EMS,Cardiac emergency,19464,West Pottsgrove,PULASKI ST & GLASGOW ST,1,33c319d1
TL7EJ4,Traffic,Disabled vehicle,19085,Lower Merion,CONSHOHOCKEN STATE RD & SPRING MILL RD,1,003dbc97
TL7ELD,Traffic,Vehicle accident,19512,Douglass,RICK RD & HILLSIDE DR,1,96e93bd1
TL7EN5,Traffic,Hazardous road conditions,18944,Lower Providence,PARK AVE & SHANNONDELL BLVD,1,e7b39491
TL7EQY,Traffic,Road obstruction,18074,New Hanover,DEEP CREEK RD & EICHELE RD,1,0fa5f5fb
TL7ESK,Traffic,Vehicle accident,19004,Lower Merion,CONSHOHOCKEN STATE RD & LLANDRILLO RD,1,3fe9dc2e
TL7ETH,EMS,Overdose,19403,West Norriton,CANTERBURY RD & YORKTOWN N,1,327cfc2f
TL7EWM,Traffic,Vehicle accident,19462,Plymouth,PLYMOUTH RD & RAMP I276 TO PLYMOUTH RD,1,1b32907e
TL7F1D,Traffic,Road obstruction,19087,Chester County,YELLOW SPRINGS RD & VALLEY CREEK RD,1,750921ec
TL7F2H,EMS,Unconscious subject,19038,Springfield,STENTON AVE & E EVERGREEN AVE,1,c153e0b8
TL7F71,Traffic,Disabled vehicle,19462,Plymouth,CHEMICAL RD & METROPLEX BLVD,1,66681817
TL7FBV,EMS,Vehicle accident,19462,Plymouth,PLYMOUTH RD,1,d7496bb6
TL7FGF,Traffic,Road obstruction,19446,Worcester,WEBER RD & CURTIS LN,1,6317f699
TL7FP2,Fire,Fire investigation,19403,East Norriton,MANCHESTER RD & BARBARA DR,1,66976e88
TL7FWF,Traffic,Disabled vehicle,19085,Lower Merion,CONSHOHOCKEN STATE RD & SPRING MILL RD,1,cc22921d
TL7G1C,Traffic,Disabled vehicle,19001,Abington,OLD YORK RD & HORACE AVE,1,abef84c2
TL7GB7,Fire,Fire investigation,19046,Jenkintown,YORK RD & HILLSIDE AVE,1,bbe4f8b9
TL7GHH,EMS,Unconscious subject,19464,Pottstown,CHESTNUT ST & N YORK ST,1,530d8196
TL7GJ6,Traffic,Disabled vehicle,19034,Whitemarsh,JOSHUA RD & MILITIA HILL RD,1,cde69d4f
TL7GLN,Traffic,Disabled vehicle,19464,Lower Pottsgrove,N CHARLOTTE ST & BLEIM RD,1,c85868d7
TL7GP4,Traffic,Vehicle accident,19406,Upper Merion,E DEKALB PIKE & SAULIN BLVD,1,245623e3
TL7GPR,EMS,Hemorrhaging,19454,Horsham,HORSHAM RD & GREEN TREE TAVERN RD,1,5531a510
TL7GRG,Fire,Fire alarm,19046,Abington,OLD YORK RD & E TOWNSHIP LINE RD,1,eb1556e0
TL7GU2,Traffic,Disabled vehicle,19464,Lower Pottsgrove,N CHARLOTTE ST & BLEIM RD,1,47378a59
TL7GXR,EMS,EMS special service,19473,Skippack,BRIDGE RD & SERENDIPITY WAY,1,319505f3
TL7GY6,Traffic,Road obstruction,19464,Upper Pottsgrove,YARNALL RD & MAUGERS MILL RD,1,15cc7d0a
TL7GYN,Traffic,Disabled vehicle,19464,Pottstown,RT100 NB & SHOEMAKER RD,1,ea871715
TL7HA0,Fire,Fire alarm,19085,Lower Merion,BRYNLLAWN RD & RED ROSE LN,1,c6ed1efa
TL7HB5,Fire,Fire alarm,19464,Pottstown,CHARLOTTE ST & EAST ST,1,e46b7076
TL7HDY,EMS,Altered mental status,19464,Pottstown,ROBINSON ST & TUCKER CT,1,efda00a9
TL7HFO,Traffic,Disabled vehicle,19464,Upper Pottsgrove,N STATE ST & FARMINGTON AVE,1,15f5097a
TL7HUX,EMS,Cardiac arrest,19040,Upper Moreland,NEWINGTON DR & BROADWAY AVE,1,b7523498
TL7HV2,Traffic,Hazardous road conditions,19525,New Hanover,NEW RD & NEW HANOVER SQUARE RD,1,40dd0b01
TL7HWX,Fire,Fire investigation,19040,Hatboro,YORK RD & SCHOOL RD,1,0b2e46e6
TL7I4J,Traffic,Disabled vehicle,19085,Lower Merion,CONSHOHOCKEN STATE RD & SPRING MILL RD,1,34e9e96d
TL7I4J-1,Traffic,Disabled vehicle,19035,Lower Merion,CONSHOHOCKEN STATE RD & PAGE TER,1,d790e49f
TL7IGC,Traffic,Road obstruction,19025,Upper Dublin,WELSH RD & DRESHER RD,1,b34a79c7
TL7IGC-1,Traffic,Road obstruction,19002,Upper Dublin,WELSH RD & TERRACE DR,1,651a6dcb
TL7IIH,Traffic,Road obstruction,19025,Upper Dublin,WELSH RD & DRESHER RD,1,eaf68028
TL7IIH-1,Traffic,Road obstruction,19002,Upper Dublin,WELSH RD & TERRACE DR,1,9cc6742c
TL7IJK,Traffic,Disabled vehicle,19454,Montgomery,WELSH RD & STUMP RD,1,30759618
TL7IJK-1,Traffic,Disabled vehicle,19454,Lower Gwynedd,ROSE LN & W WELSH RD,1,f60d2279
TL7INI,Traffic,Vehicle accident,19454,North Wales,N MAIN ST & BEAVER ST,1,c2624bd5
TL7INL,Traffic,Road obstruction,19426,Upper Providence,MENNONITE RD & CONSTITUTION DR,1,73290c00
TL7IPZ,Fire,Elevator emergency,19401,Norristown,DEKALB ST & E FORNANCE ST,1,3d9e3133
TL7IRB,Fire,Fire alarm,19003,Lower Merion,ST GEORGES RD & COULTER AVE,1,aac0da24
TL7ISD,EMS,Medical alert alarm,19403,Lower Providence,SHANNONDELL DR & SHANNONDELL BLVD,1,b205c575
TL7IV4,Traffic,Vehicle accident,19406,Upper Merion,E DEKALB PIKE & BORO LINE RD,1,ab857e24
TL7IVU,Traffic,Disabled vehicle,19034,Whitemarsh,MILITIA HILL RD & STENTON AVE,1,183bb6b9
TL7IW3,Traffic,Vehicle accident,19464,Pottstown,QUEEN ST & S KEIM ST,1,92b14157
TL7IZO,Traffic,Disabled vehicle,19454,Lower Gwynedd,ROSE LN & W WELSH RD,1,fa963f56
TL7J6E,EMS,Hemorrhaging,19464,Pottstown,HIGH ST & S WASHINGTON ST,1,5a88b1b1
TL7J8B,EMS,Cardiac emergency,19525,Douglass,PHILADELPHIA AVE & CONGO RD,1,4f9e11a5
TL7JGC,Traffic,Hazardous road conditions,18944,Lower Providence,PARK AVE & SHANNONDELL BLVD,1,eda7a7fa
TL7JGN,Traffic,Disabled vehicle,19006,Lower Moreland,RED LION RD & PHILMONT AVE,1,8f598a60
TL7JP8,Fire,Electrical fire outside,19403,West Norriton,SCHOOL LN & KESWICK WAY,1,d0521d3e
TL7JT8,Traffic,Vehicle accident,19473,Skippack,BRIDGE RD & MENSCH RD,1,492f06ca
TL7JVB,Traffic,Vehicle accident,19403,West Norriton,WHITEHALL RD & WILLIAMS WAY,1,23436423
TL7K3Q,EMS,Head injury,19446,Lansdale,BROAD ST & E 6TH ST,1,ccc1a645
TL7K50,EMS,Head injury,19475,Chester County,CLOVER HILL LN & FIELDVIEW DR,1,5a8d6677
TL7K6B,Fire,Carbon monoxide detector,19446,Upper Gwynedd,HORSESHOE CURVE DR & STATION SQUARE BLVD,1,1c8bac8d
TL7K8P,Traffic,Vehicle accident,19041,Lower Merion,W MONTGOMERY AVE & WOODSIDE RD,1,05ee4280
TL7KBC,Traffic,Vehicle accident,19422,Whitpain,TOWNSHIP LINE RD & DEKALB PIKE,1,734a8ab9
TL7KC5,Fire,Fire investigation,19401,Norristown,NOBLE ST & W LAFAYETTE ST,1,b29938e4
TL7KGK,Traffic,Vehicle accident,19040,Hatboro,JAMES RD & N YORK RD,1,55cbc4f2
TL7KH2,EMS,Syncopal episode,19468,Limerick,FOXCROFT CIR & FOXMEADOW DR,1,d77f02c2
TL7KOL,EMS,Altered mental status,19027,Abington,TOWNSHIP LINE RD & CHURCH RD,1,651717b0
TL7KRM,Traffic,Road obstruction,19403,Worcester,W TOWNSHIP LINE RD & POTSHOP RD,1,0753bdb5
TL7KRO,Traffic,Road obstruction,19403,Worcester,W TOWNSHIP LINE RD & POTSHOP RD,1,8e69f937
TL7KXO,Fire,Fire alarm,19464,Pottstown,WOODLAND AVE & S HILLS BLVD,1,ca21c7ef
TL7KYH,Traffic,Disabled vehicle,19464,Upper Pottsgrove,N STATE ST & FARMINGTON AVE,1,3128fe24
TL7L44,EMS,Cardiac arrest,19006,Lower Moreland,WALSH LN & DOGWOOD LN,1,78d7b019
TL7L5N,Fire,Building fire,19085,Lower Merion,BRYNLLAWN RD & RED ROSE LN,1,d80c8486
TL7L5W,Traffic,Road obstruction,19426,Worcester,GRANGE AVE & WATER ST,1,6fb89986
TL7L8G,Fire,Cardiac arrest,19006,Lower Moreland,WALSH LN & DOGWOOD LN,1,2d60164e
TL7LMD,EMS,Abdominal pains,19403,West Norriton,UPPER FARM RD & BEECH DR,1,4e3b1271
TL7LMD-1,EMS,Abdominal pains,19403,West Norriton,UPPER FARM RD & BEECH DR,1,4e3b1271
TL7LMD-2,EMS,Abdominal pains,19403,Norristown,CIRCLE DR & LOWER FARM RD,1,ea1ee770
TL7LOF,Traffic,Hazardous road conditions,19464,Lower Pottsgrove,BROOKWOOD DR & KEPLER RD,1,8cbaf109
TL7LR2,Fire,Fire alarm,19004,Lower Merion,LLANDRILLO RD & CLWYD RD,1,1b69d8d7
TL7LTN,EMS,Fall victim,19044,Upper Moreland,BLAIR MILL RD & W MORELAND AVE,1,1146e36b
TL7LZ6,Fire,Fire alarm,19095,Cheltenham,WASHINGTON LN & CURTIS PARK DR,1,7b2fed80
TL7M4O,Traffic,Hazardous road conditions,19034,Whitemarsh,CAMP HILL RD & BETHLEHEM PIKE,1,0baa452c
TL7M9E,Traffic,Vehicle accident,19464,Pottstown,CHESTNUT ST & N CHARLOTTE ST,1,621d12b8
TL7MBU,Traffic,Vehicle accident,19010,Lower Merion,FISHERS RD & NEW GULPH RD,1,588af922
TL7MDM,Traffic,Road obstruction,19046,Abington,OLD VALLEY RD & SUSQUEHANNA RD,1,4be7db1d
TL7MI1,EMS,Vehicle accident,19464,Pottstown,CHESTNUT ST,1,c7a9ae0b
TL7MLS,Fire,Vehicle accident,19464,Pottstown,CHESTNUT ST,1,30ab75e2
TL7MUZ,EMS,Altered mental status,19426,Perkiomen,CORNWALLIS WAY & BONNIE LN,1,81467c7d
TL7MVI,Traffic,Vehicle accident,19002,Upper Dublin,BETHLEHEM PIKE & ARDROSS AVE,1,0e90e9f9
TL7MZS,Traffic,Vehicle accident,19150,Cheltenham,CHELTENHAM AVE & 79TH AVE,1,08fc7fee
TL7N1Y,EMS,Fall victim,19403,Lower Providence,EAGLEVILLE RD & SUNDERLAND DR,1,e5a14f2f
TL7N1Y-1,Traffic,Disabled vehicle,19010,Lower Merion,FISHERS RD & NEW GULPH RD,1,aba31bb5
TL7N3B,Traffic,Disabled vehicle,19072,Lower Merion,HOLLOW RD & RAMP I76 WB TO HOLLOW RD,1,fcf1b74c
TL7N7M,Traffic,Road obstruction,18073,Upper Hanover,FINLAND RD & GERYVILLE PIKE,1,8ad8de60
TL7NB2,Fire,Electrical fire outside,18041,Upper Hanover,MILL HILL RD & VICTOR DR,1,ca2c6f0c
TL7NQ2,EMS,Respiratory emergency,19454,Horsham,HORSHAM RD & GREEN TREE TAVERN RD,1,360e0ebb
TL7O0Q,EMS,Respiratory emergency,19403,Lower Providence,SHANNONDELL DR & SHANNONDELL BLVD,1,f05e3a19
TL7O2K,Fire,Carbon monoxide detector,19090,Upper Moreland,KREWSON TER & SILVER AVE,1,f42f94b1
TL7O3Q,Fire,Carbon monoxide detector,19401,Norristown,AIRY ST & ARCH ST,1,397bb6b7
TL7O7M,Fire,Fire alarm,19462,Plymouth,CHEMICAL RD & GALLAGHER RD,1,021c19f0
TL7O9V,EMS,Animal bite,19464,West Pottsgrove,HOWARD ST & SCHOOL LN,1,448e9e8b
TL7OD0,EMS,Respiratory emergency,19401,Norristown,POWELL ST & E WOOD ST,1,bb6d62d5
TL7OG0,Traffic,Road obstruction,19403,Worcester,TROOPER RD & TOWNSHIP LINE RD,1,df8b7bbe
TL7OH7,Traffic,Vehicle accident,19460,Upper Providence,BLACK ROCK RD & S COLLEGEVILLE RD,1,f9e41521
TL7OIK,EMS,Unconscious subject,19401,Norristown,DEKALB ST & E AIRY ST,1,3ad8c7aa
TL7OO1,EMS,Fever,18969,Franconia,HARLEYSVILLE PIKE & TELFORD PIKE,1,e2a35017
TL7OOV,EMS,Subject in pain,19525,Douglass,PENNY LN & HAWTHORNE AVE,1,bdbe6cd3
TL7OYQ,EMS,Vehicle accident,19460,Upper Providence,BLACK ROCK RD & S COLLEGEVILLE RD,1,5edb22d0
TL7P0H,EMS,Seizures,19468,Limerick,LINFIELD TRAPPE RD & WEAVER LN,1,35f3b835
TL7P1T,Traffic,Hazardous road conditions,18944,Lower Providence,PARK AVE & SHANNONDELL BLVD,1,44416e55
TL7P70,Traffic,Road obstruction,19006,Abington,HERITAGE RD & WYNDMOOR LN,1,2afd5480
TL7PLF,Traffic,Road obstruction,19428,Whitemarsh,CORSON RD & LAUBERT RD,1,e01fd7d8
TL7PSQ,EMS,Allergic reaction,19446,Worcester,HEDGE ROW CIR & CENTER POINT LN,1,b1364980
TL7PX8,Fire,Electrical fire outside,19426,Lower Providence,EVANSBURG RD & VINCENT DR,1,1b7240dd
TL7Q2V,Traffic,Vehicle accident,19462,Whitemarsh,BUTLER PIKE & CAMPUS DR,1,cdfcb64e
TL7Q8Q,Traffic,Vehicle accident,19006,Lower Moreland,TERWOOD DR & WELSH RD,1,c351d406
TL7QHK,Fire,Vehicle accident,19006,Lower Moreland,TERWOOD DR,1,4629eb1b
TL7QKM,Fire,Electrical fire outside,19027,Cheltenham,4TH AVE & ASBURY AVE,1,0ccfa282
TL7QVB,EMS,Head injury,19525,New Hanover,ST VICTORIA DR & SANTA MARIA DR,1,94f39ce6
TL7R65,EMS,Fall victim,19003,Lower Merion,CRICKET AVE & E LANCASTER AVE,1,edfe4660
TL7R9V,Fire,Appliance fire,19002,Upper Dublin,HAMPSTEAD DR & CAVENDISH DR,1,6f5878e7
TL7RJS,EMS,Unknown medical emergency,18964,Telford,LINCOLN AVE & WOOD ALY,1,d6dd3e98
TL7RTD,Fire,Fire alarm,19046,Abington,OLD YORK RD & E TOWNSHIP LINE RD,1,e7b9cd21
TL7RUB,Traffic,Road obstruction,18073,Upper Hanover,FINLAND RD & GERYVILLE PIKE,1,c6e363a1
TL7RX3,EMS,Subject in pain,19401,Norristown,WALNUT ST & E MAIN ST,1,6d5e1c86
TL7S5Q,EMS,Cardiac emergency,19150,Springfield,IVY HILL RD & BAYARD ST,1,48320aab
TL7S7G,EMS,Overdose,19512,Berks County,WALNUT ST & W PHILADELPHIA AVE,1,037d0ddc
TL7SMA,EMS,Overdose,19464,West Pottsgrove,RACE ST & W HOWARD ST,1,904cc118
TL7SOI,Traffic,Vehicle accident,19040,Upper Moreland,DAVISVILLE RD & BYBERRY RD,1,c9e1ead8
TL7SOI-1,Traffic,Vehicle accident,19040,Upper Moreland,PIONEER RD & DAVISVILLE RD,1,610dcbcf
TL7SRB,EMS,Dizziness,19401,Norristown,LAFAYETTE ST & SWEDE ST,1,a024a14a
TL7T0A,Traffic,Vehicle accident,19038,Springfield,STENTON AVE & S PAPER MILL RD,1,2a43db86
TL7T8R,EMS,Overdose,19464,West Pottsgrove,OLD READING PIKE & W HIGH ST,1,99806adf
TL7TA8,Traffic,Disabled vehicle,19464,Lower Pottsgrove,E HIGH ST & HERITAGE DR,1,8f66ac0a
TL7TC5,Fire,Fire alarm,19406,Upper Merion,VALLEY FORGE CIR & OLD VALLEY FORGE RD,1,8d087eec
TL7TFY,EMS,Cardiac emergency,19464,West Pottsgrove,OLD READING PIKE & SCHUYLKILL RIVER TRL,1,8c70fbcb
TL7TJR,Traffic,Disabled vehicle,19002,Horsham,WELSH RD & LOWER STATE RD,1,480daf50
TL7TOB,Traffic,Vehicle accident,19438,Towamencin,HEDRICK RD & KERR RD,1,9ef4d3ee
TL7TOB-1,Traffic,Vehicle accident,19438,Skippack,HEDRICK RD & CHRISTINE DR,1,80600560
TL7TV6,EMS,Medical alert alarm,19403,Lower Providence,SHANNONDELL DR & SHANNONDELL BLVD,1,4bc491ca
TL7TXP,Fire,Vehicle accident,19426,Trappe,E 3RD AVE,1,7bcdc71a
TL7TXZ,EMS,Vehicle accident,19426,Trappe,E 3RD AVE,1,5915e370
TL7U2J,Traffic,Disabled vehicle,19090,Upper Moreland,EASTON RD & N YORK RD,1,1629d1a5
TL7U82,EMS,Overdose,19066,Lower Merion,STONEWAY LN & OLD LANCASTER RD,1,f47da749
TL7UAA,Traffic,Vehicle accident,19438,Towamencin,HEDRICK RD & KERR RD,1,8c7f9207
TL7UAA-1,Traffic,Vehicle accident,19438,Skippack,HEDRICK RD & CHRISTINE DR,1,84ffe4a7
TL7UCK,Traffic,Hazardous road conditions,19422,Whitpain,PENLLYN BLUE BELL PIKE & MIDWAY LN,1,d7e4652b
TL7UJY,Traffic,Disabled vehicle,18969,Telford,CHURCH AVE & AUTUMN LEA CIR,1,f9e18f21
TL7V14,Fire,Fire alarm,19035,Lower Merion,RIGHTERS MILL RD & BLACK ROCK RD,1,4523995e
TL7V2I,EMS,Abdominal pains,19027,Abington,CADWALADER AVE & TOWNSHIP LINE RD,1,30f82d3a
TL7V59,EMS,Cardiac emergency,19462,Plymouth,HILLTOP RD & RENEL RD,1,0d347261
TL7V8I,Traffic,Road obstruction,19085,Lower Merion,CEDAR LN & OLD GULPH RD,1,6d73b611
TL7VDA,Fire,Fire alarm,19446,Lansdale,BROAD ST & W 2ND ST,1,197f02fa
TL7VG4,EMS,Cardiac emergency,19446,Towamencin,ALLENTOWN RD & WOODLAWN DR,1,265d7807
TL7VG5,Traffic,Road obstruction,19085,Lower Merion,OLD GULPH RD & SPRING MILL RD,1,4b6d2b56
TL7VIA,Fire,Electrical fire outside,19406,Upper Merion,GYPSY LN & LONGVIEW RD,1,9d2764c7
TL7VM1,EMS,General weakness,19403,Lower Providence,SHANNONDELL DR & SHANNONDELL BLVD,1,bd4975ef
TL7VX8,EMS,Unconscious subject,19428,Conshohocken,HECTOR ST & JONES ST,1,92d409cd
TL7VYL,EMS,EMS special service,19473,Skippack,BRIDGE RD & SERENDIPITY WAY,1,1b7cda9e
TL7W0E,Fire,Fire alarm,19010,Delaware County,CHESWICK RD & STRATHMORE RD,1,c03d6499
TL7W5S,EMS,Cardiac emergency,19044,Horsham,JACK LADDER CIR & LOG POND DR,1,e2e8e62b
TL7WPX,EMS,Cardiac emergency,19464,Pottstown,HIGH ST & S WASHINGTON ST,1,11e34162
TL7X18,Fire,Electrical fire outside,19002,Ambler,MAIN ST & W BUTLER AVE,1,62edff3a
TL7X18-1,Fire,Building fire,19002,Ambler,BUTLER AVE & S MAIN ST,1,412b466f
TL7X56,EMS,Assault victim,19401,Norristown,CEDAR ST,1,bf2fee00
TL7X56-1,EMS,Assault victim,19401,Norristown,TREMONT AVE & CEDAR ST,1,27cce1fb
TL7XCD,EMS,Cardiac emergency,19096,Lower Merion,ROCKLAND AVE & E WYNNEWOOD RD,1,e7a6586f
TL7XYK,EMS,Fall victim,19438,Lower Salford,PARK AVE & HUNSBERGER LN,1,39556341
TL7YSL,Fire,Gas-odor/leak,19401,Norristown,CHAIN ST & W LOGAN ST,1,9d9a7cae
TL7Z78,Fire,Fire alarm,19090,Abington,MORELAND RD & CENTER AVE,1,d1f689e6
TL7ZDV,Fire,Unknown type fire,19041,Lower Merion,MILL CREEK RD & GRAYS LN,1,178d750f
TL80AE,EMS,Syncopal episode,19468,Limerick,LINFIELD TRAPPE RD & WEAVER LN,1,97a8e1c4
TL80KO,Fire,Fire alarm,19040,Upper Moreland,DAVISVILLE RD & PENNYPACK RD,1,1dce2f9e
TL80MM,EMS,Seizures,19473,Skippack,SKIPPACK PIKE & CRESSMAN RD,1,d7437ccd
TL80OM,Fire,Fire alarm,19403,West Norriton,BITTERSWEET CT & BEECH ST,1,309ec61c
TL81CM,EMS,Head injury,19454,Lower Gwynedd,MEETINGHOUSE RD & DEKALB PIKE,1,0a1dee9a
TL81P7,EMS,Subject in pain,19464,West Pottsgrove,GROSSTOWN RD & CENTER ST,1,a2b7b525
TL827J,Traffic,Road obstruction,19428,Upper Merion,JONES RD & DIANA CT,1,ac86aee1
TL82EW,EMS,Head injury,19046,Jenkintown,YORK RD & YORKWAY PL,1,f19d6ab8
TL837H,EMS,Seizures,19401,Norristown,HIGH ST,1,d40aa293
TL83N2,EMS,Abdominal pains,19454,Lower Gwynedd,MEETINGHOUSE RD & DEKALB PIKE,1,6f337fd2
TL83SK,Fire,Fire alarm,19464,Pottstown,KING ST & N WASHINGTON ST,1,81861335
TL83WO,EMS,Nausea/vomiting,19446,Towamencin,BRIDLE PATH DR & BUTTONWOOD DR,1,ee0fdc6c
TL848U,EMS,Seizures,19096,Lower Merion,ROCKLAND AVE & E WYNNEWOOD RD,1,bf64590b
TL85AL,EMS,Diabetic emergency,19038,Cheltenham,BICKLEY RD & WAVERLY RD,1,8bace96a
TL85Q7,Traffic,Road obstruction,19454,Upper Gwynedd,HUNTER LN & WHEATEN LN,1,be2d3e47
TL860C,EMS,Hemorrhaging,19438,Lower Salford,LONELY GOOSE CIR & PONDVIEW DR,1,9619c096
TL86N2,EMS,Unresponsive subject,19473,Lower Frederick,SPRING MOUNT RD & N GRAVEL PIKE,1,6e27fe20
TL87DK,EMS,General weakness,19406,Upper Merion,CLUBHOUSE RD & WAYNE DR,1,198acfdb
TL88PV,Traffic,Vehicle accident,19525,New Hanover,SWAMP PIKE & LUTHERAN RD,1,0d02fc32
TL890D,EMS,Abdominal pains,19401,Norristown,WALNUT ST & MOORE ST,1,05d82e91
TL896R,Fire,Fire alarm,19001,Abington,SUSQUEHANNA RD & BRADFIELD RD,1,fd69ee2a
TL8A46,Traffic,Road obstruction,19525,New Hanover,SANATOGA RD & CROSS RD,1,201af88e
TL8AC2,EMS,Fall victim,19038,Abington,ELM AVE & TAFT AVE,1,3c84d328
TL8AO3,EMS,Respiratory emergency,19046,Abington,ZANE AVE & SHELMIRE ST,1,b188efd4
TL8AYV,EMS,Subject in pain,19046,Abington,DELENE RD & CROSSWICKS RD,1,eff145c3
TL8B4S,Fire,Fire alarm,19454,Montgomery,KENNEDY RD & ROOSEVELT WAY,1,c18f7b90
TL8BGA,Traffic,Road obstruction,19034,Whitemarsh,BETHLEHEM PIKE & FORT HILL DR,1,e14003a8
TL8BRE,Traffic,Hazardous road conditions,18944,Lower Providence,PARK AVE & SHANNONDELL BLVD,1,d4c283a5
TL8CE5,EMS,Overdose,18969,Telford,3RD ST & FRANCONIA AVE,1,3d67175b
TL8CQ6,EMS,Overdose,19426,Trappe,HARVARD DR & YALE CT,1,d37bf2db
TL8DGB,EMS,Allergic reaction,19405,Bridgeport,GROVE ST & FRALEY ST,1,188370dc
TL8DL3,EMS,Cardiac arrest,19090,Upper Moreland,NEW ST & DAVISVILLE RD,1,18a7f48c
TL8E9L,EMS,Cardiac emergency,19428,Plymouth,RED BIRD LN & CARDINAL DR,1,7f8e136e
TL8EG4,EMS,Unconscious subject,19401,Norristown,MARSHALL ST & ASTOR ST,1,85160709
TL8F0E,EMS,Subject in pain,19465,Chester County,MAIN ST & S PENN ST,1,28bfe3bb
TL8F5M,EMS,Fall victim,19440,Hatfield Township,HOLLY DR & MEREL DR,1,c462826c
TL8FEJ,Fire,Fire alarm,19040,Upper Moreland,DAVISVILLE RD & PENNYPACK RD,1,a8df32ff
TL8FLP,EMS,Unconscious subject,19031,Springfield,JONES AVE & BETHLEHEM PIKE,1,9378fdef
TL8FT9,Traffic,Road obstruction,19525,New Hanover,FAUST RD & RASPBERRY LN,1,a21f321e
TL8H5B,EMS,Overdose,19403,Lower Providence,COLONY DR & PAWLINGS RD,1,707d8539
TL8HDX,EMS,Respiratory emergency,19446,Worcester,AYRESHIRE DR & LOCUST DR,1,f3497768
TL8HMV,Traffic,Road obstruction,19038,Upper Dublin,AVENUE G  & SPEAR AVE,1,d8dd1633
TL8HNR,EMS,Cardiac emergency,18054,Marlborough,REIHMAN RD & MCLEAN STATION RD,1,ff495cec
TL8IJM,EMS,Unconscious subject,19027,Cheltenham,CHELTEN HILLS DR & WHITEWOOD RD,1,b859920d
TL8J5U,EMS,Respiratory emergency,19044,Horsham,EASTON RD & HOMESTEAD LN,1,2a9b3960
TL8JG7,EMS,Respiratory emergency,19046,Abington,ZANE AVE & SHELMIRE ST,1,dcf62770
TL8JWW,EMS,Cardiac emergency,19446,Towamencin,NORTH BEND CT & JACOBS HALL LN,1,ec189e92
TL8K2Y,EMS,Respiratory emergency,19462,Plymouth,GERMANTOWN PIKE & HALLOWELL RD,1,d551b8d7
TL8KTK,Fire,Fire investigation,19040,Upper Moreland,DAVISVILLE RD & PENNYPACK RD,1,2bd08916
TL8KZZ,EMS,Vehicle accident,19040,Upper Moreland,WARMINSTER RD & FULMOR AVE,1,e82679e1
TL8L0A,Traffic,Vehicle accident,19040,Upper Moreland,WARMINSTER RD & FULMOR AVE,1,46105c8f
TL8L7R,EMS,Head injury,19440,Hatfield Township,WALNUT ST & GARDEN RD,1,243ac52a
TL8L82,Traffic,Road obstruction,19006,Lower Moreland,BYBERRY RD & PHILMONT AVE,1,e8ab6baa
TL8L9L,EMS,Subject in pain,19460,Upper Providence,BLACK ROCK RD & S COLLEGEVILLE RD,1,3061fe90
TL8LC7,EMS,Cardiac arrest,18964,Franconia,CLARIDGE CT & DEERFIELD DR,1,7b81af6e
TL8LLE,Fire,Fire alarm,19066,Lower Merion,OAK RD,1,7d56a5b0
TL8LLE-1,Fire,Fire alarm,19072,Lower Merion,OAK RD & AVON RD,1,189ff5ef
TL8M2C,EMS,Fall victim,19440,Hatfield Township,SNOWBALL DR & 1ST ST,1,8f7df9e2
TL8MGM,EMS,Allergic reaction,19406,Upper Merion,VALLEY FORGE CIR & OLD VALLEY FORGE RD,1,12897b59
TL8MNP,Traffic,Vehicle accident,19428,Plymouth,ALAN WOOD RD & RIDGE PIKE,1,21adfd7d
TL8MQ6,Fire,Fire alarm,19038,Springfield,SOUTHAMPTON AVE & FLOURTOWN AVE,1,7b95e8ec
TL8MUG,EMS,Head injury,19038,Abington,KESWICK AVE & GENEVA AVE,1,750f7bef
TL8N2Y,Fire,Fire alarm,18969,Telford,FULTON AVE,1,eb79f748
TL8NKP,Traffic,Road obstruction,19072,Lower Merion,SUMMIT RD & WYNNE LN,1,04bdf6f2
TL8O3C,EMS,Seizures,19090,Upper Moreland,FITZWATERTOWN RD & BARTRAM RD,1,18ba775e
TL8O8Y,EMS,Respiratory emergency,19040,Upper Moreland,BYBERRY RD & VILLAGE CIR,1,3ba5f627
TL8OLZ,Traffic,Disabled vehicle,19038,Abington,EASTON RD & TAGUE AVE,1,0b5c8f35
TL8OTA,Fire,Fire investigation,19031,Springfield,ROSE LN & BETHLEHEM PIKE,1,a7631c9f
TL8OUR,EMS,Fall victim,19464,Pottstown,BEECH ST & N EVANS ST,1,c4199101
TL8P1B,Traffic,Vehicle accident,19428,Conshohocken,E 9TH AVE & JONES ST,1,96b3d30d
TL8P5F,EMS,Dehydration,19403,Lower Providence,MILL GROVE DR & EGYPT RD,1,7ceda9bc
TL8P6J,EMS,Cardiac emergency,19044,Horsham,EASTON RD & PINE AVE,1,4f6b88b6
TL8PAF,EMS,Respiratory emergency,19040,Horsham,TAMARACK CIR & HIDDEN CREEK DR,1,88d26acd
TL8Q5K,EMS,Fall victim,19438,Lower Salford,MAIN ST & OLD SUMNEYTOWN PIKE,1,5b2b1c71
TL8QXT,Traffic,Vehicle accident,19446,Montgomery,COUNTY LINE RD & UPPER STATE RD,1,b1970635
TL8R0Q,Fire,Fire investigation,19401,Norristown,MAIN ST & ARCH ST,1,cfc65a0b
TL8R7M,EMS,Altered mental status,19046,Abington,DELENE RD & CROSSWICKS RD,1,b0dfe3b7
TL8RJB,EMS,Dizziness,19438,Lower Salford,MAIN ST & OLD SUMNEYTOWN PIKE,1,685e7024
TL8RP7,Traffic,Vehicle accident,19454,Montgomery,BETHLEHEM PIKE & VILSMEIER RD,1,96385552
TL8RPQ,EMS,Abdominal pains,19096,Lower Merion,WYNNEWOOD RD & KNOX RD,1,69b0bdcf
TL8RS4,EMS,Dizziness,19440,Hatfield Township,ORVILLA RD & LEAS WAY,1,49fd1cfa
TL8RV0,Fire,Carbon monoxide detector,19004,Lower Merion,HARVARD RD & E DARTMOUTH RD,1,db1cade2
TL8RZ0,EMS,Altered mental status,19454,Montgomery,LINCOLN DR & E KENNEDY RD,1,120eb257
TL8S24,Traffic,Disabled vehicle,19438,Lower Salford,MAIN ST & KULP RD,1,66997835
TL8S3B,EMS,Fall victim,18076,Red Hill,6TH ST & WASHINGTON ST,1,ce20bdef
TL8SDM,EMS,Fall victim,19464,Lower Pottsgrove,BUCHERT RD & LAUREL WAY,1,1a61035a
TL8ST4,EMS,Fall victim,19468,Limerick,JORDAN CT & DEAD END,1,42d9e10c
TL8SVG,EMS,Fall victim,19446,Montgomery,WOODLAND DR & SPUR RD,1,fe231f58
TL8SZ0,EMS,EMS special service,19460,Chester County,MAIN ST & GRIFFEN ST,1,a442dc6f
TL8T2E,Fire,Fire alarm,19027,Cheltenham,ASHBOURNE RD & WOODLAWN AVE,1,f5953d8a
TL8T9Y,EMS,Cardiac emergency,19040,Upper Moreland,BYBERRY RD & BETZ RD,1,a5485cc9
TL8TA1,Traffic,Vehicle accident,19462,Whitemarsh,FLOURTOWN RD & WILDFLOWER DR,1,22111812
TL8TNB,Fire,Fire alarm,19034,Upper Dublin,VIRGINIA DR & DELAWARE AVE,1,41763df6
TL8U8N,EMS,Cardiac arrest,19465,Chester County,KEIM ST & BICKEL RD,1,9eee9158
TL8UHZ,Fire,Fire alarm,19131,Lower Merion,CITY AVE & CONSHOHOCKEN AVE,1,c23428d7
TL8UQC,Traffic,Road obstruction,19428,Whitemarsh,WASHINGTON ST & CHERRY ST,1,31bac37b
TL8URL,EMS,Allergic reaction,19464,Pottstown,3RD ST & JOHNSON ST,1,7f70a9f7
TL8UZ4,Fire,Fire alarm,19422,Whitpain,PLYMOUTH RD & LANTERN LN,1,4946c23c
TL8UZG,EMS,Medical alert alarm,19422,Whitpain,PLYMOUTH RD & LANTERN LN,1,e75ccba2
TL8V1K,Fire,Carbon monoxide detector,19038,Springfield,CHELTENHAM AVE & DELPHINE RD,1,58b7834c
TL8V1P,EMS,Carbon monoxide detector,19038,Springfield,CHELTENHAM AVE & DELPHINE RD,1,9ca3397c
TL8V7I,EMS,Unconscious subject,19473,Lower Frederick,LAUREEN RD & GRIMLEY RD,1,2ed91b2b
TL8V8O,EMS,Seizures,19095,Cheltenham,OGONTZ AVE & SHOPPERS LN,1,9b159310
TL8VC3,EMS,Cardiac emergency,19006,Lower Moreland,WELSH RD & WALTON RD,1,87927c83
TL8VHZ,Traffic,Road obstruction,19426,Skippack,BRIDGE RD & MARY ELLEN LN,1,e3a28cd2
TL8VN0,Traffic,Disabled vehicle,19464,Pottstown,RT100 NB & SHOEMAKER RD,1,040f3eb4
TL8VRJ,EMS,General weakness,19403,Lower Providence,SHANNONDELL DR & SHANNONDELL BLVD,1,6f1f2706
TL8VVF,EMS,Respiratory emergency,19001,Abington,HUNTINGDON RD & BRENTWOOD RD,1,523f5817
TL8VVM,Traffic,Disabled vehicle,19090,Upper Moreland,EASTON RD & ALLISON RD,1,2a3a9da0
TL8W01,EMS,Hemorrhaging,19464,Lower Pottsgrove,SUNNYBROOK RD & E HIGH ST,1,a65bcde8
TL8W4V,Fire,Fire alarm,19027,Cheltenham,ASHBOURNE RD & WOODLAWN AVE,1,f6a6bd14
TL8W7F,Traffic,Vehicle accident,19040,Upper Moreland,BYBERRY RD & SHORT LN,1,a417c67a
TL8WAC,Traffic,Disabled vehicle,19468,Limerick,WELS,1,202d7d65
TL8WAC-1,Traffic,Disabled vehicle,19006,Lower Moreland,WELSH RD & TERWOOD DR,1,43573240
TL8WER,Fire,Elevator emergency,19464,Pottstown,KING ST & PENN ST,1,79f53b01
TL8WOH,EMS,Respiratory emergency,19095,Cheltenham,EASTON RD & GREENWOOD AVE,1,96d7af8d
TL8WWB,EMS,Altered mental status,19464,Pottstown,SOUTH ST & S MT VERNON ST,1,ba9b21a3
TL8WY5,EMS,Altered mental status,19090,Upper Moreland,YORK RD & LINCOLN AVE,1,d70444c2
TL8X52,EMS,Hemorrhaging,19454,Horsham,HORSHAM RD & GREEN TREE TAVERN RD,1,f4c7dc73
TL8X9A,EMS,CVA/stroke,19464,West Pottsgrove,FAIRVIEW ST & CENTER ST,1,b6c62bb4
TL8X9S,Traffic,Vehicle accident,19468,Limerick,RAMP RT422 WB TO TOWNSHIP LINE RD & RT422 WB,1,00d6447c
TL8XG1,Traffic,Vehicle accident,19428,Whitemarsh,RIDGE PIKE & BUTLER PIKE,1,0f8d8ab0
TL8XPI,Fire,Fire alarm,18964,Souderton,PARKVIEW DR & GREEN ST,1,cecb0443
TL8XTA,Fire,Building fire,19131,Lower Merion,CITY AVE & MAPLE AVE,1,df8ee7b9
TL8XVV,EMS,Fever,19002,Lower Gwynedd,PENLLYN PIKE & FOXFIELD RD,1,2b5c925a
TL8Y5M,Fire,Fire alarm,19006,Lower Moreland,IRON HORSE RD & SUNSET WAY,1,d4a80ed1
TL8Y8M,EMS,Seizures,19454,Montgomery,KNAPP RD & WITCHWOOD DR,1,6660154f
TL8Y9H,EMS,Subject in pain,19096,Lower Merion,WILLIAMS RD & NICHOLSON RD,1,3cb79c17
TL8YLO,Traffic,Vehicle accident,19464,Pottstown,RAMP RT100 NB TO W HIGH ST & W HIGH ST,1,0844d166
TL8YMR,EMS,Hemorrhaging,19038,Springfield,PAPER MILL RD & SKYLINE DR,1,b4b20a36
TL8YS2,Fire,Appliance fire,19473,Upper Salford,SCHWENKSVILLE RD & SALFORD STATION RD,1,3aeeb70a
TL8YVR,EMS,Dehydration,19405,Bridgeport,9TH ST & LINE ALY,1,dbc80686
TL8Z4W,EMS,Syncopal episode,19401,Norristown,VIOLET ST & E OAK ST,1,c8a90f01
TL8ZA2,EMS,Cardiac emergency,18960,Bucks County,THOUSAND ACRE RD & SHADY LN,1,5b802ffa
TL8ZCH,EMS,Unknown medical emergency,19038,Cheltenham,S EASTON RD,1,027a8a0a
TL8ZH3,Traffic,Vehicle accident,19406,Upper Merion,KEEBLER RD & W VALLEY FORGE RD,1,7141c9ea
TL8ZI0,Traffic,Vehicle accident,19454,North Wales,8TH ST & CHURCH ST,1,22dd2a6c
TL8ZMG,Fire,Elevator emergency,19096,Lower Merion,PENN RD & AUBREY RD,1,c5ad6b22
TL8ZN7,Traffic,Hazardous road conditions,19002,Lower Gwynedd,DEKALB PIKE & GRASSHOPPER LN,1,a20a12ed
TL8ZOW,EMS,Fall victim,19090,Abington,COOLIDGE AVE & ELLIOTT AVE,1,5365d3fe
TL8ZOW-1,EMS,Fall victim,19090,Abington,OLD WELSH RD & CUMMINGS AVE,1,65550b54
TL8ZS7,EMS,Hemorrhaging,19150,Springfield,IVY HILL RD & BAYARD ST,1,30ba0647
TL8ZW9,EMS,Assault victim,19525,New Hanover,CHARLOTTE ST & SWAMP PIKE,1,71e87cc1
TL8ZXZ,EMS,Nausea/vomiting,19004,Lower Merion,BALA AVE & BALWYN PL,1,980b20dc
TL9087,EMS,Nausea/vomiting,18041,East Greenville,CHERRY ST & 2ND ST,1,1e9e523d
TL90D4,EMS,Nausea/vomiting,19002,Ambler,MAIN ST & FOREST AVE,1,b56a8ac3
TL90IB,EMS,General weakness,19001,Abington,EASTON RD & ARLINGTON AVE,1,85467c91
TL90TO,EMS,Unknown medical emergency,19401,Norristown,BARBADOES ST,1,77f6fd87
TL9110,Traffic,Vehicle accident,19044,Horsham,BLAIR MILL RD & HORSHAM RD,1,584807b2
TL918E,EMS,Fall victim,19464,Pottstown,WARREN ST & YOST ALY,1,7bb34d69
TL91BA,Traffic,Vehicle accident,19401,Norristown,W MARSHALL ST & CORSON ST,1,2c2b77f5
TL91QC,EMS,Respiratory emergency,19473,Lower Frederick,GRAVEL PIKE & OLD GRAVEL PIKE,1,498237fa
TL91T3,Traffic,Vehicle accident,19403,West Norriton,MARSHALL ST & N MONTGOMERY AVE,1,9c01bc82
TL91XT,EMS,Unknown medical emergency,19464,West Pottsgrove,ASH ST & W VINE ST,1,a16b6043
TL921O,Traffic,Vehicle accident,19002,Horsham,HORSHAM RD & KEITH VALLEY RD,1,85ca1688
TL923U,EMS,Fall victim,19446,Towamencin,ALLENTOWN RD & WOODLAWN DR,1,833b08e3
TL926O,EMS,General weakness,19464,Pottstown,HIGH ST & MANATAWNY ST,1,44b90087
TL927Z,EMS,Head injury,19428,Plymouth,CONSHOHOCKEN RD & OLD ELM ST,1,34e09883
TL929L,EMS,Altered mental status,19003,Lower Merion,LANCASTER AVE & RITTENHOUSE PL,1,8dd1b752
TL92G1,Traffic,Vehicle accident,19401,Norristown,STANBRIDGE ST & JAMES ST,1,45d78244
TL92QE,EMS,Choking,19468,Limerick,DOE CT & DEER RUN CT,1,8e30c3a6
TL934C,EMS,Fever,19438,Lower Salford,MAPLE AVE & ALUMNI AVE,1,a0ed1268
TL93IZ,Traffic,Vehicle accident,19454,Montgomery,BETHLEHEM PIKE & NORTH WALES RD,1,a5d86611
TL93PX,Fire,Fire alarm,19001,Abington,OLD YORK RD & LONDON RD,1,1c08cb2b
TL93T7,Traffic,Vehicle accident,19464,Pottstown,RT100 SB & SHOEMAKER RD,1,832401ae
TL93TF,EMS,Diabetic emergency,19468,Royersford,CHURCH ST & N 7TH AVE,1,bca2849b
TL93Y1,Traffic,Vehicle accident,19401,Norristown,GEORGE ST & W OAK ST,1,f58a5ebe
TL940M,EMS,Head injury,19004,Lower Merion,BELMONT AVE & COLWYN LN,1,7b37b6a6
TL94AJ,EMS,Unresponsive subject,19426,Chester County,PENN ST & RIDGE AVE,1,25e185d0
TL94FL,Traffic,Disabled vehicle,19006,Bryn Athyn,HUNTINGDON PIKE & CATHEDRAL RD,1,89a0052f
TL94K7,EMS,Fall victim,19468,Upper Providence,KEOKUK RD & IROQUOIS DR,1,bace3390
TL94TO,EMS,Altered mental status,19401,Norristown,LAFAYETTE ST & JAMISON ALY,1,f7e086cd
TL951C,Fire,Fire alarm,19428,Conshohocken,MAPLE ST & UNNAMED ALY,1,73c87318
TL952S,EMS,Subject in pain,19464,Pottstown,KING ST,1,2158e899
TL956F,EMS,Subject in pain,19044,Horsham,LOGGER MILL RD & SAWYERS WAY,1,edff076a
TL95IY,EMS,Syncopal episode,19406,Upper Merion,DEKALB PIKE & W BORO LINE RD,1,fbc22744
TL95RC,EMS,CVA/stroke,19464,Upper Pottsgrove,SCHWENK RD & MAUGERS MILL RD,1,e5f73585
TL96E8,EMS,Head injury,19044,Horsham,BOULDER LN & COUNTRY RD,1,f5c68369
TL96IA,Fire,Building fire,19440,Hatfield Township,ELROY RD & HERTFORD DR,1,955bd1be
TL96KP,EMS,Fall victim,19426,Skippack,GRATERFORD RD,1,4ca03f3c
TL96LC,EMS,Altered mental status,19401,East Norriton,STANBRIDGE ST & DOGWOOD LN,1,1c2b471c
TL96LZ,EMS,Cardiac emergency,19046,Jenkintown,YORK RD & HILLSIDE AVE,1,f1f02df7
TL96MT,Fire,Carbon monoxide detector,19401,Norristown,CHESTNUT ST & CHURCH ST,1,e10b438c
TL96WB,EMS,Unknown medical emergency,19464,Pottstown,HIGH ST & N CHARLOTTE ST,1,db16f931
TL973M,EMS,Lacerations,19002,Lower Gwynedd,PENLLYN PIKE & FOXFIELD RD,1,fce7455c
TL974S,EMS,Subject in pain,19041,Lower Merion,ROSE LN,1,75d89291
TL974S-1,EMS,Subject in pain,19041,Lower Merion,ROSE LN & LAUREL LN,1,4fac2d40
TL9788,EMS,Respiratory emergency,19462,Plymouth,BUTLER PIKE & FLOURTOWN RD,1,94b3e560
TL97B3,EMS,Medical alert alarm,19046,Abington,AUTUMN RD & WASHINGTON LN,1,2d9334cc
TL97DA,Fire,Fire alarm,19010,Lower Merion,POTTS LN & CAVERSHAM RD,1,bbcd0872
TL97OS,EMS,Medical alert alarm,19403,Lower Providence,SHANNONDELL DR & SHANNONDELL BLVD,1,b16aa6b9
TL982T,EMS,Unknown medical emergency,19003,Lower Merion,ARDMORE AVE & W SPRING AVE,1,7e14c1c3
TL9856,Traffic,Disabled vehicle,19090,Upper Moreland,FITZWATERTOWN RD & EASTON RD,1,99625f5f
TL9868,EMS,Unconscious subject,19401,Norristown,LAFAYETTE ST & JAMISON ALY,1,a947f4f6
TL9883,EMS,Fall victim,19403,Lower Providence,MARTHA LN & HIGHGATE RD,1,c3411d62
TL98HD,EMS,Syncopal episode,19468,Limerick,LIGHTCAP RD & SANATOGA SPRINGS DR,1,e76abda6
TL98LD,Traffic,Disabled vehicle,19025,Upper Dublin,RAMP SUSQUEHANNA RD TO RT309  & SUSQUEHANNA RD,1,39ebad34
TL98ZY,EMS,Cardiac emergency,19446,Montgomery,BETHLEHEM PIKE & TAYLOR RD,1,a27f8be5
TL9918,Traffic,Road obstruction,19525,New Hanover,SWAMP PIKE & MIDDLE CREEK RD,1,f3ed5005
TL99FM,Traffic,Vehicle accident,18964,Franconia,BECK RD & COWPATH RD,1,62288543
TL99GG,EMS,General weakness,18076,Red Hill,5TH ST & BITTING ALY,1,e9769bf5
TL99QI,EMS,Cardiac emergency,19426,Upper Providence,COLLEGEVILLE RD & ARCOLA RD,1,78135164
TL99SW,Traffic,Disabled vehicle,19465,Chester County,SCHUYLKILL RD & KLINE AVE,1,e721cac0
TL99VA,Traffic,Disabled vehicle,19406,Upper Merion,E DEKALB PIKE & S HENDERSON RD,1,ebf77cee
TL9A8U,Fire,Fire special service,19464,Pottstown,CHESTNUT ST & N EVANS ST,1,7c5a1a86
TL9AJF,EMS,Cardiac emergency,19002,Lower Gwynedd,NORRISTOWN RD & TENNIS AVE,1,c96b26de
TL9AN7,Traffic,Vehicle accident,19454,Skippack,TARGET,1,8a05de37
TL9AN7-1,Traffic,Vehicle accident,19027,Cheltenham,SHOPPERS LN & WASHINGTON LN,1,5cb93cfb
TL9AYB,EMS,Abdominal pains,19454,Montgomery,RUNNING BROOK RD & CREEK RD,1,99a8fd42
TL9B3J,EMS,Hemorrhaging,19440,Hatfield Township,WILLOW DR & SPRUCE DR,1,97a7d155
TL9B58,Traffic,Vehicle accident,19426,Perkiomen,GRAVEL PIKE & HARRISON AVE,1,a1ca4702
TL9B5S,Fire,Vehicle fire,19403,Lower Providence,RIDGE PIKE & EAGLE STREAM DR,1,e896a75b
TL9B6A,Traffic,Vehicle fire,19403,Lower Providence,RIDGE PIKE & EAGLE STREAM DR,1,ded98330
TL9B8P,Fire,Electrical fire outside,19468,Upper Providence,YEAGER RD & S TRAPPE RD,1,581c55d4
TL9BSZ,Traffic,Vehicle accident,19038,Springfield,BETHLEHEM PIKE & MONTGOMERY AVE,1,86bbefcc
TL9C3O,EMS,Animal bite,19403,West Norriton,MAIN ST & S MONTGOMERY AVE,1,63ffd480
TL9CNX,EMS,Respiratory emergency,19462,Plymouth,IRWINS LN & PLYMOUTH RD,1,b782cc2b
TL9D0T,Fire,Electrical fire outside,19038,Abington,RUSCOMBE AVE & MT CARMEL AVE,1,7b7bc960
TL9DA7,EMS,Unknown medical emergency,19406,Upper Merion,CHURCH RD & S HENDERSON RD,1,a2a04727
TL9DA7-1,EMS,Unknown medical emergency,19406,Upper Merion,W CHURCH RD,1,d0847a61
TL9DN7,Fire,EMS special service,19038,Springfield,PAPER MILL RD & CHELTENHAM AVE,1,88a00714
TL9DO6,EMS,EMS special service,19038,Springfield,PAPER MILL RD & CHELTENHAM AVE,1,7b9881c8
TL9DOB,EMS,Allergic reaction,19438,Lower Salford,GROFFS MILL RD & INDIAN CREEK RD,1,ae26c234
TL9DTR,Traffic,Vehicle accident,19075,Springfield,CHURCH RD & SANDY HILL RD,1,30fd34de
TL9E9A,EMS,Fall victim,19006,Lower Moreland,WELSH RD & WALTON RD,1,408d43ba
TL9EB2,EMS,Syncopal episode,19406,Upper Merion,BEIDLER RD & VANDENBURG RD,1,ff902e02
TL9EHU,Fire,Electrical fire outside,19006,Lower Moreland,HUNTINGDON PIKE,1,3530034c
TL9EMI,Traffic,Vehicle accident,19027,Cheltenham,FOREST HILLS DR & GREEN BRIAR RD,1,4e5612f4
TL9EPU,Traffic,Vehicle accident,19046,Abington,MEETINGHOUSE RD & LENOX RD,1,2ad1450c
TL9F99,EMS,Syncopal episode,19468,Limerick,LIGHTCAP RD & SANATOGA SPRINGS DR,1,7a0bf27f
TL9FBZ,Traffic,Vehicle accident,19464,Pottstown,N YORK ST & WALNUT ST,1,9ec17240
TL9FCP,EMS,Cardiac emergency,19401,Norristown,BUTTONWOOD ST & W AIRY ST,1,00e5e888
TL9FDI,EMS,Cardiac emergency,19031,Springfield,WISSAHICKON AVE & ROSE LN,1,614e785a
TL9FFX,EMS,Seizures,18964,Souderton,BROAD ST & N 5TH ST,1,6e2a04ff
TL9FGS,EMS,Medical alert alarm,19403,Lower Providence,SHANNONDELL DR & SHANNONDELL BLVD,1,8a7932b5
TL9FHQ,EMS,Head injury,19002,Lower Gwynedd,NORRISTOWN RD & RADCLIFF LN,1,ae6da771
TL9FMM,EMS,Unconscious subject,19027,Abington,TOWNSHIP LINE RD & CHURCH RD,1,0f7a8475
TL9FRG,Fire,Electrical fire outside,19038,Abington,HOUSTON AVE & DUMONT AVE,1,41152fb4
TL9FRG-1,Fire,Electrical fire outside,19038,Abington,HOUSTON AVE & DEAD END,1,689a49aa
TL9FZC,EMS,Head injury,19492,Upper Frederick,BIG RD & FREDERICK DR,1,da99c0f3
TL9G2I,Fire,Fire alarm,19454,Montgomery,COLT CIR & STEEPLECHASE DR,1,e4f30fb7
TL9GS2,EMS,Unknown medical emergency,19438,Towamencin,CONTINENTAL DR & REVERE DR,1,bcf38c63
TL9GTK,EMS,Head injury,19010,Delaware County,LANCASTER AVE & PENNSWOOD RD,1,9fa96306
TL9GVU,Fire,Fire alarm,19401,Norristown,STANBRIDGE ST,1,c8fc592f
TL9GXP,EMS,Syncopal episode,18054,Upper Hanover,GRAVEL PIKE & STATION RD,1,2befb625
TL9GYE,Traffic,Vehicle accident,19464,Pottstown,BEECH ST & N YORK ST,1,3d85be0a
TL9GYE-1,Traffic,Vehicle accident,19464,Pottstown,BEECH ST & MCCLELLAN ALY,1,135fbf0b
TL9H6U,Fire,Fire alarm,19002,Lower Gwynedd,HOUSTON RD & KNIGHT RD,1,1f219cb4
TL9I2P,EMS,Unconscious subject,19001,Abington,OSBOURNE AVE & NORMAN RD,1,e67a6c42
TL9IAD,EMS,Fall victim,19446,Upper Gwynedd,COLLINS AVE & PARK RD,1,bcb22f3c
TL9IBO,EMS,Unknown medical emergency,19044,Horsham,BUSINESS CENTER DR & DRESHER RD,1,d4e11596
TL9IE3,Traffic,Road obstruction,19454,Montgomery,HORSHAM RD & KENAS RD,1,c6973706
TL9IE3-1,Traffic,Road obstruction,19454,Montgomery,KENAS RD & OXFORD LN,1,668c6b34
TL9IGK,EMS,Subject in pain,19468,Limerick,ANCHOR PKWY & DIAMOND WAY,1,ed9f7461
TL9IHL,EMS,Unknown medical emergency,19401,Norristown,FOREST AVE & W JAMES ST,1,be1fab05
TL9III,Traffic,Vehicle accident,19446,Worcester,MORRIS RD & MUHLENBURG DR,1,863fd091
TL9ILA,EMS,CVA/stroke,19090,Upper Moreland,SUMMIT AVE & EASTON RD,1,eb98e251
TL9J4G,Traffic,Vehicle accident,19428,West Conshohocken,SCHUYLKILL EXPY & RAMP I76 WB TO MATSONFORD RD,1,5ebbce39
TL9J6F,EMS,Fall victim,18076,Red Hill,5TH ST & BITTING ALY,1,e00812a9
TL9J6Y,Traffic,Vehicle accident,19150,Cheltenham,CHELTENHAM AVE & 79TH AVE,1,5eb7e749
TL9J73,Traffic,Vehicle accident,19428,West Conshohocken,SCHUYLKILL EXPY & RAMP I76 WB TO MATSONFORD RD,1,74c7981e
TL9J7I,EMS,Subject in pain,19001,Abington,EASTON RD & MILDRED AVE,1,a1e7fb62
TL9JP1,EMS,Subject in pain,18964,Franconia,SUMMIT ST & COLONIAL AVE,1,a3911a88
TL9JS1,EMS,CVA/stroke,19038,Abington,HIGHLAND AVE & CROSS RD,1,c18ffa0f
TL9K3D,EMS,Cardiac arrest,19422,Whitpain,WHITPAIN HLS & SKIPPACK PIKE,1,1c816a1f
TL9K9E,EMS,Assault victim,19401,Norristown,MAIN ST & BARBADOES ST,1,9fe98242
TL9KK4,EMS,Abdominal pains,19072,Lower Merion,BRAEBURN LN & OLD GULPH RD,1,758a1e8f
TL9KL1,Traffic,Vehicle accident,19090,Abington,EASTON RD & MORELAND RD,1,42434ac3
TL9KME,Traffic,Vehicle accident,19090,Abington,EASTON RD & MORELAND RD,1,b5253f69
TL9KTT,Traffic,Disabled vehicle,19004,Lower Merion,E CITY AVE & BELMONT AVE,1,38182834
TL9LMP,EMS,Subject in pain,19440,Hatfield Township,SNOWBALL DR & 1ST ST,1,f66b29d3
TL9LTX,EMS,General weakness,19150,Cheltenham,CHELTENHAM AVE & E UPSAL ST,1,643d9bc3
TL9LZU,EMS,Seizures,19096,Lower Merion,JAMES RD & FARISTON DR,1,ae33e16c
TL9M1B,EMS,Syncopal episode,19095,Cheltenham,EASTON RD & GREENWOOD AVE,1,5d43a24a
TL9M4Z,Fire,Fire alarm,19038,Springfield,BETHLEHEM PIKE & CHESNEY LN,1,7d949696
TL9M6L,EMS,Cardiac emergency,19090,Upper Moreland,MARYLAND RD & COMMERCE AVE,1,2fa7f47f
TL9MVJ,Traffic,Vehicle accident,19006,Abington,HUNTINGDON PIKE & SUSQUEHANNA RD,1,175df1f7
TL9MWO,Traffic,Vehicle accident,18041,East Greenville,E 5TH ST & MAIN ST,1,3d2e1123
TL9NHL,EMS,General weakness,19464,Pottstown,HIGH ST & S WASHINGTON ST,1,76d38d9e
TL9NP9,Traffic,Vehicle accident,19150,Cheltenham,CHELTENHAM AVE & 79TH AVE,1,654f49ab
TL9NWA,Fire,Fire alarm,19044,Horsham,WELSH RD & DRESHER RD,1,c766d204
TL9NZX,Traffic,Vehicle accident,19446,Montgomery,ADDISON LN & AILEEN DR,1,dbf22d13
TL9O05,EMS,Cardiac arrest,19403,Lower Providence,SHANNONDELL DR & SHANNONDELL BLVD,1,a7d99d45
TL9ODT,EMS,Respiratory emergency,19095,Cheltenham,WASHINGTON LN & W CHURCH RD,1,dc40452e
TL9PFI,EMS,Cardiac emergency,19044,Horsham,JACK LADDER CIR & LOG POND DR,1,dfb33de8
TL9PKM,Traffic,Disabled vehicle,19401,Norristown,W MAIN ST & CHERRY ST,1,957afc00
TL9PKT,EMS,Head injury,19428,Conshohocken,POPLAR ST & SCHUYLKILL RIVER TRL,1,9dfa2ff1
TL9Q25,Traffic,Road obstruction,19087,Upper Merion,VALLEY FORGE PARK RD & VALLEY CREEK RD,1,f09ea8a9
TL9Q3O,Fire,Fire alarm,19462,Plymouth,LEE DR & DAVIS DR,1,02bd87e4
TL9Q4X,EMS,Fracture,19038,Abington,EASTON RD & MT VERNON DR,1,4ace6b9c
TL9QBU,EMS,Fall victim,19473,Skippack,SCENIC VIEW DR & CREEKWOOD DR,1,a051cab8
TL9QGM,Fire,Fire investigation,19006,Abington,MEADOWBROOK DR & HUNTINGDON PIKE,1,2c65ad79
TL9QID,EMS,Unknown medical emergency,18073,Upper Hanover,GRAVEL PIKE & WALTERS RD,1,b6924043
TL9QJL,Fire,Fire investigation,19046,Jenkintown,GREENWOOD AVE & HIGHLAND AVE,1,7eb30670
TL9QOJ,EMS,Allergic reaction,19406,Upper Merion,ANTHONY RD & ELLIOTT DR,1,6ed949e8
TL9R2C,Fire,Fire alarm,19401,Norristown,WOOD ST & GREEN ST,1,a3f0d57f
TL9SSH,EMS,Fall victim,19403,East Norriton,CAPITOL RD & TAFT RD,1,e151aab8
TL9SWK,Fire,Fire alarm,19001,Abington,JERICHO RD & HORACE AVE,1,8cb84bd0
TL9T5T,EMS,Abdominal pains,19462,Whitemarsh,COLONY LN & MAYFLOWER RD,1,82f96728
TL9T98,Fire,Fire special service,19403,East Norriton,CAPITOL RD & TAFT RD,1,b0b9d231
TL9TQI,EMS,Fall victim,19460,Upper Providence,GOLDFINCH CIR & BLACK ROCK RD,1,7ec00563
TL9U5S,Traffic,Hazardous road conditions,19038,Springfield,BAILEY RD & CARLISLE RD,1,df6b6ed0
TL9UBG,Traffic,Road obstruction,19072,Lower Merion,BRAEBURN LN & BROAD ACRES RD,1,c6c7d487
TL9UKM,EMS,Subject in pain,19401,Norristown,WALNUT ST & MOORE ST,1,58bb6aa4
TL9UYN,EMS,Lacerations,18054,Green Lane,WALNUT ST & 2ND ST,1,08c3f4e7
TL9VUE,Fire,Fire alarm,18964,Franconia,CHERRY LN & MIFFLIN ST,1,da475298
TL9WQG,EMS,General weakness,19025,Upper Dublin,GREEN VALLEY CIR & BROOKDALE CT,1,aa5b4c13
TL9WRJ,Traffic,Disabled vehicle,18074,New Hanover,LAYFIELD RD & DEEP CREEK RD,1,2fc0eef9
TL9X5Z,Traffic,Disabled vehicle,19446,Towamencin,TROXEL RD & SNYDER RD,1,3f43cab2
TL9X87,EMS,Abdominal pains,19464,Lower Pottsgrove,KENNY RD & OAKCREST RD,1,57f21561
TL9XF3,EMS,Respiratory emergency,19440,Hatfield Township,LINE LEXINGTON RD & REBECCA DR,1,26155b8c
TL9XG9,EMS,Abdominal pains,19468,Upper Providence,MAIN ST & GREENWOOD AVE,1,7961c3d8
TL9Y2T,EMS,Lacerations,19438,Lower Salford,EASTWOODS DR & YODER RD,1,ae297bcb
TL9YE7,EMS,Fall victim,19403,West Norriton,STONYBROOK DR & N WHITEHALL RD,1,06a861e2
TL9YIH,EMS,Cardiac emergency,19454,Montgomery,STUMP RD & HORSHAM RD,1,7a2bfcbb
TL9YPU,Traffic,Road obstruction,18054,Marlborough,CAMPBELL RD & GRABER RD,1,e6746c46
TL9ZV9,EMS,Assault victim,19464,West Pottsgrove,HOWARD ST & WALNUT ST,1,8296aaa3
TLA0EI,EMS,Overdose,18041,East Greenville,STATE ST & 4TH ST,1,3fd18e7d
TLA0IO,EMS,Fall victim,19438,Lower Salford,MAIN ST & OLD SUMNEYTOWN PIKE,1,e26273f1
TLA0X0,EMS,Assault victim,19406,Upper Merion,GULPH RD & KIRK AVE,1,8637ba0f
TLA2DS,EMS,Respiratory emergency,19046,Abington,THE FAIRWAY  & RYDAL RD,1,67e3b07c
TLA2MG,EMS,EMS special service,19006,Lower Moreland,RED LION RD & MURRAY AVE,1,8b8142f7
TLA3JX,EMS,Abdominal pains,19090,Upper Moreland,KNOCK N KNOLL CIR & EASTON RD,1,63bee303
TLA442,EMS,Respiratory emergency,19426,Collegeville,MAIN ST & E 9TH AVE,1,c9998a23
TLA455,EMS,Diabetic emergency,19473,Perkiomen,ANDALUSIAN RD & FOX HEATH BLVD,1,883ef293
TLA4GG,EMS,Subject in pain,19401,Norristown,WILLOW ST & E BASIN ST,1,db863697
TLA5J0,Fire,Building fire,19446,Upper Gwynedd,BARRY AVE & KEITH LN,1,18937c64
TLA5LD,EMS,Abdominal pains,19027,Cheltenham,WOODLAWN AVE & TOWANDA AVE,1,18751e55
TLA5UY,EMS,Unconscious subject,19401,Norristown,MARKLEY ST & W SPRUCE ST,1,9223d031
TLA6UA,Fire,Fire alarm,19090,Upper Dublin,ALBA RD & NORTH HILLS AVE,1,ee650430
TLA7AR,EMS,Fall victim,19040,Upper Moreland,PRESTON LN & CORINTHIAN AVE,1,885b24a4
TLA7WV,Fire,Carbon monoxide detector,19090,Upper Moreland,WINDMILL RD & RED BARN RD,1,f9de0af8
TLA7X0,EMS,Carbon monoxide detector,19090,Upper Moreland,WINDMILL RD & RED BARN RD,1,08ac60ae
TLA8G8,EMS,Cardiac arrest,19525,Douglass,GROSSER RD & HEMLOCK DR,1,73f9a41b
TLA8IZ,EMS,Abdominal pains,19040,Hatboro,MADISON AVE & EVERGREEN AVE,1,796582f3
TLA8K5,Fire,Cardiac arrest,19525,Douglass,GROSSER RD & HEMLOCK DR,1,d92698e9
TLA9AG,Fire,Fire alarm,19401,Norristown,CHURCH ST & E AIRY ST,1,08948021
TLA9U3,Traffic,Vehicle accident,19401,Norristown,HAMILTON ST & W LAFAYETTE ST,1,5fb2dd13
TLAA6F,EMS,Subject in pain,19401,Norristown,HAWS AVE & W BLACKBERRY ALY,1,34c06a96
TLAAKE,EMS,General weakness,19027,Abington,TOWNSHIP LINE RD & HAINES AVE,1,c0f2b49d
TLAALD,EMS,Cardiac emergency,19038,Abington,MT CARMEL AVE & HOUSTON AVE,1,5705c63b
TLAB10,EMS,CVA/stroke,18073,Upper Hanover,BORDEAUX LN & ROSE DR,1,468449ae
TLAB7X,EMS,Medical alert alarm,19403,Lower Providence,SHANNONDELL DR & SHANNONDELL BLVD,1,582e89fd
TLAC7N,EMS,Respiratory emergency,19464,Pottstown,YORK ST & E 8TH ST,1,df40f4f8
TLAD5J,EMS,Fall victim,19438,Lower Salford,MAIN ST & OLD SUMNEYTOWN PIKE,1,41a2b37b
TLADRM,EMS,Cardiac emergency,19401,East Norriton,GERMANTOWN PIKE & HANNAH AVE,1,ac9b1237
TLADT7,EMS,Assault victim,19464,Pottstown,HIGH ST & S FRANKLIN ST,1,db5d0199
TLAE07,EMS,Head injury,19096,Lower Merion,WYNNEWOOD RD & LANCASTER AVE,1,0d7f7efe
TLAEU3,Fire,Fire alarm,18070,Upper Hanover,STAUFFER RD & GRAVEL PIKE,1,20f06192
TLAEV8,EMS,Abdominal pains,19401,Norristown,SPRUCE ST & GRADY ALY,1,25f9064b
TLAEZ8,EMS,Cardiac emergency,19034,Upper Dublin,MUNDOCK RD & SUSQUEHANNA RD,1,a01d9aba
TLAF2X,Fire,Fire alarm,19027,Cheltenham,STAHR RD & PARK AVE,1,1aab2aba
TLAF4V,Traffic,Hazardous road conditions,19403,West Norriton,W JAMES ST & COLONIAL AVE,1,9f4d0003
TLAFP5,EMS,Respiratory emergency,19401,Norristown,NORTH HILLS DR & JANEWAY DR,1,b7bedc7a
TLAG1Y,Fire,Building fire,19038,Springfield,EVERGREEN AVE & STENTON AVE,1,d1050ad9
TLAGCE,EMS,Head injury,19095,Cheltenham,BARKER RD & GREENWOOD AVE,1,ffde6f4b
TLAGFU,EMS,General weakness,19002,Lower Gwynedd,PENLLYN PIKE & FOXFIELD RD,1,1c00e264
TLAGIN,EMS,Respiratory emergency,19454,Horsham,HORSHAM RD & GREEN TREE TAVERN RD,1,58a4279b
TLAHI7,EMS,Fall victim,19403,Lower Providence,SHANNONDELL DR & SHANNONDELL BLVD,1,ac1504a9
TLAHXL,EMS,Unconscious subject,19401,East Norriton,GERMANTOWN PIKE & DEKALB PIKE,1,7aa54364
TLAI0C,EMS,Subject in pain,19464,Upper Pottsgrove,FARMINGTON AVE & EVANS RD,1,63d67610
TLAI7O,EMS,Abdominal pains,19462,Plymouth,IRWINS LN & PLYMOUTH RD,1,1912afb5
TLAIBN,Fire,Fire alarm,19004,Lower Merion,LEVERING MILL RD & BALA AVE,1,93f018e5
TLAIYI,EMS,Subject in pain,19468,Upper Providence,KEOKUK RD & IROQUOIS DR,1,b007b888
TLAIYX,Traffic,Vehicle accident,19090,Upper Moreland,MARYLAND RD & EASTON RD,1,ba4a62cb
TLAJ8T,EMS,Cardiac emergency,19090,Abington,MORELAND RD & LAWNTON RD,1,4b4a4c40
TLAJEG,EMS,Vehicle accident,19090,Upper Moreland,MARYLAND RD,1,7199b579
TLAJFQ,Traffic,Vehicle accident,19462,Plymouth,CHEMICAL RD & GALLAGHER RD,1,08eaa1d6
TLAJJI,EMS,Altered mental status,19422,Lower Gwynedd,TREWELLYN AVE & GWYNEDD AVE,1,faf8313f
TLAJNT,EMS,Subject in pain,19462,Plymouth,GERMANTOWN PIKE & LAUNFALL RD,1,38583cc8
TLAJSH,EMS,Respiratory emergency,19446,Upper Gwynedd,SUMNEYTOWN PIKE & MERCK GATE 1,1,325dd669
TLAK0T,EMS,General weakness,18964,Franconia,FINCH DR & MOCKINGBIRD DR,1,915231b9
TLAK4F,EMS,Fall victim,19405,Bridgeport,PROSPECT AVE & FRALEY ST,1,6b3b6047
TLAK72,EMS,Respiratory emergency,19422,Whitpain,TWIN SILO DR & MORRIS RD,1,25a178d4
TLAKOZ,Traffic,Vehicle accident,19468,Limerick,RT422  & RAMP EVERGREEN RD TO RT422 EB,1,4bb6d524
TLAKZP,Fire,Vehicle accident,19468,Limerick,RT422  & RAMP EVERGREEN RD TO RT422 EB,1,b599604e
TLAKZV,EMS,Vehicle accident,19468,Limerick,RT422  & RAMP EVERGREEN RD TO RT422 EB,1,a0331534
TLAL2V,EMS,Subject in pain,18073,Upper Hanover,FINLAND RD & GERYVILLE PIKE,1,8ef81f37
TLALB6,Fire,Fire alarm,19038,Upper Dublin,NORTH HILLS AVE & WOODROW AVE,1,83fd4884
TLALFA,EMS,Abdominal pains,19401,Norristown,ARCH ST & E FREEDLEY ST,1,9f532ebf
TLALGY,EMS,Cardiac arrest,19401,Norristown,PINE ST & W ROBERTS ST,1,da722bd9
TLALIE,EMS,Fall victim,18073,Red Hill,MAIN ST & WALTERS RD,1,9d59dc8f
TLALJU,EMS,Back pains/injury,19406,Upper Merion,HENDERSON RD & SAULIN BLVD,1,6d62fa90
TLALLU,EMS,Medical alert alarm,19403,Lower Providence,SHANNONDELL DR & SHANNONDELL BLVD,1,d96e4f3b
TLALRV,EMS,Fall victim,19090,Upper Moreland,COMMERCE AVE & MARYLAND RD,1,878ad970
TLALSA,Traffic,Vehicle accident,19001,Abington,PARKVIEW AVE & SILVER AVE,1,9894d9ba
TLALU0,EMS,General weakness,19403,Lower Providence,SHANNONDELL DR & SHANNONDELL BLVD,1,0d7bbca5
TLALZS,Fire,Fire special service,18073,Red Hill,MAIN ST & WALTERS RD,1,c96384dc
TLAM2H,Fire,Fire investigation,19040,Upper Moreland,DOROTHY ST & CASTELLO AVE,1,ac56f970
TLAM7V,EMS,General weakness,19027,Cheltenham,WEBB RD & OLD YORK RD,1,48e4ee77
TLAMAV,EMS,Respiratory emergency,19454,Montgomery,REDWOOD CT & REDWOOD DR,1,522cfe53
TLAMU8,EMS,General weakness,19444,Whitemarsh,GERMANTOWN PIKE & KERPER RD,1,89491818
TLAMYK,EMS,Building fire,19512,Berks County,PHILADELPHIA AVE & S FRANKLIN ST,1,ece1d613
TLAN4F,EMS,Respiratory emergency,19038,Abington,HIGHLAND AVE & GHOST RD,1,0d95741e
TLANF2,EMS,Fall victim,19401,Norristown,WALNUT ST & E FORNANCE ST,1,d9937c6a
TLANIN,EMS,Subject in pain,19403,West Norriton,MAIN ST & S WAKEFIELD RD,1,296df75d
TLANJW,EMS,Altered mental status,19038,Cheltenham,MT CARMEL AVE & ROBERTS AVE,1,12e985df
TLANKR,EMS,Fall victim,19095,Cheltenham,WASHINGTON LN & TOWNSHIP LINE RD,1,5a8a1c98
TLANMF,Fire,Fire alarm,19446,Lansdale,GETTYSBURG DR & NORWAY DR,1,2b29c352
TLANPH,EMS,Respiratory emergency,19465,Chester County,SHEFFIELD LN & SHENKEL RD,1,bfe9871b
TLANS6,Traffic,Vehicle accident,19468,Limerick,RT422  & RAMP EVERGREEN RD TO RT422 EB,1,53b741a3
TLANZM,EMS,Cardiac arrest,19440,Hatfield Township,LINE LEXINGTON RD & BENT RD,1,a9687a5b
TLAOLS,EMS,CVA/stroke,19406,Bridgeport,BUSH ST & WALNUT ST,1,ed181699
TLAOTS,EMS,Nausea/vomiting,19401,East Norriton,DEKALB PIKE & COLONIAL DR,1,99c8a5ca
TLAPDY,EMS,Seizures,19002,Horsham,BUTLER PIKE & NESBITT RD,1,db0b3438
TLAPLC,Traffic,Vehicle accident,19072,Narberth,MONTGOMERY AVE & SABINE AVE,1,d0e9ecf2
TLAQ5M,Traffic,Vehicle accident,19444,Whitemarsh,GERMANTOWN PIKE & JOSHUA RD,1,b69be207
TLAR9N,Fire,Rescue,19464,Lower Pottsgrove,S PLEASANT VIEW RD,1,a1d89b36
TLAR9V,EMS,Rescue,19464,Lower Pottsgrove,S PLEASANT VIEW RD,1,3f902003
TLARDE,EMS,Syncopal episode,19002,Lower Gwynedd,WELSH RD & DARDEN DR,1,b53710ad
TLARJK,EMS,Cardiac arrest,18964,Franconia,SUMMIT ST & COLONIAL AVE,1,8d82fa74
TLARX0,EMS,Nausea/vomiting,19464,Lower Pottsgrove,HIGH ST & BROWN ST,1,932c1464
TLAS8U,EMS,Head injury,19468,Upper Providence,BLACK ROCK RD & S TRAPPE RD,1,8c6d43d0
TLASIA,EMS,Fall victim,19087,Upper Merion,HIGHVIEW DR & WOODLAND DR,1,8c0d97b7
TLASRI,EMS,Fall victim,19444,Whitemarsh,RIDGE PIKE & BARREN HILL RD,1,f8308a4e
TLASSD,EMS,Altered mental status,19454,Montgomery,UPPER STATE RD & BETHLEHEM PIKE,1,89f00ee8
TLASZO,EMS,Syncopal episode,19403,Lower Providence,APPLEDALE RD & MIDDLE SCHOOL DR,1,9cafbb3f
TLAT5R,EMS,Respiratory emergency,19464,Pottstown,KING ST & PENN ST,1,82380cf4
TLAT7G,EMS,Medical alert alarm,19403,West Norriton,MARSHALL ST & N MONTGOMERY AVE,1,95b302a1
TLAT87,EMS,Subject in pain,19044,Horsham,HORSHAM RD & MAPLE AVE,1,779717e8
TLATCU,EMS,Back pains/injury,19464,West Pottsgrove,ASH ST & W VINE ST,1,c1880090
TLATPY,Traffic,Vehicle accident,19401,East Norriton,DEKALB PIKE & DEKALB BLVD,1,1acaffa3
TLAU14,Traffic,Vehicle fire,19041,Lower Merion,LANCASTER AVE & OLD LANCASTER RD,1,3fa603c5
TLAU18,Fire,Vehicle fire,19041,Lower Merion,LANCASTER AVE & OLD LANCASTER RD,1,9e787830
TLAUE4,EMS,Fall victim,19405,Bridgeport,PROSPECT AVE & FRALEY ST,1,dde98601
TLAUIL,EMS,Abdominal pains,19002,Upper Dublin,SUSQUEHANNA RD & SPARK DR,1,3673a0cc
TLAUKX,Fire,Fire alarm,19403,West Norriton,HIGHLAND AVE & HOOVER AVE,1,73f6888a
TLAUM1,Traffic,Vehicle accident,19150,Cheltenham,CHELTENHAM AVE & 79TH AVE,1,49ba0091
TLAUQG,EMS,Seizures,19438,Lower Salford,MAIN ST & CLEMENS RD,1,a87d8247
TLAUU6,Traffic,Disabled vehicle,19090,Upper Moreland,LAWNTON RD & EASTON RD,1,c7c1acb1
TLAUX1,EMS,Unconscious subject,19464,Pottstown,HIGH ST & BEECH ST,1,beb3b14f
TLAV6V,EMS,General weakness,19075,Springfield,ALLEN RD & BRIAR RD,1,7cc2072c
TLAVEP,Traffic,Vehicle accident,19002,Upper Dublin,DILLON RD & MEETINGHOUSE RD,1,a407699f
TLAVGP,Fire,Fire investigation,19438,Lower Salford,OLD MORRIS RD & TRUMAN CT,1,b1a54890
TLAVNG,Traffic,Vehicle accident,19428,Conshohocken,FAYETTE ST & E 1ST AVE,1,b6c67831
TLAVQL,EMS,Unknown medical emergency,19401,East Norriton,DEKALB PIKE & COLONIAL DR,1,39e86702
TLAVTL,EMS,Assault victim,19505,Berks County,TOWNSHIP LINE RD,1,55474ba3
TLAVV6,EMS,Cardiac emergency,18073,Pennsburg,MACOBY ST & UNNAMED ALY,1,9ec9e1ef
TLAVXW,EMS,Respiratory emergency,19096,Lower Merion,LANCASTER AVE & LANKENAU DR,1,650dc806
TLAW3J,Fire,Fire alarm,19462,Plymouth,BELVOIR RD & SANDY HILL RD,1,23fbcc28
TLAWL5,EMS,Nausea/vomiting,19428,Plymouth,BURKE AVE & NORTH LN,1,614e704b
TLAX94,EMS,Cardiac arrest,19428,Conshohocken,E 6TH AVE,1,25a30fe8
TLAX99,Fire,Cardiac arrest,19428,Conshohocken,E 6TH AVE,1,86dc5379
TLAXFW,Traffic,Disabled vehicle,19044,Horsham,DRESHER RD & WITMER RD,1,11995a21
TLAXJB,Traffic,Vehicle accident,19004,Lower Merion,BELMONT AVE & RAMP I76 EB TO BELMONT AVE,1,c2008093
TLAYMS,EMS,Respiratory emergency,19034,Upper Dublin,DRESHERTOWN RD & CRESTVIEW DR,1,8cd72299
TLAYWX,Fire,Fire police needed,19454,Montgomery,HARTMAN RD,1,c3afa16d
TLAZ3E,EMS,Medical alert alarm,19422,Whitpain,SPLITRAIL LN & W BUTLER PIKE,1,d51d5bd5
TLAZBB,Traffic,Disabled vehicle,19025,Upper Dublin,TWINING RD & SUSQUEHANNA RD,1,76f369aa
TLAZDA,EMS,Subject in pain,19046,Abington,JENKINTOWN RD & WALNUT ST,1,4146361e
TLAZIG,Traffic,Vehicle accident,18964,Souderton,MAIN ST & LUMBER ST,1,15ff073d
TLAZIZ,Traffic,Disabled vehicle,19446,Montgomery,SUMMER RIDGE DR & COUNTY LINE RD,1,adfcf6f5
TLB0BX,Fire,Fire alarm,19027,Cheltenham,TOWNSHIP LINE RD & HOLME AVE,1,d3845ad7
TLB0FO,Traffic,Vehicle accident,19038,Cheltenham,WAVERLY RD & S KESWICK AVE,1,e54e7c31
TLB0FO-1,Traffic,Vehicle accident,19038,Cheltenham,S EASTON RD & WAVERLY RD,1,930759a6
TLB0O6,Traffic,Disabled vehicle,19406,Upper Merion,W DEKALB PIKE & S GULPH RD,1,8801e07c
TLB0PJ,Fire,Building fire,19038,Abington,EDGE HILL RD & HOUSTON AVE,1,c777bf6c
TLB0XD,EMS,Head injury,18073,Pennsburg,MACOBY ST & E 5TH ST,1,aa3b3752
TLB0YO,EMS,Fracture,19403,West Norriton,RIVERVIEW BLVD,1,63b4a6ec
TLB0YO-1,EMS,Fracture,19403,West Norriton,MINUTEMEN LN & SENTINEL RDG,1,e7319498
TLB0YO-2,EMS,Fracture,19403,West Norriton,SENTINEL RDG & SARATOGA LN,1,58f44b14
TLB13Z,EMS,Respiratory emergency,19464,Pottstown,HIGH ST & S FRANKLIN ST,1,ae4df6c3
TLB16W,EMS,Fall victim,19468,Upper Providence,MENNONITE RD & COCHISE LN,1,ecef814f
TLB17E,Traffic,Road obstruction,19422,Whitpain,PULASKI DR & BALBOA BND,1,09b96c0b
TLB1GE,Fire,Fire alarm,19406,Upper Merion,HOLSTEIN RD & DECHERT DR,1,a48d4a4b
TLB1N9,EMS,Respiratory emergency,19031,Springfield,SUFFOLK RD & PRESTON RD,1,ff367b75
TLB1Q8,Traffic,Vehicle accident,19027,Cheltenham,OLD YORK RD & VALLEY RD,1,93bc8a1d
TLB1ZZ,EMS,Assault victim,19406,Upper Merion,VANDENBURG RD & W BEIDLER RD,1,b1b9f127
TLB29W,EMS,Fall victim,19446,Towamencin,VALLEY FORGE RD & ALLENTOWN RD,1,316529d9
TLB2CZ,EMS,Head injury,19004,Lower Merion,BELMONT AVE & COLWYN LN,1,40786920
TLB2HG,EMS,Head injury,18969,Telford,3RD ST & HECTOR ALY,1,77a54aa3
TLB2I2,EMS,EMS special service,19406,Upper Merion,VALLEY FORGE RD & N HENDERSON RD,1,4c93685b
TLB2JP,Traffic,Disabled vehicle,19422,Whitpain,SKIPPACK PIKE & NARCISSA RD,1,123786d5
TLB2N2,Traffic,Vehicle accident,19401,Norristown,SELMA ST & W WASHINGTON ST,1,881a645d
TLB2NM,Traffic,Vehicle accident,19090,Abington,MORELAND RD & LUKENS AVE,1,8919e0f7
TLB2S0,EMS,Subject in pain,19066,Lower Merion,OLD LANCASTER RD & UPLAND TER,1,ebb225f9
TLB2TI,EMS,Fall victim,19075,Springfield,ALLISON RD & BRUCE RD,1,d6035c72
TLB2VH,EMS,Respiratory emergency,19403,Lower Providence,MOCKINGBIRD LN & FALCON RD,1,d1c548c0
TLB3CP,Traffic,Disabled vehicle,19462,Plymouth,RIDGE PIKE & CHEMICAL RD,1,fcca411a
TLB3FL,EMS,CVA/stroke,19090,Abington,COLUMBIA AVE & COOLIDGE AVE,1,3c5be327
TLB3U2,Traffic,Vehicle accident,19473,Perkiomen,OTT RD & GRAVEL PIKE,1,558f35c0
TLB3UA,Fire,Vehicle accident,19473,Perkiomen,OTT RD,1,e7679dca
TLB3UG,EMS,Vehicle accident,19473,Perkiomen,OTT RD,1,bd4a6da4
TLB45Q,Fire,Gas-odor/leak,19440,Hatfield Township,N FORD DR,1,714377e4
TLB4SJ,Traffic,Vehicle accident,19473,Perkiomen,OTT RD & GRAVEL PIKE,1,fe87121c
TLB4WP,EMS,Subject in pain,19464,Pottstown,ROBINSON ST & TUCKER CT,1,e715fba8
TLB509,EMS,Fracture,19401,Norristown,MAIN ST & GEORGE ST,1,09573af2
TLB516,Traffic,Vehicle accident,19525,New Hanover,HOFFMANSVILLE RD & HOUSEMAN RD,1,b15a4b1b
TLB5AG,Traffic,Vehicle accident,19464,Upper Pottsgrove,RT100 SB & W MOYER RD,1,68d71226
TLB5CE,EMS,Vehicle accident,19525,New Hanover,HOFFMANSVILLE RD & HOUSEMAN RD,1,f206274a
TLB5V1,Fire,Fire alarm,19038,Cheltenham,COBDEN RD & WILLOW GROVE AVE,1,560e2657
TLB5WC,Traffic,Road obstruction,19403,East Norriton,W GERMANTOWN PIKE & N TROOPER RD,1,7d9c5752
TLB69A,Traffic,Road obstruction,19403,East Norriton,W GERMANTOWN PIKE & N TROOPER RD,1,ef14d1ac
TLB6F7,EMS,Cardiac emergency,19426,Trappe,HAGEY PL & HERITAGE PARK BLVD,1,b532e745
TLB6O8,Fire,Fire alarm,19046,Abington,MEETINGHOUSE RD & DEVON RD,1,32bff2f7
TLB77Y,EMS,Seizures,18964,Souderton,COUNTY LINE RD & E BROAD ST,1,af9dea65
TLB795,EMS,Fall victim,19090,Upper Moreland,DAVISVILLE RD & FERN AVE,1,e57417aa
TLB79X,EMS,Lacerations,19454,Montgomery,BETHLEHEM PIKE & NORTH WALES RD,1,7e8e1ba4
TLB7DR,Traffic,Vehicle accident,18074,Lower Frederick,LITTLE RD & N GRAVEL PIKE,1,8e630d2b
TLB7ER,EMS,Medical alert alarm,19465,Chester County,HANOVER ST & E MAIN ST,1,1cac19af
TLB7F7,EMS,Head injury,19444,Whitemarsh,RIDGE PIKE & MULBERRY LN,1,7e394448
TLB7FV,EMS,Abdominal pains,19464,Pottstown,WASHINGTON ST & CHESTNUT ST,1,1c6ca9ca
TLB7M7,Traffic,Vehicle accident,18074,Lower Frederick,LITTLE RD & N GRAVEL PIKE,1,435a6055
TLB7N0,EMS,Head injury,19446,Towamencin,FORTY FOOT RD & MORGANDALE DR,1,c02ff9ce
TLB87E,Traffic,Vehicle accident,19462,Plymouth,GERMANTOWN PIKE & LAUNFALL RD,1,0e19bcb2
TLB89C,Fire,Fire alarm,19406,Upper Merion,SPRINGDELL RD & REES DR,1,ccca0309
TLB8N6,EMS,Subject in pain,19465,Chester County,HARVEY LN & BREEZE VIEW DR,1,67663752
TLB8OZ,EMS,Fall victim,19446,Lansdale,ELM AVE & EDGEMONT AVE,1,ab2f5ab6
TLB8PZ,EMS,Seizures,19095,Cheltenham,CHURCH RD & BENT RD,1,db5d74be
TLB90C,EMS,CVA/stroke,19464,Pottstown,HILLSIDE DR & QUEEN ST,1,fc9955fc
TLB91P,Traffic,Vehicle accident,19401,Norristown,HAWS AVE & W AIRY ST,1,db8816cc
TLB942,Fire,Fire investigation,19473,Skippack,ELSA CT & SPENCER DR,1,f90126b8
TLB97E,EMS,Syncopal episode,19446,Lansdale,PARK AVE,1,895daad1
TLB97E-1,EMS,Syncopal episode,19446,Lansdale,PARK AVE,1,895daad1
TLB97E-2,EMS,Syncopal episode,19446,Upper Gwynedd,BROAD ST & WHITES RD,1,d35ce6a6
TLB9CZ,Traffic,Vehicle accident,19403,West Norriton,EAGLE DR & BURNSIDE AVE,1,05c760fd
TLB9FT,Fire,Fire alarm,19010,Delaware County,ROBERTS RD & VAUCLAIN RD,1,175c7e4e
TLB9NT,EMS,Fall victim,19403,Lower Providence,PARK AVE & 2ND ST,1,58879dbd
TLB9UG,EMS,Cardiac emergency,19464,West Pottsgrove,PULASKI ST & GLASGOW ST,1,552751c5
TLB9XE,Fire,Woods/field fire,19040,Hatboro,YORK RD & W MONTGOMERY AVE,1,ef9a3543
TLB9YP,Traffic,Vehicle accident,19454,Montgomery,BETHLEHEM PIKE & NORTH WALES RD,1,e3122443
TLB9ZQ,EMS,General weakness,19468,Limerick,PEBBLE BEACH DR & PALMER PL,1,659743ad
TLBADC,EMS,Unconscious subject,19401,Norristown,HARDING BLVD & MARKLEY ST,1,e752655c
TLBAKI,EMS,Poisoning,19462,Plymouth,RAINIER RD & SIERRA RD,1,123af6a2
TLBAP2,EMS,Head injury,19446,Hatfield Township,MEDICAL CAMPUS DR & N LINE ST,1,c89ec5b4
TLBATU,Fire,Fire investigation,19464,Pottstown,CHARLOTTE ST & GROWS ALY,1,bc40a1f5
TLBAUY,EMS,Abdominal pains,19401,Norristown,BEECH ST & NOBLE ST,1,6d4c9fdb
TLBAYC,EMS,Cardiac emergency,19002,Horsham,HORSHAM RD & CHESTNUT LN,1,edc5502a
TLBB2N,Traffic,Road obstruction,19403,East Norriton,W GERMANTOWN PIKE & N TROOPER RD,1,df6ff4aa
TLBBK4,EMS,Vehicle accident,19464,Pottstown,HIGH ST,1,e9d4d4d1
TLBBK8,Traffic,Vehicle accident,19464,Pottstown,HIGH ST & BEECH ST,1,e1f23906
TLBBPB,Traffic,Vehicle accident,19464,Pottstown,HIGH ST & BEECH ST,1,34ee16fb
TLBBPT,Fire,Vehicle accident,19464,Pottstown,HIGH ST,1,d2f84706
TLBBQP,EMS,Subject in pain,19406,Upper Merion,SPRINGHOUSE RD & CROSSFIELD RD,1,90d3c759
TLBBU9,EMS,Fall victim,19046,Abington,THE FAIRWAY  & RYDAL RD,1,e5d6fb71
TLBCA0,EMS,Cardiac arrest,19401,Norristown,NORTHVIEW BLVD & NEW HOPE ST,1,81fe0390
TLBCGA,EMS,Altered mental status,19426,Upper Providence,COLLEGEVILLE RD & ARCOLA RD,1,29682912
TLBCHO,Fire,Electrical fire outside,19464,Upper Pottsgrove,FARMINGTON AVE & RAMP RT100 SB TO FARMINGTON AVE,1,dc2f0086
TLBCLF,EMS,Subject in pain,19465,Chester County,TOWN SQUARE RD & W CEDARVILLE RD,1,46684e39
TLBD17,Traffic,Road obstruction,19438,Franconia,EXTENSION PENNSYLVANIA TPKE & SCHOOLHOUSE RD ACCESS GATE,1,5a0ac324
TLBD21,EMS,Fall victim,19401,Norristown,W POPLAR ST,1,5fa58d64
TLBD3F,Fire,Cardiac arrest,19401,Norristown,NORTHVIEW BLVD & NEW HOPE ST,1,06a1d80a
TLBD4J,EMS,Fall victim,19464,Lower Pottsgrove,EAST CT & SOUTH CT,1,01dc9684
TLBD70,EMS,Head injury,19422,Whitpain,DEKALB PIKE & BLUE BELL SPRINGS DR,1,3f710660
TLBDFT,EMS,General weakness,19464,Pottstown,HANOVER ST & E 4TH ST,1,8dd89689
TLBDJA,EMS,Subject in pain,19038,Springfield,HAWS LN & FRASER RD,1,aa5b97ce
TLBDQQ,Traffic,Vehicle accident,19403,West Norriton,EAGLE DR & BURNSIDE AVE,1,ffcee0e8
TLBE44,EMS,Medical alert alarm,19454,Horsham,HORSHAM RD & GREEN TREE TAVERN RD,1,6f3df182
TLBEP4,EMS,General weakness,19464,Pottstown,GRANDVIEW RD & BEECH ST,1,785246cc
TLBEQY,Traffic,Road obstruction,18041,Upper Hanover,KUTZTOWN RD & JACOBS SAWMILL RD,1,66aec36a
TLBEY5,EMS,Fall victim,19464,Pottstown,MANATAWNY ST & BEECH ST,1,c9825387
TLBF54,Fire,Fire special service,19464,Pottstown,MANATAWNY ST & BEECH ST,1,17f87506
TLBG2P,Fire,Carbon monoxide detector,19012,Cheltenham,FRANKLIN AVE & CENTRAL AVE,1,6dd46172
TLBG2U,EMS,Carbon monoxide detector,19012,Cheltenham,FRANKLIN AVE & CENTRAL AVE,1,ff84fc97
TLBG4S,EMS,Unknown medical emergency,19002,Ambler,BETHLEHEM PIKE & ARGYLE AVE,1,2f1cf130
TLBG8X,EMS,Subject in pain,19454,Montgomery,HARVARD DR & HARVARD CT,1,f0b4633a
TLBGAZ,EMS,Cardiac emergency,19438,Lower Salford,CRICKET LN & MOYER RD,1,033a474c
TLBGEJ,Traffic,Vehicle accident,19468,Upper Providence,BLACK ROCK RD & S TRAPPE RD,1,34a27e4f
TLBGKU,EMS,Abdominal pains,19512,Berks County,SUNRISE LN & VALE DR,1,2dcb1b7c
TLBGM0,EMS,Altered mental status,19046,Abington,GROVE AVE & CENTER AVE,1,4ef249cb
TLBGYI,EMS,Head injury,19001,Abington,WOODLAND RD & ST CHARLES PL,1,20f3c7be
TLBH5R,EMS,Unknown medical emergency,19401,Norristown,AIRY ST & DEKALB ST,1,a1c69ea5
TLBH9N,EMS,Respiratory emergency,19401,Norristown,CHERRY ST & W MAIN ST,1,fb726530
TLBHAM,EMS,Nausea/vomiting,19095,Cheltenham,CURTIS DR & BOK RD,1,d7914f3c
TLBHGD,Traffic,Road obstruction,19438,Franconia,EXTENSION PENNSYLVANIA TPKE & SCHOOLHOUSE RD ACCESS GATE,1,da25dbe2
TLBHM5,Traffic,Vehicle accident,19401,Norristown,OAK ST & GEORGE ST,1,7653250a
TLBI49,EMS,Respiratory emergency,19090,Upper Moreland,FAIRHILL ST & WARREN ST,1,69057aa9
TLBI5I,EMS,Fall victim,19446,Towamencin,HICKORY CT & BANCROFT RD,1,f1725c91
TLBIDC,Traffic,Vehicle accident,19446,Lansdale,S LINE ST & PENN ST,1,0441d011
TLBIE8,Fire,Fire investigation,19066,Lower Merion,SCHILLER AVE & MEETING HOUSE LN,1,ca0d933a
TLBIFO,EMS,Cardiac emergency,19044,Horsham,JACK LADDER CIR & LOG POND DR,1,cc780935
TLBIJM,Traffic,Vehicle accident,19002,Upper Dublin,BETHLEHEM PIKE & HOMESTEAD LN,1,a82a47f9
TLBIST,EMS,Vehicle accident,19446,Lansdale,S LINE ST,1,2ef8cc90
TLBK2Z,EMS,Choking,19454,Montgomery,GARDEN GOLF BLVD & BETHLEHEM PIKE,1,3517643f
TLBKS0,EMS,Abdominal pains,19401,Norristown,W SPRUCE ST,1,c7a9dad5
TLBKUM,EMS,Cardiac emergency,18054,Marlborough,HILL RD & HOUSEMAN RD,1,f6d7d3b6
TLBKXN,EMS,Fall victim,18964,Franconia,CHATHAM CT & DEERFIELD DR,1,f0ac4bf8
TLBL5R,EMS,Fall victim,19405,Bridgeport,GROVE ST & E RAMBO ST,1,4b9fbabf
TLBLBI,EMS,Back pains/injury,19473,Lower Frederick,GRIMLEY RD & LAUREEN RD,1,f944274b
TLBLL1,EMS,Cardiac arrest,19401,East Norriton,OLD ARCH RD & BIRCHWOOD DR,1,89ccb1ae
TLBLPP,Fire,Fire special service,19405,Bridgeport,GROVE ST & E RAMBO ST,1,5ca78c54
TLBLRU,Fire,Fire special service,18964,Franconia,CHATHAM CT & DEERFIELD DR,1,04c073e6
TLBM3M,Traffic,Disabled vehicle,19090,Upper Moreland,MINERAL AVE & N YORK RD,1,4ef3f78f
TLBMLC,Fire,Carbon monoxide detector,19066,Lower Merion,HIGHLAND AVE & BROOME LN,1,e45e167b
TLBN4D,EMS,Head injury,19406,Upper Merion,COVERED BRIDGE RD & REES DR,1,61af36b4
TLBN5I,EMS,Head injury,19401,Norristown,PINE ST & W ROBERTS ST,1,e5c9f5b1
TLBN86,EMS,Seizures,19090,Upper Moreland,DIVISION AVE & LIMESTONE LN,1,f977a9f9
TLBNSK,Traffic,Vehicle accident,19006,Abington,HUNTINGDON PIKE & MEADOWBROOK DR,1,c286a1f1
TLBNSW,Traffic,Disabled vehicle,19454,Montgomery,BETHLEHEM PIKE & DEKALB PIKE,1,fc8f5005
TLBNUY,Traffic,Vehicle accident,19040,Hatboro,YORK RD & E MORELAND AVE,1,acaec634
TLBNXZ,Traffic,Vehicle accident,19006,Abington,HUNTINGDON PIKE & MEADOWBROOK DR,1,90694cf2
TLBP0T,EMS,Fall victim,19401,Norristown,MAIN ST & GEORGE ST,1,4f612b2b
TLBP4R,Fire,Fire alarm,19464,Pottstown,HIGH ST & S FRANKLIN ST,1,0cea7646
TLBPOT,EMS,Eye injury,19438,Towamencin,SUMNEYTOWN PIKE & TOWAMENCIN AVE,1,2fe47790
TLBRC1,Traffic,Disabled vehicle,19034,Whitemarsh,PENNSYLVANIA AVE & INDIANA AVE,1,e22edbdf
TLBS1X,Fire,Fire alarm,19446,Lansdale,W 3RD ST,1,a9b78a30
TLBSKE,EMS,Diabetic emergency,19464,West Pottsgrove,MANATAWNY ST & GROSSTOWN RD,1,84e75b5b
TLBSQ1,EMS,Cardiac emergency,19403,Lower Providence,SHANNONDELL DR & SHANNONDELL BLVD,1,7a0fc6d5
TLBSUR,EMS,Overdose,19006,Lower Moreland,ROBIN LN & CARDINAL LN,1,fb82a8f2
TLBT0W,EMS,Overdose,19002,Horsham,BUTLER PIKE & NESBITT RD,1,dc268e78
TLBTCJ,Fire,Carbon monoxide detector,19446,Towamencin,ORVILLA RD & WEIKEL RD,1,bbebecc6
TLBTDI,Fire,Fire alarm,19096,Lower Merion,OLD GULPH RD & MCCLENAGHAN MILL RD,1,fa44f987
TLBTNX,EMS,Fall victim,19403,West Norriton,LIBERTY AVE & NEW ST,1,06531d72
TLBVNP,EMS,Head injury,19468,Upper Providence,BLACK ROCK RD & S TRAPPE RD,1,b0957393
TLBWGS,EMS,Fall victim,19096,Lower Merion,WYNNEWOOD AVE & HAVERFORD AVE,1,74d2dfd8
TLBXI9,Fire,Electrical fire outside,19426,Collegeville,SCHOOL ST & 8TH AVE,1,84a46617
TLBXUB,EMS,Cardiac emergency,19468,Upper Providence,COLIN DR & ANDREW WAY,1,7f8eeddf
TLBYCK,EMS,Fall victim,19403,Lower Providence,TROOPER RD & CHESTNUT AVE,1,3a0cf797
TLBYJK,Traffic,Road obstruction,19525,New Hanover,FAGLEYSVILLE RD & ST VICTORIA DR,1,c6b58614
TLBYTO,EMS,Abdominal pains,19038,Cheltenham,LIMEKILN PIKE & W MT CARMEL AVE,1,289e6968
TLBZBW,EMS,Back pains/injury,19044,Horsham,JACK LADDER CIR & LOG POND DR,1,7a6c7525
TLBZFA,Fire,Fire alarm,19446,Upper Gwynedd,VALLEY FORGE RD & BOYD AVE,1,6fb4d155
TLC0P1,Traffic,Road obstruction,19096,Lower Merion,KENT RD & HATHAWAY LN,1,23e4682c
TLC1KR,EMS,Cardiac arrest,19446,Montgomery,TAYLOR RD & BRIDLE PATH RD,1,d4725bf6
TLC228,EMS,Cardiac emergency,19406,Upper Merion,DEKALB PIKE & TOWN CENTER RD,1,081979e1
TLC3E3,EMS,Respiratory emergency,19468,Upper Providence,BLACK ROCK RD & S TRAPPE RD,1,3df4ff33
TLC3TD,Fire,Fire investigation,19464,Upper Pottsgrove,MAUGERS MILL RD & PATRICIA LN,1,05e37e9a
TLC3Z8,EMS,Fall victim,19460,Upper Providence,PETERS WAY & LOGAN RD,1,4de3154d
TLC491,Traffic,Road obstruction,19095,Cheltenham,CHURCH RD & HEACOCK LN,1,1c83bf79
TLC491-1,Traffic,Road obstruction,19095,Cheltenham,CHURCH RD & BENT RD,1,721154c4
TLC4NG,EMS,Back pains/injury,19473,Lower Frederick,GRIMLEY RD & LAUREEN RD,1,3fa4c5c8
TLC4YF,Fire,Fire alarm,19438,Lower Salford,SCHLOSSER RD & MORRIS RD,1,e4783df6
TLC54J,EMS,General weakness,19401,Norristown,ARCH ST,1,61a4b12a
TLC5LA,EMS,Overdose,18041,East Greenville,JEFFERSON ST & 3RD ST,1,d8c22e68
TLC6TV,EMS,Fall victim,19422,Whitpain,MAGNOLIA DR & DANDELION DR,1,111f94f6
TLC6UX,EMS,Respiratory emergency,19401,Norristown,SELMA ST & W ELM ST,1,06377a98
TLC7GN,EMS,Subject in pain,19446,Lansdale,MAIN ST & WOODLAND DR,1,6bb9ed01
TLC7NT,EMS,Cardiac emergency,19401,Norristown,MARSHALL ST & GEORGE ST,1,50ad8834
TLC7R7,EMS,CVA/stroke,19041,Lower Merion,AVONWOOD RD & ROSE LN,1,1fb714ec
TLC7S0,EMS,Cardiac emergency,19406,Upper Merion,ANTHONY RD & THOMAS DR,1,f4843411
TLC808,Traffic,Vehicle accident,19422,Whitpain,WALTON RD & SKIPPACK PIKE,1,f71355e7
TLC8CD,EMS,Respiratory emergency,19072,Lower Merion,HAGYS FORD RD & CHERMAR LN,1,7d0f5899
TLC8HU,EMS,Unknown medical emergency,19401,Norristown,HAWS AVE & W OAK ST,1,60927505
TLC8MI,Fire,Fire alarm,19401,Norristown,CHURCH ST & E AIRY ST,1,02251a22
TLC8NG,Traffic,Vehicle accident,19525,Douglass,LUDWIG RD & MIDDLE CREEK RD,1,b9dd4ec1
TLC9MB,EMS,Head injury,19446,Lansdale,BROAD ST & E 6TH ST,1,db3dd3c9
TLCA2U,EMS,Syncopal episode,19002,Horsham,LOWER STATE RD & SQUIRE DR,1,7af8bbe2
TLCACQ,EMS,Subject in pain,19428,Conshohocken,7TH AVE & MAPLE ST,1,19b9f735
TLCAFK,EMS,Fall victim,19438,Franconia,MAPLEWOOD DR & CRESCENT CIR,1,8bf00e3e
TLCAX3,EMS,Unknown medical emergency,19403,Lower Providence,EAGLEVILLE RD & SUNDERLAND DR,1,f794b9a9
TLCAZK,Traffic,Road obstruction,19460,Upper Providence,CANAL ST & STORE ST,1,0690d2be
TLCBKO,Fire,Fire alarm,19428,Conshohocken,1ST AVE & FAYETTE ST,1,21cfa6ed
TLCC1L,Traffic,Road obstruction,19403,Worcester,GERMANTOWN PIKE & WINDY HILL RD,1,40512405
TLCC4S,Traffic,Vehicle accident,19010,Lower Merion,COUNTY LINE RD & AIRDALE RD,1,6881f98c
TLCCBC,Fire,Gas-odor/leak,19464,Lower Pottsgrove,MERVINE ST & HALE ST,1,c200de47
TLCCCY,EMS,Respiratory emergency,19428,Conshohocken,MAPLE ST & W ELM ST,1,ac6dd6ca
TLCCG3,EMS,Cardiac arrest,19403,West Norriton,BURNSIDE AVE & WEBER LN,1,38f8601b
TLCCHC,Traffic,Vehicle accident,19462,Plymouth,PLYMOUTH RD & RAMP I476 NB TO PLYMOUTH RD,1,d1167e56
TLCCJK,EMS,Cardiac emergency,19040,Hatboro,JACKSONVILLE RD & TANNER AVE,1,4617f924
TLCCNN,Traffic,Vehicle accident,19462,Plymouth,W GERMANTOWN PIKE & PLYMOUTH RD,1,f8a40707
TLCCR4,Traffic,Vehicle accident,19006,Lower Moreland,HUNTINGDON PIKE & CATHEDRAL RD,1,aa032a78
TLCCSG,EMS,Diabetic emergency,19454,Horsham,HORSHAM RD & GREEN TREE TAVERN RD,1,aa28a388
TLCCTH,Traffic,Vehicle accident,19462,Plymouth,PLYMOUTH RD & RAMP I476 NB TO PLYMOUTH RD,1,6c769592
TLCCXJ,EMS,Head injury,19040,Upper Moreland,BYBERRY RD & VILLAGE CIR,1,690d9461
TLCD0P,Fire,Elevator emergency,19406,Upper Merion,GULPH RD & CROTON RD,1,56e11b33
TLCDKK,EMS,Hemorrhaging,19090,Abington,MORELAND RD & ALLISON RD,1,0b234e42
TLCDSS,EMS,Cardiac arrest,18969,Franconia,CREAMERY RD & FREED RD,1,44a6a24f
TLCDVO,EMS,Respiratory emergency,19003,Lower Merion,ARDMORE AVE & SCHOOL LN,1,d38c6727
TLCDYE,Traffic,Vehicle accident,19006,Lower Moreland,BYBERRY RD & PHILMONT AVE,1,ce416328
TLCE1E,EMS,CVA/stroke,18076,Red Hill,JEFFERSON ST & W 7TH ST,1,4adda322
TLCE2H,EMS,Syncopal episode,19006,Lower Moreland,HUNTINGDON PIKE,1,981c151f
TLCE2O,EMS,Subject in pain,19440,Hatfield Township,BERGEY RD & PENN ST,1,2ce59127
TLCED5,EMS,Subject in pain,19440,Hatfield Township,JEAN DR & TOWAMENCIN AVE,1,2af4ff70
TLCEI8,Traffic,Vehicle accident,19006,Lower Moreland,COUNTY LINE RD & JAMES WAY,1,36c78071
TLCEYD,EMS,Abdominal pains,19401,Norristown,KELLY DR & REGATTA CIR,1,795dcd25
TLCF6W,EMS,Respiratory emergency,19406,Upper Merion,W DEKALB PIKE,1,aa834612
TLCF7P,Fire,Woods/field fire,19010,Delaware County,WOOTTON RD & BRYN MAWR AVE,1,c754d1c9
TLCFFW,Fire,Fire alarm,19401,Norristown,WALNUT ST & E MAIN ST,1,a654d394
TLCFG1,Traffic,Vehicle accident,19468,Upper Providence,RIDGE PIKE & KLINE RD,1,40371845
TLCFIW,EMS,Seizures,19438,Lower Salford,SHADY NOOK RD & CRESSMAN RD,1,5d783d26
TLCFJW,EMS,Respiratory emergency,19001,Abington,WOODLAND RD & ST CHARLES PL,1,e4cdc3ce
TLCFNM,EMS,Dizziness,19403,Lower Providence,SHANNONDELL DR & SHANNONDELL BLVD,1,ba1d4d5b
TLCFOR,EMS,Fall victim,19454,North Wales,MAIN ST & E MONTGOMERY AVE,1,9c40a368
TLCFRP,EMS,General weakness,19403,Lower Providence,EAGLEVILLE RD & SUNDERLAND DR,1,beb84d2e
TLCGBP,EMS,Cardiac arrest,18964,Telford,LINCOLN AVE & WOOD ALY,1,1eb4f49d
TLCGJP,EMS,Back pains/injury,19446,Lansdale,MOYERS RD & UNNAMED ALY,1,500f2dc3
TLCGWD,EMS,CVA/stroke,19095,Cheltenham,FERNBROOK AVE & MAPLE AVE,1,878de7af
TLCGX0,EMS,Medical alert alarm,19095,Cheltenham,THORNBERRY RD & WISTAR DR,1,c42447f3
TLCH3J,EMS,Unknown medical emergency,19095,Cheltenham,EASTON RD & GREENWOOD AVE,1,29a11987
TLCH7G,Traffic,Road obstruction,19038,Upper Dublin,LOGAN AVE & SUMMIT AVE,1,0cdf54e4
TLCHEQ,Traffic,Vehicle accident,19027,Cheltenham,OLD YORK RD & CHELTENHAM AVE,1,6fa7ab9b
TLCHFE,Traffic,Road obstruction,19004,Lower Merion,SCHUYLKILL EXPY & RAMP I76 WB TO BELMONT AVE,1,0fabc643
TLCHGT,EMS,Fall victim,19406,Upper Merion,VALLEY FORGE RD & GENERAL STEUBEN RD,1,3d15f1cf
TLCHLZ,Fire,Gas-odor/leak,19401,Norristown,ARCH ST & E FREEDLEY ST,1,14383702
TLCHR2,EMS,General weakness,19401,Norristown,LOCUST ST & DOGWOOD DR,1,879c0463
TLCHRV,EMS,Seizures,19422,Whitpain,GLENEAGLES DR & GOLFVIEW DR,1,f77fc147
TLCI5X,EMS,Hemorrhaging,19468,Upper Providence,BLACK ROCK RD & S TRAPPE RD,1,38e5d116
TLCI8L,EMS,Medical alert alarm,19041,Lower Merion,OLD LANCASTER RD & W MONTGOMERY AVE,1,fbf70ad6
TLCIE7,EMS,Subject in pain,19038,Abington,GARFIELD AVE & LINCOLN AVE,1,98743f76
TLCIGB,Traffic,Vehicle accident,19401,East Norriton,W GERMANTOWN PIKE & SWEDE RD,1,f84626b1
TLCIQD,EMS,Syncopal episode,18969,Franconia,KELLER CREAMERY RD & GERHART LN,1,8ef05957
TLCIVJ,Traffic,Disabled vehicle,19454,Worcester,EXTENSION PENNSYLVANIA TPKE & DEKALB PIKE ACCESS GATE,1,a62db4cd
TLCIW1,Traffic,Vehicle accident,19464,Pottstown,FARMINGTON AVE & WILLOW ST,1,09c7a7a8
TLCIXO,EMS,Respiratory emergency,19090,Upper Moreland,EASTON RD & LAWNTON RD,1,1dba3304
TLCJ76,EMS,Nausea/vomiting,19454,Montgomery,LINCOLN DR & E KENNEDY RD,1,c04c1e8f
TLCJ81,EMS,Respiratory emergency,18964,Franconia,SUMMIT ST & COLONIAL AVE,1,65fecee1
TLCJCF,EMS,Cardiac emergency,19040,Upper Moreland,WALTON RD & WINNER RD,1,4398a715
TLCJHX,EMS,Diabetic emergency,19464,Pottstown,KEIM ST & MORRIS ST,1,1e65baae
TLCJIL,EMS,Vehicle accident,19046,Abington,OLD YORK RD & BAEDER RD,1,8a4d954c
TLCJIQ,Traffic,Vehicle accident,19046,Abington,OLD YORK RD & BAEDER RD,1,6d501824
TLCJJE,EMS,Respiratory emergency,19422,Whitpain,FERGUSON LN & MARA DR,1,11a45e1e
TLCJMI,EMS,Respiratory emergency,19111,Abington,FILLMORE ST & NAPFLE AVE,1,6dd2ca2f
TLCJPR,Fire,Vehicle accident,19046,Abington,OLD YORK RD & BAEDER RD,1,666f3fb4
TLCJRP,Fire,Cardiac arrest,19464,Lower Pottsgrove,OAKDALE DR & MIRKWOOD CT,1,f505bdda
TLCJRU,EMS,Cardiac arrest,19464,Lower Pottsgrove,OAKDALE DR & MIRKWOOD CT,1,daf20f6a
TLCJVI,EMS,Respiratory emergency,19446,Towamencin,SNYDER RD & VALLEY FORGE RD,1,7482dd17
TLCJX1,EMS,Altered mental status,19454,Horsham,HORSHAM RD & GREEN TREE TAVERN RD,1,24e6ce5d
TLCJXQ,EMS,Cardiac emergency,19401,Norristown,FOREST AVE & W AIRY ST,1,449eef07
TLCK03,EMS,Unresponsive subject,19446,Towamencin,ALLENTOWN RD & WOODLAWN DR,1,17639b59
TLCK2W,Traffic,Vehicle accident,19006,Lower Moreland,HUNTINGDON PIKE & COUNTY LINE RD,1,66e59737
TLCK6Q,EMS,General weakness,19401,Norristown,LOCUST ST & DOGWOOD DR,1,5a023149
TLCK80,Traffic,Vehicle accident,19462,Plymouth,GERMANTOWN PIKE & SANDY HILL RD,1,be8b32a8
TLCKOG,EMS,Lacerations,19438,Skippack,ASHLAND DR & COLEBROOK LN,1,4951937a
TLCKPX,Traffic,Vehicle accident,19027,Cheltenham,OLD YORK RD & CHELTENHAM AVE,1,2895d91a
TLCKQN,Traffic,Disabled vehicle,19006,Lower Moreland,HUNTINGDON PIKE & COUNTY LINE RD,1,3a3d8362
TLCKQO,EMS,Cardiac emergency,19001,Abington,OLD YORK RD & GUERNSEY AVE,1,eda2fcd0
TLCL1E,Traffic,Disabled vehicle,19454,Worcester,EXTENSION PENNSYLVANIA TPKE & DEKALB PIKE ACCESS GATE,1,9a9d9a6a
TLCL1Q,Traffic,Road obstruction,19004,Lower Merion,SCHUYLKILL EXPY & RAMP I76 WB TO BELMONT AVE,1,dbb68033
TLCL31,Fire,Fire alarm,19096,Lower Merion,WYNNEWOOD RD & PENN RD,1,d3edd95b
TLCLBT,Traffic,Hazardous road conditions,19001,Abington,MORELAND RD & CHERRY ST,1,5d2b6839
TLCLH8,Traffic,Disabled vehicle,19462,Whitemarsh,FLOURTOWN RD & CAMBURN RD,1,e528596d
TLCLH9,Fire,Fire alarm,19041,Lower Merion,MONTGOMERY AVE & GRAYS LN,1,26411505
TLCLJM,EMS,Fall victim,19426,Upper Providence,NOTTINGHAM LN & QUINCY ST,1,ce38af73
TLCLKD,Fire,Fire alarm,19096,Lower Merion,DORSET LN & HAVERFORD RD,1,b1b0d6b3
TLCLLI,EMS,Head injury,19406,Upper Merion,GEORGE DR & EDWARDS DR,1,09384778
TLCLQ4,EMS,Fall victim,19401,Norristown,ASTOR ST & W POPLAR ST,1,7226c68a
TLCLY0,EMS,Heat exhaustion,19440,Hatfield Township,TARRINGTON WAY & ORVILLA RD,1,542ab6f6
TLCMCC,EMS,Head injury,19403,West Norriton,PENFIELD AVE & UNION ST,1,25126600
TLCMN2,Traffic,Vehicle accident,19002,Horsham,WELSH RD & BUTLER PIKE,1,5c0942cb
TLCMPR,EMS,Abdominal pains,19446,Lansdale,SQUIRREL LN & PINE ST,1,457ad3b8
TLCMY5,EMS,Cardiac emergency,19401,East Norriton,GERMANTOWN PIKE & HANNAH AVE,1,f373319c
TLCN1U,EMS,Cardiac emergency,19403,West Norriton,KESWICK WAY & CAREY LN,1,65fe7c8a
TLCN5Q,Traffic,Vehicle accident,19031,Springfield,BETHLEHEM PIKE & WEISS AVE,1,3ce55af1
TLCNC4,Fire,Fire alarm,19454,Montgomery,BUCKINGHAM LN & WESTMINSTER DR,1,da39e8c8
TLCNF0,Traffic,Road obstruction,19403,West Norriton,W MAIN ST & COLONIAL AVE,1,a27d8c37
TLCNMM,Traffic,Road obstruction,19454,Montgomery,UPPER STATE RD & FAIRACRES DR,1,e63270e0
TLCNR3,EMS,Fall victim,19464,Lower Pottsgrove,EVERGREEN RD & W LIGHTCAP RD,1,4b23f3c6
TLCNVW,EMS,Head injury,19046,Abington,THE FAIRWAY  & RYDAL RD,1,dc8afa02
TLCNZT,EMS,Seizures,19446,Lansdale,6TH ST & KENILWORTH AVE,1,1ef96ad0
TLCO31,EMS,Head injury,19006,Lower Moreland,PHILMONT AVE & TOMLINSON RD,1,4569eb1a
TLCO82,EMS,Respiratory emergency,19454,Horsham,HORSHAM RD & GREEN TREE TAVERN RD,1,7202dd51
TLCO8X,EMS,Fall victim,19072,Lower Merion,OAKWOOD DR & OAKWOOD TER,1,2a8fa724
TLCODR,Traffic,Road obstruction,19401,Norristown,BASIN ST & ARCH ST,1,85bff607
TLCOHN,EMS,CVA/stroke,19462,Plymouth,GERMANTOWN PIKE & HICKORY RD,1,ec06e2ec
TLCOOY,EMS,Seizures,19004,Lower Merion,PRINCETON RD & CAMBRIDGE RD,1,119775bb
TLCOXB,EMS,Head injury,19422,Whitpain,PLYMOUTH RD & LANTERN LN,1,02da3232
TLCOYO,EMS,Subject in pain,19040,Upper Moreland,BYBERRY RD & VILLAGE CIR,1,816c6466
TLCOZR,EMS,General weakness,19406,Upper Merion,WARNER RD & CONTINENTAL DR,1,a41ff80b
TLCP0V,Traffic,Road obstruction,19002,Horsham,LLANFAIR RD & WELSH RD,1,a8d0f346
TLCPGB,EMS,Abdominal pains,19428,Whitemarsh,ROBERTS AVE & HALLOWELL ST,1,4d187b3c
TLCPJA,EMS,Unconscious subject,19035,Lower Merion,WILLIAMSON RD & DOVE LAKE RD,1,ffcb6fa6
TLCPOV,Traffic,Vehicle accident,19406,Upper Merion,SCHUYLKILL EXPY & RAMP I76 WB TO S GULPH RD,1,70133b4c
TLCPTQ,EMS,Drowning,19454,North Wales,10TH ST & E MONTGOMERY AVE,1,c209112c
TLCPWW,EMS,General weakness,19464,Pottstown,SHOEMAKER RD & ROBINSON ST,1,dc499613
TLCPWW-1,EMS,General weakness,18074,Pottstown,SHOEMAKER RD & CONNECTING ROAD,1,fdf2fb46
TLCQ19,Traffic,Disabled vehicle,19468,Upper Providence,LEWIS RD & CHEYENNE RD,1,806e0aac
TLCQ24,EMS,Subject in pain,19428,Conshohocken,5TH AVE & FORREST ST,1,2e7bb371
TLCQ2D,Traffic,Vehicle accident,19406,Upper Merion,MALL BLVD & N GULPH RD,1,1ac64568
TLCQ3R,EMS,Overdose,19090,Upper Moreland,BARTRAM RD,1,88e5fe34
TLCQ9U,Fire,S/B at helicopter landing,19454,North Wales,10TH ST & E MONTGOMERY AVE,1,e403b82e
TLCQE8,Traffic,Vehicle accident,19403,Lower Providence,RIDGE PIKE & N TROOPER RD,1,763694c2
TLCQE8-1,Traffic,Vehicle accident,19403,West Norriton,MAIN ST & LAWN AVE,1,108af8a7
TLCQFC,EMS,Cardiac emergency,19090,Abington,MORELAND RD & LAWNTON RD,1,d5329158
TLCQGO,EMS,Dehydration,19446,Lansdale,6TH ST & KENILWORTH AVE,1,47195f51
TLCQIM,EMS,Heat exhaustion,19422,Whitpain,GOLFVIEW DR & SHOAL CREEK DR,1,70400556
TLCQNZ,EMS,Unknown medical emergency,19462,Plymouth,GERMANTOWN PIKE & ATRIUM WAY,1,7472e56c
TLCQPY,EMS,Diabetic emergency,19406,Upper Merion,MALL BLVD & N GULPH RD,1,a4395c9d
TLCQRZ,EMS,Unconscious subject,18041,East Greenville,VALLEY RD & COLONIAL DR,1,7ac2652d
TLCQSO,EMS,Head injury,19046,Abington,OLD YORK RD & WYNCOTE RD,1,7e8f7ef7
TLCQVV,EMS,Syncopal episode,19401,Norristown,MAIN ST & BARBADOES ST,1,53aab46a
TLCR62,Traffic,Vehicle accident,19046,Abington,OLD YORK RD & LENOX RD,1,af0c6823
TLCRA9,Traffic,Disabled vehicle,19406,Upper Merion,N GULPH RD & W DEKALB PIKE,1,214023bf
TLCRB5,Traffic,Vehicle accident,19046,Abington,OLD YORK RD & LENOX RD,1,9db22543
TLCRIL,EMS,Seizures,19403,Lower Providence,SHANNONDELL DR & SHANNONDELL BLVD,1,007837d2
TLCRKF,EMS,Respiratory emergency,19403,East Norriton,EMBASSY CIR & TAFT RD,1,7e3ec296
TLCRPY,Traffic,Vehicle accident,19010,Lower Merion,MT PLEASANT RD & SPRING MILL RD,1,c1bc6a98
TLCRRP,EMS,Head injury,19438,Towamencin,TOWAMENCIN AVE & SUMNEYTOWN PIKE,1,b5bd82f9
TLCRUT,Traffic,Vehicle accident,19151,Lower Merion,CITY AVE & HOLLINGSWORTH RD,1,fe8da50d
TLCRXT,Traffic,Vehicle accident,19401,Norristown,W MARSHALL ST & CHERRY ST,1,d3399375
TLCRXV,EMS,Cardiac emergency,19464,Lower Pottsgrove,DOGWOOD CT & CHERRYWOOD CT,1,8772d23d
TLCRZ5,Traffic,Vehicle accident,19046,Abington,OLD YORK RD & LENOX RD,1,854fa382
TLCRZG,Traffic,Vehicle accident,19095,Cheltenham,RICES MILL RD & W CHURCH RD,1,a2057746
TLCS36,Fire,Fire alarm,19401,Norristown,WILLOW ST & SCOTT ALY,1,ff76c5a7
TLCS5R,EMS,Cardiac emergency,19446,Towamencin,DOCK DR & DETWILER RD,1,8e802ab3
TLCSBN,Traffic,Road obstruction,19446,Towamencin,FORTY FOOT RD & QUARRY RD,1,e22bf142
TLCSGR,Traffic,Vehicle accident,19401,Norristown,W MARSHALL ST & CHERRY ST,1,db25478a
TLCSH9,EMS,Medical alert alarm,19038,Abington,HIGHLAND AVE & GHOST RD,1,06dc6880
TLCSH9-1,Traffic,Vehicle accident,19006,Lower Moreland,BYBERRY RD & WALSH LN,1,47b21d29
TLCSS7,Fire,Fire alarm,19454,North Wales,2ND ST & E WALNUT ST,1,ece37552
TLCSS7-1,Fire,Fire alarm,19454,North Wales,2ND ST & LUMBER ST,1,7417a88d
TLCTDC,Traffic,Vehicle accident,19031,Springfield,E VALLEY GREEN RD & CHURCH RD,1,4b607a61
TLCTPI,Traffic,Vehicle accident,19031,Springfield,E VALLEY GREEN RD & CHURCH RD,1,fafd4d01
TLCTRV,Traffic,Hazardous road conditions,19002,Upper Dublin,SENECA RUN & ARROWHEAD TRL,1,76520a74
TLCTVH,EMS,Heat exhaustion,19428,Conshohocken,6TH AVE & WOOD ST,1,35a24e72
TLCTWN,EMS,General weakness,19151,Lower Merion,CITY AVE & HOLLINGSWORTH RD,1,be0fcfd0
TLCU1W,EMS,Abdominal pains,18969,Franconia,ALLENTOWN RD & MORWOOD RD,1,683bcb34
TLCUAH,Traffic,Vehicle accident,18964,Franconia,LOWER RD & GODSHALL RD,1,c96a3504
TLCUBC,EMS,Fall victim,19525,New Hanover,SWAMP PICNIC RD & N CHARLOTTE ST,1,3412fb33
TLCUP3,EMS,Lacerations,19038,Abington,HAMEL AVE & WOODROW AVE,1,e92ef232
TLCUQS,Fire,Carbon monoxide detector,19454,Montgomery,REGENCY DR & SAVORY LN,1,8ff3f758
TLCUV7,Traffic,Disabled vehicle,19454,Montgomery,NORTH WALES RD & HARBOB LN,1,9884c70e
TLCV35,EMS,Cardiac arrest,19010,Lower Merion,LANCASTER AVE & ELLIOTT AVE,1,63f58171
TLCVDN,EMS,Fall victim,18964,Souderton,SUMMIT ST & UNNAMED ALY,1,f8767e5d
TLCVKT,Traffic,Vehicle accident,19406,Upper Merion,W VALLEY FORGE RD & MOORE RD,1,3cef98d4
TLCVS8,EMS,Nausea/vomiting,19004,Lower Merion,BELMONT AVE & COLWYN LN,1,ed758950
TLCVVT,EMS,Altered mental status,19473,Limerick,STEINMETZ RD & BRAGG RD,1,da87f319
TLCWJY,EMS,Vehicle accident,19002,Lower Gwynedd,NORRISTOWN RD & RADCLIFF LN,1,ba109817
TLCWK9,Traffic,Vehicle accident,19002,Lower Gwynedd,NORRISTOWN RD & RADCLIFF LN,1,17fa7ac5
TLCWQF,EMS,Cardiac emergency,19460,Upper Providence,PIN OAKS DR & WILLOWWOOD DR,1,0e70d763
TLCWRC,Traffic,Vehicle fire,19001,Abington,SUSQUEHANNA RD & OLD YORK RD,1,fa808cb3
TLCWT8,Traffic,Vehicle accident,19401,East Norriton,NORRIS CITY AVE & SWEDE RD,1,fef2d85a
TLCWWM,EMS,Head injury,19464,Lower Pottsgrove,EVERGREEN RD & W LIGHTCAP RD,1,ab3aaf17
TLCWY0,EMS,General weakness,19001,Abington,WOODLAND RD & ROTHLEY AVE,1,eb8da295
TLCX31,EMS,Vehicle accident,19401,East Norriton,NORRIS CITY AVE & SWEDE RD,1,cfe18a4a
TLCX89,Traffic,Vehicle accident,19446,Lansdale,E 4TH ST & N BROAD ST,1,f36c7199
TLCX8X,EMS,Vehicle accident,19446,Lansdale,E 4TH ST,1,39a91aaa
TLCXBZ,EMS,Vehicle accident,19009,Bryn Athyn,ALDEN RD & FETTERS MILL RD,1,a8da898c
TLCXCP,EMS,Subject in pain,19464,Pottstown,HIGH ST & BEECH ST,1,922d8494
TLCXCS,Traffic,Vehicle accident,19009,Bryn Athyn,ALDEN RD & FETTERS MILL RD,1,e72dea76
TLCXQH,EMS,Seizures,19010,Lower Merion,COUNTY LINE RD & THOMAS AVE,1,f8a6a198
TLCY3A,Traffic,Vehicle accident,19006,Lower Moreland,WELSH RD & WALTON RD,1,aee041fc
TLCY65,Traffic,Vehicle accident,19046,Jenkintown,GREENWOOD AVE & WEST AVE,1,6db9741e
TLCY7B,EMS,Abdominal pains,19003,Lower Merion,BLEDDYN RD & W MONTGOMERY AVE,1,d59b52e9
TLCYDQ,EMS,Heat exhaustion,19038,Abington,TENNIS AVE & SPEAR AVE,1,b07d788b
TLCZ2Q,EMS,Fall victim,19010,Lower Merion,CONSHOHOCKEN STATE RD & HARTDALE LN,1,dc7a041c
TLCZGN,Traffic,Hazardous road conditions,19010,Lower Merion,OLD GULPH RD & N ITHAN AVE,1,b8fd8618
TLCZOF,EMS,Fall victim,19435,Upper Frederick,DOGWOOD DR & ASTER LN,1,701af614
TLD07G,EMS,Heat exhaustion,19406,Upper Merion,GULPH RD & KIRK AVE,1,4290c365
TLD0B9,EMS,Unknown medical emergency,19044,Horsham,BUSINESS CENTER DR & DRESHER RD,1,9de927b1
TLD0DI,Fire,Fire alarm,19046,Jenkintown,WEST AVE & GREENWOOD AVE,1,bd71f891
TLD0F0,EMS,Subject in pain,19004,Lower Merion,CITY AVE & N 47TH ST,1,6a51a58c
TLD0H6,Fire,Fire alarm,19428,Conshohocken,ELM ST & MAPLE ST,1,773c573e
TLD0O3,Traffic,Vehicle accident,19046,Jenkintown,YORK RD & CHERRY ST,1,fa1d9a9c
TLD0XB,EMS,Allergic reaction,19403,West Norriton,HILLSIDE LN & BETZWOOD DR,1,b7e2a487
TLD1GW,EMS,Medical alert alarm,19403,Lower Providence,SHANNONDELL DR & SHANNONDELL BLVD,1,33cb997e
TLD1KF,Fire,Fire alarm,19401,Norristown,CHURCH ST & E AIRY ST,1,bc5079fd
TLD1XV,EMS,Respiratory emergency,19403,Lower Providence,TROOPER RD & CHESTNUT AVE,1,e0a8207f
TLD21D,EMS,Fever,19454,Montgomery,RUNNING BROOK RD & NESHAMINY FALLS CIR,1,f0ae5614
TLD25Y,EMS,Subject in pain,18073,Pennsburg,MONTGOMERY AVE & MENSCH DAM RD,1,7a26c090
TLD277,EMS,General weakness,19038,Cheltenham,MONTIER RD & LYNNWOOD AVE,1,94f23317
TLD2VE,EMS,Seizures,19504,Douglass,GREEN HILL RD & HOFFMAN RD,1,1235eba4
TLD2W4,EMS,Dizziness,19403,East Norriton,PIERCE RD & W HAYES RD,1,d4f4fb8e
TLD311,Traffic,Disabled vehicle,19464,Upper Pottsgrove,RT100 NB & N STATE ST,1,ce50dc69
TLD3FR,EMS,Head injury,19426,Upper Providence,TOWN CENTER DR & BROAD ST,1,de82966d
TLD3IX,EMS,General weakness,19006,Bryn Athyn,HUNTINGDON PIKE & CATHEDRAL RD,1,cc8f2b38
TLD3JP,EMS,Fall victim,19460,Upper Providence,PERKIOMEN AVE & PENNSYLVANIA AVE,1,b7a743d7
TLD3PY,EMS,Abdominal pains,19090,Abington,MORELAND RD & LAWNTON RD,1,9a8a8980
TLD3Q3,Traffic,Disabled vehicle,19465,Chester County,LAURELWOOD RD & BECKER LN,1,1b54a748
TLD3QP,EMS,CVA/stroke,19403,Lower Providence,PARK AVE & FALCON RD,1,a4c65314
TLD3RS,Fire,S/B at helicopter landing,19428,Conshohocken,WASHINGTON ST & ASH ST,1,eed892f9
TLD3S9,Traffic,Vehicle accident,19464,Limerick,RT422  & RAMP RT422 WB TO EVERGREEN RD,1,4d504808
TLD3TF,EMS,General weakness,19454,Montgomery,ADAMS CT & INDEPENDENCE DR,1,ef635edf
TLD3U0,Traffic,Vehicle accident,19440,Hatfield Township,COWPATH RD & ORVILLA RD,1,65afa385
TLD3VT,EMS,Respiratory emergency,19446,Lansdale,LANSDALE AVE & E 7TH ST,1,badd036f
TLD3WD,Traffic,Road obstruction,19403,West Norriton,WOODLAND,1,0326cecf
TLD3WD-1,Traffic,Road obstruction,19403,East Norriton,SUNSET AVE & WOODLAND AVE,1,66c85701
TLD3Z2,Traffic,Vehicle accident,19464,Limerick,RT422  & RAMP RT422 WB TO EVERGREEN RD,1,2143a289
TLD41P,Traffic,Vehicle accident,19464,Limerick,RT422  & RAMP RT422 WB TO EVERGREEN RD,1,d5dc8ccf
TLD429,Fire,Gas-odor/leak,19403,Lower Providence,FALCON RD & MOCKINGBIRD LN,1,7baf9113
TLD42T,Traffic,Vehicle accident,19464,Limerick,RT422  & RAMP RT422 WB TO EVERGREEN RD,1,0990e94b
TLD44T,Fire,Fire alarm,19027,Cheltenham,OLD YORK RD & MEETINGHOUSE RD,1,79dc36e5
TLD45H,Traffic,Vehicle accident,19006,Upper Moreland,MASONS MILL RD & BUTTONWOOD LN,1,8f2ed733
TLD461,EMS,Cardiac emergency,19464,Pottstown,3RD ST & JOHNSON ST,1,aacb75f6
TLD49O,EMS,Respiratory emergency,19444,Whitemarsh,RIDGE PIKE & BARREN HILL RD,1,eccb0a66
TLD4UK,Fire,Cardiac arrest,19426,Perkiomen,FORGE RD & BRANDYWINE RD,1,c1095e27
TLD4UO,EMS,Cardiac arrest,19426,Perkiomen,FORGE RD & BRANDYWINE RD,1,e21a4538
TLD534,EMS,General weakness,19046,Rockledge,BURKE ST & S PENN AVE,1,817736b6
TLD564,EMS,Respiratory emergency,19010,Lower Merion,MONTGOMERY AVE & MORRIS AVE,1,cbda7911
TLD5BE,EMS,Fall victim,19001,Abington,CUMBERLAND RD & BENEZET RD,1,13f7d5e5
TLD5K0,Traffic,Disabled vehicle,19426,Upper Providence,ARCOLA RD & WATER LOOP LN,1,d18ff36e
TLD665,EMS,Cardiac emergency,19128,Springfield,RIDGE PIKE & NORTHWESTERN AVE,1,293dd8b4
TLD69O,Traffic,Vehicle accident,19446,Lansdale,EDGEMONT AVE & W MAIN ST,1,55abb45a
TLD69Y,EMS,Vehicle accident,19446,Lansdale,EDGEMONT AVE,1,05ae1826
TLD6A3,Traffic,Vehicle accident,19464,Limerick,RT422  & RAMP RT422 WB TO EVERGREEN RD,1,a7dc6629
TLD6AB,Traffic,Road obstruction,18915,Hatfield Township,BETHLEHEM PIKE & LENHART RD,1,678a7ad6
TLD6AD,Fire,Vehicle accident,19446,Lansdale,EDGEMONT AVE,1,f47057bf
TLD6X7,Fire,Fire alarm,19040,Horsham,BENDER RD & PEPPER WAY,1,6667b9d5
TLD704,EMS,Cardiac emergency,19090,Abington,KIMBALL AVE & WINDSOR AVE,1,5b6a0afb
TLD71C,EMS,Abdominal pains,19446,Hatfield Township,BROOKSIDE DR & MEADOW LN,1,e9bd3f80
TLD73N,EMS,Cardiac emergency,19446,Montgomery,BETHLEHEM PIKE & TAYLOR RD,1,9764bf05
TLD74R,Traffic,Vehicle accident,19446,Lansdale,W MT VERNON ST & S VALLEY FORGE RD,1,6261812b
TLD798,EMS,General weakness,19464,Pottstown,4TH ST & JOHNSON ST,1,f35a4d4a
TLD7FE,Traffic,Vehicle accident,19401,Norristown,SWEDE ST & E CHESTNUT ST,1,c6f4e35b
TLD7JA,EMS,Dizziness,19038,Abington,TYSON AVE & CUSTER AVE,1,5545e438
TLD7O6,Traffic,Disabled vehicle,19040,Upper Moreland,ORANGEMANS RD & PLEASANT HILL RD,1,badaf238
TLD85D,EMS,Syncopal episode,19002,Whitemarsh,VALLEY GREEN RD & WISSAHICKON GREEN RIBBON TRL,1,692e2cef
TLD8WA,Fire,Electrical fire outside,19034,Whitemarsh,SHEAFF LN & TAMARACK RD,1,3122aea8
TLD934,Fire,Gas-odor/leak,19464,Upper Pottsgrove,MEADOWVIEW DR & JUNIPER ST,1,8598a66e
TLD93H,EMS,Gas-odor/leak,19464,Upper Pottsgrove,MEADOWVIEW DR & JUNIPER ST,1,39c71625
TLD996,EMS,General weakness,19046,Abington,SHADY LN & ROCKLEDGE AVE,1,b0b46db0
TLD9I2,EMS,Medical alert alarm,19010,Lower Merion,MT PLEASANT RD & MUIRFIELD RD,1,b5c18956
TLD9RT,Traffic,Disabled vehicle,19066,Lower Merion,MONTGOMERY AVE & MEETING HOUSE LN,1,21f9ed65
TLD9VS,Traffic,Vehicle accident,19464,Pottstown,CHESTNUT ST & MANATAWNY ST,1,62b4aedf
TLD9ZY,EMS,Fall victim,19438,Lower Salford,MAIN ST & OLD SUMNEYTOWN PIKE,1,b3a0a3f2
TLDA0Q,Traffic,Disabled vehicle,19066,Lower Merion,MONTGOMERY AVE & MEETING HOUSE LN,1,f122e8c6
TLDAAA,Traffic,Vehicle accident,18041,East Greenville,MAIN ST & BANK ST,1,d147bcdf
TLDABB,Traffic,Vehicle accident,18041,East Greenville,MAIN ST & BANK ST,1,55222b7d
TLDABP,EMS,Unconscious subject,19464,Pottstown,HIGH ST & MANATAWNY ST,1,8ad8dfbd
TLDAGH,EMS,Fall victim,19044,Horsham,WHITE BIRCH LN & TIMBER RD,1,5facaf3c
TLDAIU,EMS,Cardiac emergency,19044,Upper Moreland,BLAIR MILL RD & W MORELAND AVE,1,470d9b14
TLDALS,EMS,Head injury,19401,Norristown,SELMA ST,1,3c552a71
TLDAXZ,EMS,Nausea/vomiting,19401,Norristown,SWEDE ST & E OAK ST,1,d90cf801
TLDAZ1,EMS,Respiratory emergency,19401,Norristown,CHAIN ST & W AIRY ST,1,777b38f1
TLDB06,EMS,Subject in pain,19468,Limerick,HUNSBERGER DR & EGOLF DR,1,30769d9a
TLDB49,EMS,Abdominal pains,19403,East Norriton,LENA LN & SINGER LN,1,043bff11
TLDB5L,Fire,Unknown type fire,19044,Horsham,HORSHAM RD & BLAIR MILL RD,1,87490225
TLDB6W,Traffic,Vehicle accident,18054,Upper Frederick,HILL RD & HENNING RD,1,1ea7f40b
TLDB7H,Traffic,Vehicle accident,18054,New Hanover,HILL RD & HENNING RD,1,fa4cad3e
TLDBDN,EMS,Cardiac emergency,19401,East Norriton,GERMANTOWN PIKE & HANNAH AVE,1,eb93b1d4
TLDBM2,EMS,Allergic reaction,19428,Conshohocken,FAYETTE ST & E 4TH AVE,1,dfb764b8
TLDBVW,Traffic,Disabled vehicle,19438,Towamencin,EXTENSION PENNSYLVANIA TPKE & MORRIS RD,1,1e59ee41
TLDC46,EMS,Head injury,19464,Pottstown,HIGH ST & ARMAND HAMMER BLVD,1,8b2c6591
TLDCCH,Fire,Fire alarm,19027,Cheltenham,SPRING AVE & ASHBOURNE RD,1,93dfe123
TLDCDK,EMS,Respiratory emergency,19044,Horsham,BLAIR MILL RD & WITMER RD,1,a31824ef
TLDCLH,Fire,Fire alarm,19428,Conshohocken,1ST AVE & FAYETTE ST,1,3485ee2f
TLDCP5,Fire,Vehicle accident,18054,Upper Frederick,HILL RD & HENNING RD,1,685d3c63
TLDCR7,EMS,Fall victim,19426,Collegeville,5TH AVE & BUM HOLLOW RD,1,21edc70a
TLDCTZ,Traffic,Vehicle accident,19464,Pottstown,CHESTNUT ST & N WASHINGTON ST,1,4aeccffa
TLDDC9,Traffic,Vehicle fire,19406,Upper Merion,KINGWOOD RD & FLINTLOCK RD,1,ffb6bf28
TLDDCA,Fire,Vehicle fire,19406,Upper Merion,KINGWOOD RD & FLINTLOCK RD,1,3a4ad1d0
TLDDQ2,Fire,Trash/dumpster fire,19401,Norristown,HARDING BLVD & MARKLEY ST,1,d0d633a3
TLDI18,EMS,Respiratory emergency,19401,Norristown,DEKALB ST & E AIRY ST,1,3caa0083
TLDI6S,EMS,Assault victim,19438,Towamencin,RUNNYMEDE CT & DEAD END,1,2f4960b2
TLDIQF,Fire,Carbon monoxide detector,19446,Lansdale,MAIN ST & SUSQUEHANNA AVE,1,7f3e96fd
TLDJIK,EMS,Assault victim,19090,Upper Moreland,EASTON RD & ALLISON RD,1,b7146b68
TLDK34,EMS,Dehydration,19401,Norristown,MOORE ST,1,64c67f8c
TLDKM1,EMS,Fall victim,19446,Towamencin,ALLENTOWN RD & WOODLAWN DR,1,d2a28f7f
TLDLC2,EMS,Back pains/injury,19465,Chester County,SCHUYLKILL RD & SHEEP HILL RD,1,f5273d9a
TLDLF2,EMS,Fall victim,19401,East Norriton,NEW HOPE ST & SAW MILL CT,1,2324314b
TLDLSK,EMS,Unknown medical emergency,19406,Upper Merion,DEKALB PIKE & N HENDERSON RD,1,9f084f48
TLDLVI,Fire,Fire alarm,19066,Lower Merion,BOWMAN AVE & LINDEN LN,1,f1970cbb
TLDLWV,EMS,Unconscious subject,19426,Perkiomen,FORGE RD & BRANDYWINE RD,1,669ab8ba
TLDM6N,Fire,Cardiac arrest,19426,Perkiomen,FORGE RD & BRANDYWINE RD,1,7a5ea83f
TLDMRQ,EMS,Nausea/vomiting,19446,Lansdale,MAIN ST & EDGEMONT AVE,1,b03bf2fc
TLDMSQ,EMS,Seizures,19044,Horsham,INVERNESS DR & DEAD END,1,a9bba45b
TLDMTI,EMS,Unconscious subject,19401,East Norriton,SWEDE RD & WOODLYN AVE,1,8c39580e
TLDN8L,EMS,Vehicle accident,18915,Hatfield Township,BETHLEHEM PIKE & ADVANCE LN,1,aa5084c8
TLDN8Y,Traffic,Vehicle accident,18915,Hatfield Township,BETHLEHEM PIKE & ADVANCE LN,1,b8b60af8
TLDN9M,Fire,Vehicle accident,18915,Hatfield Township,BETHLEHEM PIKE & ADVANCE LN,1,158b3ddb
TLDOIH,EMS,Fracture,19464,Pottstown,KING ST & VANBUSKIRK ALY,1,7e19fbc7
TLDOWX,EMS,Unknown medical emergency,19428,Plymouth,RIDGE PIKE & BUTLER PIKE,1,1ba97655
TLDPRU,EMS,Unknown medical emergency,19401,East Norriton,W JOHNSON HWY,1,a6315dba
TLDPRU-1,EMS,Unknown medical emergency,19401,East Norriton,W JOHNSON HWY,1,a6315dba
TLDPRU-2,EMS,Unknown medical emergency,19401,Norristown,E JOHNSON HWY,1,686e07c1
TLDPXX,Fire,Fire alarm,19002,Upper Dublin,WHITNEY LN & TERRACE DR,1,dad28564
TLDQAO,Traffic,Disabled vehicle,19422,Whitpain,DEKALB PIKE & SKIPPACK PIKE,1,22a3094a
TLDQDT,Traffic,Hazardous road conditions,19006,Bryn Athyn,MARLIN RD & TOMLINSON RD,1,07ef2eca
TLDQHK,EMS,Respiratory emergency,19426,Lower Providence,COLLEGEVILLE RD & NANCY LN,1,1503edff
TLDQLR,EMS,Fever,19426,Worcester,MILL RD & KRIEBEL MILL RD,1,09a8910d
TLDR6D,Fire,Fire alarm,19010,Lower Merion,WARNER AVE & W LANCASTER AVE,1,89e4015b
TLDTOF,EMS,Assault victim,19403,West Norriton,MAIN ST & LAWN AVE,1,c44600ac
TLDU1L,EMS,Head injury,19406,Upper Merion,HENDERSON RD & SHOEMAKER RD,1,540233ac
TLDU8J,Fire,Fire special service,19406,Upper Merion,HENDERSON RD & SHOEMAKER RD,1,81a5834d
TLDUG1,EMS,Unconscious subject,19444,Whitemarsh,FOX HOUND DR & MARBLE HL,1,6e748ceb
TLDV8N,EMS,Respiratory emergency,19462,Plymouth,GERMANTOWN PIKE & HALLOWELL RD,1,44924c92
TLDVW3,EMS,Fall victim,19403,East Norriton,CAPITOL RD & TAFT RD,1,4e410ed5
TLDWRQ,EMS,Overdose,19040,Upper Moreland,DAVISVILLE RD & PENNYPACK RD,1,78f6b15f
TLDXJ5,EMS,Dizziness,19090,Abington,NORTH HILLS AVE & SCHOOL LN,1,770fd949
TLDXRF,EMS,Hemorrhaging,18076,Red Hill,WASHINGTON ST & E 2ND ST,1,9e77545d
TLDZ8E,EMS,Cardiac emergency,19446,Upper Gwynedd,ARMSTRONG DR & WHITTAKER PL,1,79d8febd
TLDZKC,EMS,Medical alert alarm,19438,Franconia,MAPLEWOOD DR & CRESCENT CIR,1,92fcdb8c
TLDZN6,Fire,Fire alarm,19038,Springfield,WILLOW GROVE AVE & FLOURTOWN AVE,1,84efd8e3
TLE2BZ,Fire,Fire alarm,19002,Lower Gwynedd,PENLLYN WOODS PARK DR & TOWNSHIP LINE RD,1,b11f83ed
TLE2GS,EMS,Subject in pain,19046,Jenkintown,MAPLE ST & WEST AVE,1,5a96d20f
TLE2XR,EMS,Medical alert alarm,19403,Lower Providence,SHANNONDELL DR & SHANNONDELL BLVD,1,d5a7221e
TLE33Z,EMS,Fall victim,19446,Upper Gwynedd,MARLBROOK LN & BRAEBURN TER,1,d16e2b81
TLE3M1,Fire,Fire investigation,19002,Lower Gwynedd,PENLLYN WOODS PARK DR & TOWNSHIP LINE RD,1,ac284d07
TLE42W,EMS,Fall victim,18964,Franconia,NEW MARKET DR & CREEKSIDE DR,1,4d49493b
TLE4UU,EMS,Unconscious subject,19001,Abington,THOMSON RD & PERSHING AVE,1,73118359
TLE4Z1,EMS,Head injury,19438,Towamencin,SUMNEYTOWN PIKE & FRANKLIN ST,1,4e0e72d6
TLE544,EMS,CVA/stroke,19044,Horsham,HERMAN RD & WYNMERE DR,1,3bee8362
TLE58U,EMS,Head injury,19006,Lower Moreland,HUNTINGDON PIKE & CALVIN RD,1,bb06653b
TLE5AW,Fire,Fire alarm,19403,West Norriton,HEMLOCK RD & S SCHUYLKILL AVE,1,2cb49d14
TLE5F9,EMS,Subject in pain,19004,Lower Merion,BELMONT AVE & OLD BELMONT AVE,1,5018384c
TLE5S0,EMS,Unconscious subject,19460,Upper Providence,BLACK ROCK RD & S COLLEGEVILLE RD,1,b333d7ef
TLE64C,EMS,Diabetic emergency,19403,Lower Providence,RIDGE PIKE & WAYNE AVE,1,db52dc3d
TLE6D5,EMS,CVA/stroke,19426,Skippack,PRIMROSE PATH & VILLAGE AVE,1,0c4c013d
TLE6Q3,EMS,Fall victim,19446,Upper Gwynedd,BROWNING CT & GWYNEDALE WAY,1,353f05ec
TLE6VZ,EMS,Unresponsive subject,19090,Abington,FAIRVIEW AVE & WASHINGTON AVE,1,b1e7ce36
TLE74W,EMS,General weakness,19446,Towamencin,ALLENTOWN RD & WOODLAWN DR,1,2d43ddc3
TLE79V,Fire,Fire alarm,19046,Jenkintown,WEST AVE & GREENWOOD AVE,1,3e0c38ec
TLE7BG,Fire,Appliance fire,19075,Upper Dublin,VALLEY RD & MILL RD,1,9f351d7c
TLE7HR,Traffic,Vehicle accident,19046,Abington,OLD YORK RD & HARTE RD,1,2a5366bd
TLE7RR,Traffic,Disabled vehicle,19462,Plymouth,PLYMOUTH RD & W GERMANTOWN PIKE,1,df067400
TLE7V2,EMS,Unconscious subject,19403,West Norriton,BRANDON RD & S SCHUYLKILL AVE,1,5392a811
TLE7WM,EMS,Abdominal pains,19405,Bridgeport,2ND ST & CHERRY ALY,1,504dc506
TLE87A,Traffic,Road obstruction,19426,Lower Providence,GRANGE AVE & OLD BAPTIST RD,1,4fb2c7bd
TLE89L,Traffic,Vehicle accident,19403,West Norriton,MAIN ST & LAWN AVE,1,9bdbc89f
TLE8PB,EMS,Cardiac emergency,19038,Abington,ROBERTS AVE & FAIRHILL AVE,1,d76ee6a8
TLE8QI,Traffic,Vehicle accident,19464,Pottstown,RT100  & RAMP RT422 WB TO RT100 NB,1,fdddcbf0
TLE8SK,EMS,Seizures,19464,Pottstown,CHESTNUT ST & N CHARLOTTE ST,1,b770819a
TLE8WE,EMS,Abdominal pains,19440,Hatfield Township,BERGEY RD & COWPATH RD,1,783ca07a
TLE8X9,EMS,Unknown medical emergency,19066,Lower Merion,WINDING WAY & HAYWOOD RD,1,52567f59
TLE8XF,Traffic,Disabled vehicle,19095,Cheltenham,CHELTENHAM AVE & LIMEKILN PIKE,1,11e94107
TLE905,Traffic,Vehicle accident,19464,Pottstown,RT100  & RAMP RT422 WB TO RT100 NB,1,07af2517
TLE9K5,EMS,Unknown medical emergency,19403,Lower Providence,SHANNONDELL DR & SHANNONDELL BLVD,1,329c5712
TLE9N4,EMS,Hemorrhaging,19403,West Norriton,MILL RD & GOLF CART DR,1,3a2d628b
TLE9O0,EMS,Animal bite,19401,Norristown,OAK ST & HIGH ALY,1,ef01acd1
TLE9WP,EMS,Head injury,19446,Lansdale,BROAD ST & E 6TH ST,1,0f83ca8b
TLE9ZA,Traffic,Vehicle accident,19006,Lower Moreland,COUNTY LINE RD & MANN RD,1,53e714e4
TLEA3L,Fire,Gas-odor/leak,19001,Upper Dublin,FITZWATERTOWN RD & GRISDALE RD,1,d63dd1ab
TLEAJJ,EMS,Unresponsive subject,19462,Plymouth,GERMANTOWN PIKE & WALTON RD,1,21b91e5b
TLEAKS,EMS,Fall victim,19446,Towamencin,ALLENTOWN RD & WOODLAWN DR,1,7f4ce7c3
TLEAS3,EMS,Diabetic emergency,19401,Norristown,MARSHALL ST & MARKLEY ST,1,869774c2
TLEB0D,EMS,Fever,19010,Lower Merion,MERION AVE & W LANCASTER AVE,1,d099e882
TLEB3F,EMS,Altered mental status,19525,Douglass,PHILADELPHIA AVE & JACKSON RD,1,e453a8c4
TLEB8K,Fire,Carbon monoxide detector,19403,West Norriton,PROSPECT AVE & W MAIN ST,1,f85e1f23
TLEBA1,EMS,Medical alert alarm,19446,Montgomery,MEADOWOOD DR & LANSDALE AVE,1,1e5d55a2
TLEBGC,EMS,Fall victim,19428,Conshohocken,1ST AVE & MAPLE ST,1,45afe62b
TLEBTY,EMS,Altered mental status,19002,Lower Gwynedd,NORRISTOWN RD & TENNIS AVE,1,4c6544d4
TLEBUS,EMS,Unconscious subject,19038,Springfield,STENTON AVE & E EVERGREEN AVE,1,4c53b15b
TLEC7V,EMS,Cardiac emergency,19403,Lower Providence,SHANNONDELL DR & SHANNONDELL BLVD,1,d4738165
TLECN5,EMS,Nausea/vomiting,19006,Upper Moreland,OAKWOOD DR & JASON DR,1,48210e3d
TLECNX,EMS,Respiratory emergency,19038,Abington,TYSON AVE & CUSTER AVE,1,c6f1e0db
TLECR5,Traffic,Vehicle accident,19406,Upper Merion,GYPSY LN & S GULPH RD,1,4b1eada4
TLED41,EMS,Head injury,19006,Lower Moreland,TERWOOD DR,1,ba0bb4e1
TLED53,EMS,Cardiac emergency,19403,Lower Providence,SHANNONDELL DR & SHANNONDELL BLVD,1,b9265ba7
TLEDIH,EMS,Cardiac emergency,19446,Montgomery,BETHLEHEM PIKE & TAYLOR RD,1,8d06cd52
TLEDL2,Fire,Fire alarm,19046,Abington,OLD YORK RD & BAEDER RD,1,360d0018
TLEDTM,EMS,Unresponsive subject,19038,Abington,MAPLE AVE & JENKINTOWN RD,1,ff25b48c
TLEDU4,Traffic,Vehicle accident,19096,Lower Merion,LANCASTER AVE & LANKENAU DR,1,94e309c2
TLEDVJ,EMS,Vehicle accident,19096,Lower Merion,LANCASTER AVE & LANKENAU DR,1,56298784
TLEE4U,EMS,Respiratory emergency,19446,Towamencin,OBERLIN TER & BANCROFT RD,1,ac0b322e
TLEE6F,EMS,Respiratory emergency,19095,Cheltenham,DEAVER PL & DEAVER RD,1,369b59c0
TLEECP,EMS,Medical alert alarm,19403,Lower Providence,SHANNONDELL DR & SHANNONDELL BLVD,1,7eaf7694
TLEEEZ,Traffic,Vehicle accident,18974,Upper Moreland,DAVISVILLE RD & E COUNTY LINE RD,1,512e5cf8
TLEEHE,EMS,Abdominal pains,19095,Abington,WASHINGTON LN & TOWNSHIP LINE RD,1,d9feb78c
TLEEIW,EMS,Unknown medical emergency,19422,Whitpain,ARBOR WAY & UNION MEETING RD,1,1409af21
TLEEJI,Traffic,Road obstruction,19403,Lower Providence,PAWLINGS RD & AUDUBON RD,1,465c8f77
TLEEJU,EMS,Cardiac emergency,19401,Norristown,SWEDE ST & W SPRUCE ST,1,d7751069
TLEELS,EMS,Unknown medical emergency,19401,Norristown,LAFAYETTE ST & CHERRY ST,1,3410ed72
TLEELS-1,EMS,Unknown medical emergency,19401,Norristown,STANBRIDGE ST & W WASHINGTON ST,1,787d55f6
TLEEQO,Traffic,Vehicle accident,19454,Montgomery,BETHLEHEM PIKE & VILSMEIER RD,1,8b8ba31c
TLEEWT,EMS,Altered mental status,19006,Lower Moreland,HUNTINGDON PIKE & WYNKOOP AVE,1,fb19f365
TLEF3K,EMS,Hemorrhaging,19038,Springfield,STENTON AVE & NEWTON ST,1,acec0976
TLEF6F,Fire,Fire alarm,19004,Lower Merion,LLANFAIR RD & KENT RD,1,4e401991
TLEFMD,Traffic,Vehicle accident,19406,Upper Merion,DEKALB PIKE & S HENDERSON RD,1,7800b2d2
TLEFMR,EMS,Diabetic emergency,19403,West Norriton,CRAFTSMAN RD & HILLENDALE DR,1,70fee11f
TLEFY6,EMS,CVA/stroke,19040,Hatboro,YORK RD & HORSHAM RD,1,9b9409c5
TLEFZW,EMS,Fall victim,19403,West Norriton,MARSHALL ST & N MONTGOMERY AVE,1,4eba730b
TLEG2T,EMS,Cardiac emergency,19004,Lower Merion,BELMONT AVE & COLWYN LN,1,673ba6ab
TLEG5T,EMS,Respiratory emergency,19446,Hatfield Township,FORTY FOOT RD & WELSH RD,1,11eaa978
TLEG7Y,EMS,Overdose,19462,Plymouth,GERMANTOWN PIKE & ATRIUM WAY,1,3331337f
TLEGA2,EMS,Respiratory emergency,19426,Collegeville,MAIN ST & E 9TH AVE,1,86b2a14e
TLEGCS,Traffic,Vehicle accident,19072,Narberth,MONTGOMERY AVE & BRYN MAWR AVE,1,eb1e9a66
TLEGHI,Traffic,Disabled vehicle,19040,Upper Moreland,DAVISVILLE RD & KAREN LN,1,27e1ac85
TLEGOT,EMS,Altered mental status,19464,Lower Pottsgrove,EVERGREEN RD & W LIGHTCAP RD,1,2f8b6045
TLEGQD,EMS,Cardiac emergency,19085,Lower Merion,CANTERBURY LN & SPRING MILL LN,1,1ba9b39b
TLEGUO,Fire,Fire alarm,19464,Lower Pottsgrove,ARMAND HAMMER BLVD & SERVICE ROAD,1,f35c22dd
TLEH42,Traffic,Vehicle accident,19525,New Hanover,N CHARLOTTE ST & SWAMP PIKE,1,b0f2120a
TLEHD7,EMS,Cardiac emergency,19403,Skippack,MOKYCHIC RD & PRISON RD,1,1969bb30
TLEHF7,EMS,Cardiac emergency,19422,Whitpain,TWIN SILO DR & MORRIS RD,1,bdd30bf6
TLEHG5,EMS,Subject in pain,19438,Lower Salford,MAIN ST & OLD SUMNEYTOWN PIKE,1,dfb4e9fc
TLEHKH,EMS,Hemorrhaging,19464,Lower Pottsgrove,HIGH ST & SUNNYSIDE AVE,1,56fae9e9
TLEHLE,EMS,Cardiac emergency,19034,Upper Dublin,VIRGINIA DR & CAMP HILL RD,1,0f65770d
TLEHMW,EMS,Diabetic emergency,19464,Pottstown,HANOVER ST & AIRY ST,1,aeccd814
TLEHVY,EMS,Respiratory emergency,18074,New Hanover,LITTLE RD & ERB RD,1,1e3141a8
TLEI4M,EMS,Cardiac emergency,19422,Whitpain,PENLLYN BLUE BELL PIKE & VILLAGE CIR,1,af14d0b2
TLEI62,EMS,Abdominal pains,19403,Lower Providence,SHANNONDELL DR & SHANNONDELL BLVD,1,f2bdb796
TLEI69,Traffic,Disabled vehicle,19405,Bridgeport,MILL ST & W 4TH ST,1,53aa1746
TLEIGB,EMS,Fall victim,19038,Springfield,GLADSTONE RD & CHURCHILL RD,1,29f44c70
TLEIHD,EMS,Fall victim,19446,Towamencin,DOCK DR & DETWILER RD,1,2a09f83a
TLEIQ7,EMS,Vehicle accident,19040,Horsham,EASTON RD & W MORELAND AVE,1,79dcdbbd
TLEIQF,Traffic,Vehicle accident,19040,Horsham,EASTON RD & W MORELAND AVE,1,c4c4dbed
TLEITT,Fire,Fire special service,19464,Pottstown,S FRANKLIN ST,1,bede5b77
TLEJ08,EMS,Respiratory emergency,19003,Lower Merion,ARDMORE AVE & W ATHENS AVE,1,a672d8dc
TLEJ3T,Traffic,Road obstruction,19426,Skippack,MT AIRY RD & LANDIS RD,1,a0324b09
TLEJCV,Traffic,Road obstruction,19046,Abington,WASHINGTON LN & VALLEY RD,1,030c7a25
TLEJGK,Traffic,Disabled vehicle,19428,West Conshohocken,FORD ST & MARIA ST,1,5bafcd03
TLEJSA,Traffic,Vehicle fire,19035,Lower Merion,LAFAYETTE RD & STONY LN,1,06de879f
TLEJSD,Traffic,Vehicle accident,19002,Horsham,SILVER OAK PL & LIMEKILN PIKE,1,84468dbc
TLEK3S,EMS,Fall victim,19046,Abington,THE FAIRWAY  & RYDAL RD,1,b67448fe
TLEK4F,Fire,Fire alarm,19468,Royersford,WALNUT ST & S 4TH AVE,1,768dd97d
TLEKI2,EMS,Cardiac emergency,19006,Bryn Athyn,BYBERRY RD & READING WAY,1,d71f46ef
TLEKME,EMS,Nausea/vomiting,19403,West Norriton,MAIN ST & S MONTGOMERY AVE,1,4ea56bca
TLEKVG,EMS,Fall victim,19401,Norristown,ELM ST & HIGH ST,1,a84916b2
TLEKXA,EMS,Respiratory emergency,19468,Limerick,HOLLY DR & REDWOOD DR,1,0ca68174
TLEL0Y,EMS,Cardiac emergency,19401,East Norriton,MILL RD & SWEDE RD,1,09913c01
TLELKU,Traffic,Vehicle accident,19426,Collegeville,2ND AVE & STINE DR,1,b8481ca2
TLELP3,EMS,Subject in pain,19034,Upper Dublin,PENNSYLVANIA AVE & INDIANA AVE,1,88a465ce
TLELT8,EMS,Cardiac emergency,19401,Norristown,SMITH ST & E OAK ST,1,4cb16f9c
TLEM3I,EMS,Cardiac emergency,19046,Abington,OLD YORK RD & WYNCOTE RD,1,0c80eca7
TLEM4J,Traffic,Vehicle accident,19038,Springfield,TRUMBAUER DR & CHELTENHAM AVE,1,7dcc9f14
TLEM93,EMS,Head injury,19422,Whitpain,PENLLYN BLUE BELL PIKE & VILLAGE CIR,1,640c3521
TLEMA8,EMS,Overdose,19401,Norristown,MAIN ST & NOBLE ST,1,8a33f28f
TLEMB0,EMS,Syncopal episode,19403,Lower Providence,BUCKWALTER RD & LAWRENCE RD,1,bbdd4627
TLEMEZ,EMS,Overdose,19401,Norristown,LAFAYETTE ST & SWEDE ST,1,3805ea96
TLEMPX,EMS,CVA/stroke,19001,Abington,HESTON ST & EASTON RD,1,531938a0
TLEMQR,Traffic,Vehicle accident,19422,Whitpain,SKIPPACK PIKE & JACKSON AVE,1,9584264c
TLEMR5,EMS,Subject in pain,19401,Norristown,MAIN ST & KNOX ST,1,e5f497b3
TLEMUY,EMS,Fall victim,19403,West Norriton,HESTON AVE & MILL RD,1,16b7ba68
TLEMW8,Fire,Gas-odor/leak,19090,Upper Moreland,PARK AVE & MORELAND RD,1,cb448b91
TLEMX7,EMS,Cardiac emergency,19027,Cheltenham,HIGH SCHOOL RD & S STERLING RD,1,4e504ee6
TLEMY5,EMS,Head injury,19085,Lower Merion,RED ROSE LN & DEAD END,1,be142fd3
TLEN34,Fire,Building fire,19401,Norristown,ASTOR ST & W FORNANCE ST,1,ff1d226e
TLEN6E,EMS,Building fire,19401,Norristown,ASTOR ST & W FORNANCE ST,1,106f6a0a
TLENDO,EMS,Diabetic emergency,19401,Norristown,STANBRIDGE ST & W WASHINGTON ST,1,041eff42
TLENLD,Traffic,Road obstruction,19403,Lower Providence,PAWLINGS RD & MILL RD,1,4a0c39bd
TLENPM,EMS,Assault victim,19150,Cheltenham,OGONTZ AVE & CHELTENHAM AVE,1,52abcc4b
TLENV3,Traffic,Vehicle accident,19468,Limerick,BUCKWALTER RD & JOSHUA DR,1,a61b81fa
TLENWO,EMS,Head injury,19034,Whitemarsh,STENTON AVE & MILITIA HILL RD,1,d2e48347
TLEO5F,EMS,Head injury,19438,Lower Salford,SCENIC DR & SUMMIT CIR,1,554c15c4
TLEO6P,Traffic,Vehicle accident,19001,Abington,SUSQUEHANNA RD & EASTON RD,1,cd8bc196
TLEOBV,Traffic,Vehicle accident,19464,Lower Pottsgrove,CHARLOTTE ST & MERVINE ST,1,de11465f
TLEODU,EMS,Medical alert alarm,19465,Chester County,TEMPLE RD & UNIONVILLE RD,1,f7d5dd05
TLEONI,EMS,Subject in pain,19085,Lower Merion,SPRUCE LN & CEDAR LN,1,4758670f
TLEPAR,EMS,General weakness,19096,Lower Merion,PARKVIEW DR & CEDAR GROVE RD,1,8d3072f3
TLEPE6,Traffic,Vehicle accident,19027,Cheltenham,OLD YORK RD & VALLEY RD,1,802d5104
TLEPSD,EMS,Allergic reaction,19438,Lower Salford,CROSS RD & HARLEYSVILLE PIKE,1,0279a2d9
TLEPWL,Traffic,Vehicle accident,19446,Hatfield Township,MEDICAL CAMPUS DR & N LINE ST,1,35a11ee3
TLEQ3Z,EMS,Heat exhaustion,19426,Upper Providence,IRON HILL WAY & STERLING PL,1,b24521d0
TLEQ9O,EMS,Subject in pain,19401,Norristown,SPRUCE ST & WILLOW ST,1,47b03d3a
TLEQKB,Traffic,Disabled vehicle,19454,Montgomery,HORSHAM RD & NORTH WALES RD,1,b84a0898
TLEQYU,EMS,Medical alert alarm,19027,Cheltenham,COVENTRY AVE & VALLEY RD,1,4dd82bca
TLEQZX,EMS,CVA/stroke,19044,Horsham,HORSHAM RD & NORRISTOWN RD,1,7326cee3
TLER55,Traffic,Vehicle accident,19040,Horsham,EASTON RD & W MORELAND AVE,1,f3e62bd1
TLER5H,Traffic,Vehicle accident,19468,Limerick,S TOWNSHIP LINE RD & BUCKWALTER RD,1,bd241470
TLERA1,EMS,Altered mental status,19426,Worcester,GRANGE AVE & MILL RD,1,0f3ec23d
TLERC8,Traffic,Vehicle accident,19004,Lower Merion,CONSHOHOCKEN STATE RD & E LEVERING MILL RD,1,f4c9515a
TLERDW,Traffic,Road obstruction,19002,Lower Gwynedd,DEKALB PIKE & SUMNEYTOWN PIKE,1,740defee
TLERJH,Traffic,Vehicle accident,19422,Whitpain,SKIPPACK PIKE & CATHCART RD,1,e2ef6388
TLERW7,Traffic,Vehicle accident,19444,Whitemarsh,JOSHUA RD & FLOURTOWN RD,1,86543791
TLERX6,Traffic,Vehicle accident,19464,Pottstown,ARMAND HAMMER BLVD & SUNSET DR,1,ff01e5da
TLERZD,EMS,Cardiac emergency,19031,Springfield,WISSAHICKON AVE & ROSE LN,1,9f6d921e
TLES59,Traffic,Vehicle accident,19025,Upper Dublin,LIMEKILN PIKE & GOLDEN DR,1,ae3a66c6
TLES9M,Traffic,Vehicle accident,18073,Upper Hanover,JOHN FRIES HWY & NORTHGATE BLVD,1,f125d622
TLESF5,Fire,Fire investigation,19464,West Pottsgrove,HOWARD ST & SCHOOL LN,1,5cc3c797
TLESHX,Fire,Building fire,19422,Whitpain,PENLLYN BLUE BELL PIKE & VILLAGE CIR,1,96336050
TLETAC,EMS,Abdominal pains,19468,Upper Providence,BLACK ROCK RD & S TRAPPE RD,1,615992bf
TLETCJ,Traffic,Vehicle accident,19473,Skippack,LANTERN LN & CARRIAGE DR,1,633ae577
TLETEH,Traffic,Road obstruction,19035,Lower Merion,BLACK ROCK RD & RIGHTERS MILL RD,1,61341ff1
TLETFM,Traffic,Vehicle accident,19012,Cheltenham,OLD SOLDIERS RD & RYERS AVE,1,eda1b641
TLETRK,Traffic,Vehicle accident,19041,Lower Merion,W MONTGOMERY AVE & PENNSWOOD RD,1,880b7228
TLETRK-1,Traffic,Vehicle accident,19041,Lower Merion,W MONTGOMERY AVE & NEW GULPH RD,1,b0927c3d
TLETRW,Traffic,Vehicle accident,19401,Norristown,W JOHNSON HWY & MARKLEY ST,1,d4588f54
TLETU0,Traffic,Road obstruction,19040,Hatboro,BYBERRY AVE & S NEW ST,1,ae39328d
TLEU3X,EMS,Altered mental status,19446,Lansdale,3RD ST & UNNAMED ALY,1,7f050bc3
TLEU7T,Traffic,Vehicle accident,19403,East Norriton,W GERMANTOWN PIKE & WHITEHALL RD,1,5b89d732
TLEUC2,EMS,Vehicle accident,19012,Cheltenham,OLD SOLDIERS RD,1,c5f70631
TLEUFN,EMS,Hemorrhaging,19004,Lower Merion,CONSHOHOCKEN STATE RD & E CITY AVE,1,7490bdc5
TLEV0Z,Fire,Carbon monoxide detector,19422,Lower Gwynedd,CATHCART RD & TOWNSHIP LINE RD,1,60615e91
TLEV3Z,Traffic,Vehicle accident,19426,Trappe,MAIN ST & W 3RD AVE,1,39ab4731
TLEVFT,EMS,Altered mental status,19041,Lower Merion,CHESWOLD HILL RD & CHESWOLD LN,1,68660620
TLEVKD,EMS,Vehicle accident,19462,Plymouth,GRAVERS RD & GALLAGHER RD,1,d503701e
TLEVKM,Traffic,Vehicle accident,19462,Plymouth,GRAVERS RD & GALLAGHER RD,1,0d224272
TLEVMA,EMS,Unconscious subject,19401,East Norriton,GERMANTOWN PIKE & HANNAH AVE,1,1655a27c
TLEVRQ,EMS,Respiratory emergency,19090,Abington,MORELAND RD & EASTON RD,1,b20c6c7d
TLEVUX,EMS,Fall victim,19468,Limerick,VILLAGE WAY & FINCH LN,1,134b9c44
TLEWLH,EMS,Respiratory emergency,19401,East Norriton,GERMANTOWN PIKE & HANNAH AVE,1,f8cd8a42
TLEX3W,Traffic,Vehicle accident,18076,Pennsburg,W 11TH ST & MAIN ST,1,e929f06c
TLEX6N,Traffic,Vehicle accident,19468,Limerick,COUNTRY CLUB RD & LINFIELD TRAPPE RD,1,9e53ab9e
TLEX6Q,Fire,Vehicle accident,19468,Limerick,COUNTRY CLUB RD,1,44cee395
TLEX6W,EMS,Vehicle accident,19468,Limerick,COUNTRY CLUB RD,1,b0b9396f
TLEXDD,Traffic,Road obstruction,19035,Lower Merion,ROSE GLEN RD & YOUNGS FORD RD,1,50b882dd
TLEXZZ,Traffic,Vehicle accident,19465,Chester County,SCHUYLKILL RD & KLINE AVE,1,747c5dae
TLEY18,EMS,Diabetic emergency,18969,Telford,CAROUSEL DR & CENTRAL AVE,1,d2228a3c
TLEY2E,Fire,S/B at helicopter landing,19031,Springfield,BETHLEHEM PIKE & COLLEGE AVE,1,531a0112
TLEYEG,EMS,Heat exhaustion,19454,Montgomery,WELSH RD & NORTH WALES RD,1,8d7c7be0
TLEYN7,Fire,Fire investigation,19446,Lansdale,CLEAR SPRING RD & HIGHLAND RD,1,1e6f0a8e
TLEYN7-1,Fire,Fire investigation,19446,Lansdale,CRESTVIEW RD & E 3RD ST,1,b6f0a60c
TLEYNQ,Traffic,Vehicle accident,19095,Cheltenham,GREENWOOD AVE & W CHURCH RD,1,27f53d10
TLEYOC,EMS,Assault victim,19464,Lower Pottsgrove,BUCHERT RD & LAUREL WAY,1,0b8f8822
TLEYRR,Fire,Fire investigation,19422,Whitpain,BAY HILL DR & HAZELTINE CIR,1,6ee7c4f4
TLEYTJ,EMS,Fall victim,19027,Abington,HURON AVE & WELLINGTON RD,1,f671749d
TLEYVE,Traffic,Disabled vehicle,19034,Upper Dublin,HIGHLAND AVE & PINETOWN RD,1,9d2dc02e
TLEZ7W,Traffic,Vehicle accident,19095,Cheltenham,GREENWOOD AVE & W CHURCH RD,1,c20d4f00
TLEZA2,EMS,Abdominal pains,19401,Norristown,CHAIN ST,1,ad2c3c77
TLEZI1,EMS,Fall victim,19004,Lower Merion,KENMARE RD & E DARTMOUTH RD,1,cdae3c34
TLEZTJ,EMS,Fall victim,19444,Whitemarsh,ANDORRA GLEN CT & CRABAPPLE DR,1,090d265c
TLF03R,Traffic,Vehicle accident,19040,Upper Moreland,HORSHAM RD & SKROBUL RD,1,41759bd6
TLF07O,EMS,Unknown medical emergency,19090,Upper Moreland,EASTON RD & HOME DEPOT DR,1,8f3a34ba
TLF0ED,Fire,Vehicle accident,18054,Marlborough,LONG RD & CAMP SKYMOUNT RD,1,4ac2e0aa
TLF0EN,EMS,Vehicle accident,18054,Marlborough,LONG RD & CAMP SKYMOUNT RD,1,db777880
TLF0FH,EMS,Unknown medical emergency,19454,Montgomery,WELSH RD & NORTH WALES RD,1,9b7df562
TLF0LB,EMS,Abdominal pains,19406,Montgomery,SIGNAL HILL CT & SIGNAL HILL CT S,1,f489e4ae
TLF0NU,Traffic,Vehicle accident,18054,Marlborough,LONG RD & CAMP SKYMOUNT RD,1,049fe04e
TLF0RQ,EMS,CVA/stroke,19006,Abington,HUNTINGDON PIKE & MOREDON RD,1,5899cdcc
TLF0TH,Traffic,Vehicle accident,19046,Jenkintown,RYDAL RD & YORK RD,1,2e5b33ae
TLF0W8,EMS,Fever,19006,Lower Moreland,PINE RD & BRAE BOURN RD,1,ac8b90ed
TLF0XH,EMS,Fall victim,19006,Abington,HILLTOP TER & MOREDON RD,1,4eda8e64
TLF155,Fire,Fire alarm,19031,Springfield,BETHLEHEM PIKE & SPRINGFIELD AVE,1,167802d6
TLF18J,Traffic,Vehicle accident,19046,Jenkintown,RYDAL RD & YORK RD,1,9e395bd2
TLF1F4,EMS,Head injury,19006,Abington,CLAIRE AVE & FELIX RD,1,40e5e089
TLF1WJ,EMS,Vehicle accident,19012,Cheltenham,BEECHER AVE,1,7803604e
TLF1X5,Traffic,Vehicle accident,19012,Cheltenham,BEECHER AVE & CENTRAL AVE,1,cda69e8b
TLF1XK,Traffic,Vehicle accident,19468,Limerick,MCDON,1,2d3752fc
TLF1XK-1,Traffic,Vehicle accident,19096,Phila County,CITY AVE & HAVERFORD RD,1,da6a7734
TLF1XQ,EMS,General weakness,19096,Lower Merion,WYNNEWOOD RD & W OLD WYNNEWOOD RD,1,adc0af5c
TLF1YS,EMS,Abdominal pains,19464,Pottstown,SOUTH ST & S FRANKLIN ST,1,86724035
TLF1ZK,EMS,Unknown medical emergency,19438,Lower Salford,MORWOOD RD & FALLOWFIELD LN,1,1f0795a8
TLF24J,Traffic,Vehicle accident,19405,Upper Merion,JEFFERSON ST & COLUMBUS ST,1,62f62643
TLF253,EMS,Subject in pain,19401,East Norriton,HEMLOCK DR & OAK DR,1,83233ef4
TLF2A5,Traffic,Vehicle accident,18974,Bucks County,YORK RD & NEMORAL ST,1,fb3484fb
TLF2CJ,Traffic,Road obstruction,19440,Hatfield Township,BETHLEHEM PIKE & MILL RD,1,4a1243bb
TLF2II,EMS,Medical alert alarm,19010,Lower Merion,WOOD CIR & LANCASTER AVE,1,fc7273aa
TLF2OD,EMS,Fall victim,19044,Horsham,WHITE BIRCH LN & TIMBER RD,1,ebfd34b2
TLF30Q,EMS,Fall victim,19465,Chester County,PEARL ST & KLINE AVE,1,fd782f86
TLF3AP,Fire,Fire alarm,19010,Delaware County,RAMBLEWOOD DR & NORTHWINDS DR,1,c0dcf489
TLF3CQ,Traffic,Vehicle accident,19403,West Norriton,S TROOPER RD & BOULEVARD OF THE GENERALS,1,6b578dd1
TLF3DZ,EMS,Vehicle accident,19428,Conshohocken,CHERRY ST,1,dde73616
TLF3GN,Traffic,Vehicle accident,19428,Conshohocken,CHERRY ST & WASHINGTON ST,1,c1dc9ddd
TLF3J2,EMS,Fall victim,19046,Abington,THE FAIRWAY  & RYDAL RD,1,b8cf3e50
TLF3XO,EMS,Seizures,19454,Montgomery,WINDING BROOK RUN & RABBIT RUN,1,ad88d9bf
TLF413,Fire,Fire alarm,19038,Upper Dublin,LINDEN AVE & WALNUT AVE,1,1a35b931
TLF43F,Traffic,Vehicle accident,19012,Cheltenham,BEECHER AVE & CENTRAL AVE,1,9849a98a
TLF4H3,EMS,Medical alert alarm,19040,Horsham,MAURICE LN & BUCKMAN DR,1,58f0ee71
TLF4LV,EMS,Unknown medical emergency,19468,Royersford,LEWIS RD & CHESTNUT ST,1,d8a297e9
TLF5BB,EMS,Syncopal episode,19464,West Pottsgrove,OLD READING PIKE & S GROSSTOWN RD,1,0b5a4ee4
TLF5M1,EMS,Fall victim,19401,Plymouth,ARCH RD & GERMANTOWN PIKE,1,9683d804
TLF5WG,Traffic,Vehicle accident,19464,Pottstown,CHARLOTTE ST & WILSON ST,1,37d4b8a7
TLF5WI,EMS,Seizures,19428,Plymouth,COLWELL LN & UNNAMED ALY,1,b088d513
TLF5XN,EMS,Vehicle accident,19464,Pottstown,CHARLOTTE ST & WILSON ST,1,5dccc19c
TLF62D,Fire,Vehicle accident,19464,Pottstown,CHARLOTTE ST & WILSON ST,1,e9054189
TLF6B9,EMS,Altered mental status,19446,Montgomery,TWINING RD & CANTERBURY LN,1,28b01da4
TLF6JV,EMS,Fall victim,19406,Upper Merion,A ST & FLINT HILL RD,1,7e2109df
TLF6VT,EMS,Fall victim,19401,Norristown,POWELL ST & E FORNANCE ST,1,c3f0f56a
TLF6WO,EMS,Nausea/vomiting,19406,Upper Merion,VALLEY FORGE CIR & OLD VALLEY FORGE RD,1,19250308
TLF6WX,EMS,Cardiac emergency,19465,Chester County,HANOVER ST & BRIANNA CIR,1,6ec9fb8e
TLF6XE,Traffic,Vehicle accident,19027,Abington,FORREST AVE & WILLOW AVE,1,14142b3b
TLF6XS,EMS,Vehicle accident,19027,Abington,FORREST AVE & WILLOW AVE,1,05bbcce5
TLF73Q,EMS,Medical alert alarm,19403,Lower Providence,SHANNONDELL DR & SHANNONDELL BLVD,1,50c649b3
TLF752,EMS,Respiratory emergency,19446,Upper Gwynedd,SUMNEYTOWN PIKE & CHURCH RD,1,46b9e6c8
TLF794,Traffic,Vehicle accident,19090,Upper Moreland,YORK RD & EASTON RD,1,920a49a4
TLF7DT,Traffic,Vehicle accident,19401,Norristown,W MAIN ST & MARKLEY ST,1,18d57a85
TLF7FS,EMS,Unconscious subject,19401,Norristown,AIRY ST & DEKALB ST,1,e124a2f0
TLF7OX,Fire,Electrical fire outside,19001,Abington,EDGEWOOD AVE,1,d731bf2e
TLF7OX-1,Fire,Electrical fire outside,19001,Abington,ARLINE AVE & PATANE AVE,1,45203580
TLF84Q,EMS,Cardiac emergency,19401,East Norriton,MONTGOMERY AVE & DEKALB PIKE,1,7593a5c9
TLF8DS,Fire,Appliance fire,19406,Upper Merion,GULPH RD & KIRK AVE,1,9c795c33
TLF8GX,EMS,Assault victim,19468,Upper Providence,TRAPPE RD & BLACK ROCK RD,1,30de99c0
TLF8SD,Traffic,Disabled vehicle,19468,Limerick,N LEWIS RD & SAND TRAP DR,1,7fbe5721
TLF8VF,EMS,Hemorrhaging,19440,Hatfield Township,SCHOOL RD & CHESTNUT ST,1,4dc45306
TLF8XN,EMS,Fall victim,19006,Abington,HUNTINGDON PIKE & MOREDON RD,1,eb071299
TLF93M,EMS,Fall victim,19002,Whitpain,MEADE RD & W BUTLER PIKE,1,569b64ef
TLF9DF,Traffic,Vehicle accident,19406,Upper Merion,BEIDLER RD & ABRAMS RD,1,3104a645
TLF9JC,EMS,Head injury,19406,Upper Merion,ROSS RD & SPRING LN,1,1bcf3b53
TLFA5F,EMS,Fall victim,19426,Lower Providence,ASHTON RD & CROSSKEYS RD,1,bc6e209e
TLFA77,EMS,Fever,19422,Lower Gwynedd,WALNUT ST & TREWELLYN AVE,1,c452715e
TLFB50,EMS,Overdose,19002,Horsham,BUTLER PIKE & NESBITT RD,1,b0e3de1b
TLFBCF,EMS,CVA/stroke,18073,Pennsburg,7TH ST & DAISY LN,1,f7325674
TLFBS8,Traffic,Disabled vehicle,19462,Plymouth,W GERMANTOWN PIKE & PLYMOUTH RD,1,6b41fce9
TLFBXZ,EMS,Allergic reaction,19044,Horsham,JACK LADDER CIR & LOG POND DR,1,bdf4e9b1
TLFCD2,EMS,Respiratory emergency,19454,Lower Gwynedd,MEADOWBROOK RD & HUNT CLUB TRL,1,906d4f00
TLFCLM,Traffic,Disabled vehicle,19401,East Norriton,GERMANTOWN PIKE & HANNAH AVE,1,3470b40f
TLFDFL,EMS,Overdose,19406,Upper Merion,VANDENBURG RD & W BEIDLER RD,1,dcb228a5
TLFE28,EMS,Subject in pain,19464,Pottstown,HIGH ST & S WASHINGTON ST,1,911afd90
TLFE35,Traffic,Disabled vehicle,19040,Horsham,SCEN,1,900a0b3c
TLFE35-1,Traffic,Disabled vehicle,19040,Horsham,EASTON RD & W MORELAND AVE,1,3ae61720
TLFFPV,Traffic,Vehicle accident,19312,Upper Merion,BRIDLE PATH RD & LENAPE DR,1,33b7421f
TLFFPV-1,Traffic,Vehicle accident,18915,Montgomery,LINE ST & BRIDLE PATH RD,1,16e4cde0
TLFFQC,EMS,Vehicle accident,19446,,BRIDLE PATH RD,1,c7ac4672
TLFFQC-1,EMS,Vehicle accident,19446,Montgomery,LINE ST & BRIDLE PATH RD,1,747c27f0
TLFG50,EMS,Overdose,18964,Souderton,HILLSIDE AVE & UNNAMED ALY,1,89bb2571
TLFGES,Traffic,Road obstruction,19401,Norristown,CHAIN ST & W MARSHALL ST,1,a6dd7507
TLFI57,EMS,EMS special service,19006,Lower Moreland,RED LION RD & MURRAY AVE,1,67bdc7f3
TLFI9R,Traffic,Vehicle accident,19464,Pottstown,ST JOHN ST & N EVANS ST,1,6b4f18e2
TLFICP,EMS,EMS special service,19473,Skippack,BRIDGE RD & SERENDIPITY WAY,1,57867f9a
TLFIHY,EMS,Vehicle accident,19464,Pottstown,ST JOHN ST,1,16d2a578
TLFJ09,EMS,Respiratory emergency,19405,Bridgeport,8TH ST & MILL ST,1,81c86a4d
TLFK7N,EMS,Fever,19046,Jenkintown,MAPLE ST & WEST AVE,1,7064a48c
TLFKCN,EMS,Unconscious subject,18915,Hatfield Township,BETHLEHEM PIKE & WALNUT ST,1,b528981a
TLFLT4,EMS,Fall victim,19446,Towamencin,WEIKEL RD & STONYBROOK LN,1,64a289fb
TLFLU6,Fire,Gas-odor/leak,19004,Lower Merion,CONSHOHOCKEN STATE RD & UNION AVE,1,847ab70a
TLFMPM,EMS,Diabetic emergency,19040,Hatboro,MORELAND AVE & S YORK RD,1,5bd06e97
TLFNH5,EMS,Cardiac emergency,19044,Upper Moreland,BLAIR MILL RD & W MORELAND AVE,1,fb8587c3
TLFPR9,EMS,Unconscious subject,19403,Lower Providence,SHANNONDELL DR & SHANNONDELL BLVD,1,78689ab9
TLFQZE,EMS,Subject in pain,19002,Ambler,BETHLEHEM PIKE & ARGYLE AVE,1,0928f06b
TLFSGS,EMS,Cardiac emergency,19096,Lower Merion,ROCKLAND AVE & E WYNNEWOOD RD,1,d3e1aad1
TLFSPU,EMS,Fever,19468,Limerick,RIDGE PIKE & N TOWNSHIP LINE RD,1,4c5e0d4c
TLFSW8,EMS,Fall victim,19044,Horsham,WHITE BIRCH LN & TIMBER RD,1,33c86433
TLFT5J,EMS,Seizures,18041,East Greenville,FORGE RD & STATE ST,1,41aeda99
TLFTCG,Fire,Fire special service,19468,Limerick,RIDGE PIKE & N TOWNSHIP LINE RD,1,0b69a616
TLFTYB,EMS,Subject in pain,19012,Cheltenham,JOHNS RD & EDGEMOOR RD,1,4e55de17
TLFUSW,EMS,Fall victim,19046,Abington,THE FAIRWAY  & RYDAL RD,1,a83d3494
TLFW7V,EMS,Cardiac emergency,19046,Abington,THE FAIRWAY  & RYDAL RD,1,b6c0a8f5
TLFWH0,Traffic,Hazardous road conditions,18964,Telford,BROAD ST & NOBLE ALY,1,1d930d77
TLFXB3,EMS,Cardiac emergency,19403,Lower Providence,EAGLEVILLE RD & SUNDERLAND DR,1,82244131
TLFXBW,EMS,General weakness,19406,Upper Merion,PARKVIEW DR & PENN CIR,1,6fbb94fb
TLFXJP,EMS,Cardiac arrest,19027,Cheltenham,BARCLAY RD & LANFAIR RD,1,dfc8e96c
TLFXJU,Fire,Cardiac arrest,19027,Cheltenham,BARCLAY RD & LANFAIR RD,1,966c5b7d
TLFXX0,EMS,Diabetic emergency,19464,Pottstown,WARREN ST & GRACE ST,1,06580b2f
TLFYDP,Traffic,Disabled vehicle,19002,Horsham,LIMEKILN PIKE & HORSHAM RD,1,6b77cd9e
TLFYGB,EMS,Medical alert alarm,19403,Lower Providence,SHANNONDELL DR & SHANNONDELL BLVD,1,5a3e23fd
TLFZ29,Traffic,Vehicle accident,19095,Abington,WASHINGTON LN & TOWNSHIP LINE RD,1,35415dc8
TLFZNK,EMS,Medical alert alarm,19460,Upper Providence,EGYPT RD & HIGHLAND AVE,1,8a4d261d
TLG06A,Traffic,Vehicle accident,19462,Plymouth,FAIRFIELD RD & E RIDGE PIKE,1,e6b32d6c
TLG073,Traffic,Debris/fluids on highway,19440,Hatfield Township,BERGEY RD & PENN ST,1,baa79f00
TLG0QX,Fire,Debris/fluids on highway,19440,Hatfield Township,BERGEY RD,1,1f4402bf
TLG101,EMS,Respiratory emergency,19454,Horsham,HORSHAM RD & GREEN TREE TAVERN RD,1,440320f2
TLG136,EMS,Unconscious subject,19462,Whitemarsh,GERMANTOWN PIKE & FAIRWAY RD,1,21cfe23e
TLG19Y,Traffic,Vehicle accident,19095,Cheltenham,WASHINGTON LN & W CHURCH RD,1,870507ff
TLG1AB,EMS,Vehicle accident,19095,Cheltenham,WASHINGTON LN & W CHURCH RD,1,6ca7f76b
TLG1QY,EMS,Fall victim,19438,Lower Salford,1ST AVE & GRUBER RD,1,56fec988
TLG1VL,EMS,Vehicle accident,19422,Whitpain,DEKALB PIKE,1,9f5279d8
TLG1VX,Traffic,Vehicle accident,19422,Whitpain,DEKALB PIKE & MORRIS RD,1,3297b7c0
TLG21H,EMS,Abdominal pains,19468,Upper Providence,MAIN ST & GREENWOOD AVE,1,7d8b4fbf
TLG2KT,EMS,Cardiac emergency,19403,Lower Providence,SHANNONDELL DR & SHANNONDELL BLVD,1,85d2e8c4
TLG31S,EMS,Unknown medical emergency,19464,Pottstown,SHOEMAKER RD & MAACO DR,1,e3364258
TLG35V,EMS,Unresponsive subject,19438,Lower Salford,MAIN ST & OLD SUMNEYTOWN PIKE,1,fba9bd23
TLG36P,EMS,Cardiac emergency,19046,Jenkintown,RUNNYMEDE AVE & WALNUT ST,1,e5d22486
TLG39B,EMS,Respiratory emergency,19041,Lower Merion,MONTGOMERY AVE & WOODSIDE RD,1,6ca7c57e
TLG3IH,EMS,Seizures,19462,Plymouth,GERMANTOWN PIKE & MEETINGHOUSE LN,1,ce92af1f
TLG3M7,EMS,Abdominal pains,19401,Norristown,KOHN ST & W BLACKBERRY ALY,1,852ebd00
TLG3MU,EMS,General weakness,18964,Telford,LINCOLN AVE & WOOD ALY,1,69b39a62
TLG3NI,EMS,Back pains/injury,19046,Abington,FOX CHASE RD & KIRKWOOD AVE,1,e31804fb
TLG4JO,EMS,Respiratory emergency,19027,Abington,GLEN PL & VALLEY GLEN RD,1,9e7109dd
TLG50Y,Traffic,Vehicle accident,19446,Lansdale,N LINE ST & E MAIN ST,1,93755cf4
TLG5DB,Fire,Fire alarm,19435,Upper Frederick,BIG RD & FREDERICK DR,1,eb4e7e86
TLG5MH,Fire,Fire alarm,19428,Plymouth,RIDGE PIKE & BUTLER PIKE,1,c362ad46
TLG5PI,Fire,Fire alarm,19002,Lower Gwynedd,SUMNEYTOWN PIKE & STONEBRIDGE RD,1,5d0d3e3d
TLG5RN,Fire,Fire special service,19004,Lower Merion,CORNELL RD & FORDHAM RD,1,3fe2c0f4
TLG5ST,EMS,Overdose,19464,Pottstown,MANATAWNY ST,1,03e4073a
TLG5TG,EMS,Respiratory emergency,19454,Horsham,HORSHAM RD & GREEN TREE TAVERN RD,1,663935c1
TLG60N,EMS,Fall victim,19066,Lower Merion,WINDING WAY & STANDISH RD,1,d6b23044
TLG61Z,Traffic,Vehicle accident,19090,Upper Moreland,MILL RD & EASTON RD,1,91db89b3
TLG61Z-1,Traffic,Vehicle accident,19040,Upper Moreland,MILL RD & MAGNOLIA AVE,1,61c2ed12
TLG638,Fire,Woods/field fire,19403,Lower Providence,LANTERN LN & SPARROW RD,1,cc0d2036
TLG638-1,Fire,Woods/field fire,19403,Lower Providence,APPLE VALLEY LN & THRUSH LN,1,0aa5192b
TLG67P,EMS,Seizures,19001,Upper Moreland,COUNTRY CLUB DR & EDGE HILL RD,1,b23ea66b
TLG6L2,Traffic,Disabled vehicle,19401,Norristown,DEKALB ST & E LAFAYETTE ST,1,d62e17cb
TLG6Q7,Fire,Gas-odor/leak,19525,New Hanover,SPRING MANOR BLVD & EVERGREEN DR,1,9de130b6
TLG6R5,EMS,Fall victim,19403,West Norriton,PENFIELD AVE & UNION ST,1,c7999c98
TLG6SG,Fire,Gas-odor/leak,19002,Upper Dublin,SHAMROCK PL & S SPRING HILL DR,1,3221e162
TLG6SG-1,Fire,Gas-odor/leak,19002,Upper Dublin,CORSLEY CT & S SPRING HILL DR,1,2a7d9c16
TLG7AM,EMS,Medical alert alarm,19403,West Norriton,RIVERVIEW RD & HILLSIDE DR,1,fcf7bc82
TLG7GC,Traffic,Road obstruction,19038,Abington,PARKDALE AVE & ABINGTON AVE,1,bf18f2b6
TLG7J6,EMS,Unresponsive subject,19464,Pottstown,HIGH ST & MANATAWNY ST,1,cfc2e04e
TLG7KW,EMS,Syncopal episode,19066,Lower Merion,OLD LANCASTER RD & UPLAND TER,1,5e5c6a19
TLG7LJ,EMS,Cardiac emergency,19403,Lower Providence,SHANNONDELL DR & SHANNONDELL BLVD,1,113dc753
TLG7S9,EMS,Head injury,19001,Abington,SUSQUEHANNA RD & EASTON RD,1,0d8dbf1b
TLG7V0,EMS,CVA/stroke,19440,Hatfield Township,CHAPMAN CIR & COWPATH RD,1,632e1104
TLG7ZN,EMS,Cardiac emergency,19406,Upper Merion,MOORE RD & W 9TH AVE,1,188fa90f
TLG801,Traffic,Road obstruction,19468,Limerick,RT422  & RAMP TOWNSHIP LINE RD TO RT422 WB,1,8137c10a
TLG81M,Fire,Fire alarm,19002,Ambler,MAIN ST & TENNIS AVE,1,7ac09f52
TLG89X,Fire,Fire alarm,18041,East Greenville,BLAKER DR & HAMILTON RD,1,f2c941fc
TLG8A7,Traffic,Vehicle accident,19438,Towamencin,SUMNEYTOWN PIKE & WAMBOLD RD,1,0312e6db
TLG8BO,EMS,Respiratory emergency,19403,West Norriton,OXFORD CIR & PARK DR,1,dba028df
TLG8DV,EMS,Syncopal episode,19426,Collegeville,2ND AVE & STINE DR,1,db8149fd
TLG8ID,EMS,Respiratory emergency,19422,Whitpain,DAWS RD & STIRLING WAY,1,0bda60d9
TLG8PF,Fire,Fire alarm,18092,Lehigh County,MILKY WAY & LIMEPORT PIKE,1,038c5305
TLG8U9,EMS,General weakness,19401,Norristown,DEKALB ST & E MARSHALL ST,1,4436bc8e
TLG8V1,Traffic,Vehicle accident,19462,Plymouth,CHEMICAL RD & GALLAGHER RD,1,660913dd
TLG920,EMS,Cardiac emergency,19492,Upper Frederick,BIG RD & FREDERICK DR,1,b6a94888
TLG92K,EMS,General weakness,19096,Lower Merion,PENN RD & PENWYN RD,1,7baf4456
TLG968,EMS,Nausea/vomiting,19003,Lower Merion,LANCASTER AVE & RITTENHOUSE PL,1,05f73d58
TLG99G,Traffic,Disabled vehicle,19446,Hatfield Township,COWPATH RD & N LINE ST,1,42facaa2
TLG9KA,Fire,Gas-odor/leak,19426,Upper Providence,BUCKTHORN LN & WILLOWWOOD DR,1,678b805c
TLG9MQ,EMS,Syncopal episode,18073,Pennsburg,4TH ST & CHERRY ST,1,6f31f6c0
TLG9OP,Fire,Vehicle accident,19401,Norristown,MARKLEY ST & STERIGERE ST,1,c55e6588
TLG9PI,Traffic,Vehicle accident,19401,Norristown,MARKLEY ST & STERIGERE ST,1,84bd62ee
TLG9PP,Fire,Electrical fire outside,19038,Abington,PARKDALE AVE,1,1714ea5f
TLG9RA,Fire,Fire alarm,19422,Whitpain,SPRINGHOUSE LN & FARM DR,1,1907c997
TLG9W1,EMS,Seizures,19027,Abington,TOWNSHIP LINE RD & CHURCH RD,1,0e4f2679
TLGA21,Traffic,Vehicle accident,19038,Abington,EASTON RD & HILLDALE RD,1,d178ffb7
TLGA7O,Fire,Appliance fire,19426,Perkiomen,GRAVEL PIKE & HIGH SCHOOL DR,1,576ad766
TLGA97,EMS,Fracture,19462,Plymouth,CONSHOHOCKEN RD & E RIDGE PIKE,1,2cd4dff6
TLGABZ,EMS,General weakness,18074,Lower Frederick,MAIN ST & STATION AVE,1,d2c3d677
TLGAI2,EMS,Nausea/vomiting,19012,Cheltenham,RYERS AVE & FRANKLIN AVE,1,5abf9f21
TLGASC,EMS,Poisoning,19464,Pottstown,WALNUT ST & GABLE AVE,1,64f01e34
TLGB7J,EMS,Respiratory emergency,19031,Springfield,BETHLEHEM PIKE & E WISSAHICKON AVE,1,d8c236c6
TLGB88,Fire,Appliance fire,19006,Lower Moreland,ROY LN & STEELE WAY,1,3ca39add
TLGBFC,EMS,Respiratory emergency,19468,Limerick,HOLLY DR & REDWOOD DR,1,59738007
TLGBFV,EMS,Appliance fire,19006,Lower Moreland,ROY LN & STEELE WAY,1,66d593f4
TLGBJF,Traffic,Vehicle accident,19038,Springfield,PAPER MILL RD & MONTGOMERY AVE,1,89469758
TLGBM8,EMS,Unknown medical emergency,19464,Pottstown,ROBINSON ST & TUCKER CT,1,1f0d8773
TLGBR2,EMS,Respiratory emergency,19035,Lower Merion,WAVERLY RD & YOUNGS FORD RD,1,4ff8131b
TLGBUV,Traffic,Disabled vehicle,19438,Towamencin,SUMNEYTOWN PIKE & OLD FORTY FOOT RD,1,6b0ed896
TLGBX8,EMS,Overdose,19010,Lower Merion,REES AVE & THOMAS AVE,1,4e765828
TLGCNY,EMS,Altered mental status,19406,Upper Merion,HENDERSON RD & SHOEMAKER RD,1,e16e7b75
TLGCUH,EMS,Subject in pain,19096,Lower Merion,WILLIAMS RD & NICHOLSON RD,1,8956539b
TLGCW2,EMS,Syncopal episode,19426,Trappe,MAIN ST & CENTER AVE,1,9e3e6456
TLGD93,Traffic,Disabled vehicle,19468,Limerick,RT422  & RAMP EVERGREEN RD TO RT422 EB,1,3b9460bc
TLGDKI,Traffic,Vehicle accident,19406,Upper Merion,1ST AVE & CLARK AVE,1,98a55b14
TLGDQB,Traffic,Vehicle accident,19044,Upper Moreland,BLAIR MILL RD & WITMER RD,1,41e35dd4
TLGDQQ,EMS,General weakness,19454,North Wales,MAIN ST & W WALNUT ST,1,0d14fc9f
TLGDWK,Traffic,Disabled vehicle,19006,Lower Moreland,HUNTINGDON PIKE & BYBERRY RD,1,d14480a2
TLGEA2,Traffic,Vehicle accident,19454,Montgomery,BETHLEHEM PIKE & ENCLAVE BLVD,1,a5290f2c
TLGEG8,EMS,Hemorrhaging,18969,Telford,CHURCH AVE & AUTUMN LEA CIR,1,7a1c75e0
TLGEPS,EMS,Fall victim,19406,Upper Merion,1ST AVE & FREEDOM DR,1,d7987134
TLGFKP,Fire,Fire investigation,19464,Pottstown,HANOVER ST & BUTTONWOOD ALY,1,5ac381e5
TLGFLG,EMS,Allergic reaction,19038,Abington,TENNIS AVE & JENKINTOWN RD,1,06d11039
TLGG3N,Traffic,Vehicle accident,19426,Trappe,W MAIN ST & W 7TH AVE,1,8db5c591
TLGG4L,Traffic,Vehicle accident,19428,Plymouth,RIDGE PIKE & BUTLER PIKE,1,32b2fbb4
TLGGBJ,EMS,Syncopal episode,19401,East Norriton,DEKALB PIKE & COLONIAL DR,1,81992b7c
TLGGO4,Traffic,Vehicle accident,19454,Montgomery,BETHLEHEM PIKE & NORTH WALES RD,1,32677776
TLGGQQ,EMS,Diabetic emergency,18936,Montgomery,HORSHAM RD & PHEASANT RUN,1,a904bcfb
TLGH0S,EMS,Allergic reaction,19044,Upper Moreland,BLAIR MILL RD & W MORELAND AVE,1,95519392
TLGH53,EMS,Diabetic emergency,19401,Norristown,LAURA LN & STANBRIDGE ST,1,d6586b1f
TLGHBQ,EMS,Medical alert alarm,18073,Upper Hanover,MARKLEY RD & W 3RD ST,1,4e37535b
TLGHDR,EMS,Abdominal pains,19006,Lower Moreland,BRAE BOURN DR & BRAE BOURN RD,1,961431b2
TLGHFZ,Traffic,Vehicle accident,19468,Limerick,EVERGREEN RD & RAMP EVERGREEN RD TO RT422 WB,1,24e87de7
TLGHI7,Fire,Fire alarm,19096,Lower Merion,BOLSOVER RD & PENWYN RD,1,86a03598
TLGHJK,Traffic,Vehicle accident,19046,Abington,LENOX RD & MEETINGHOUSE RD,1,a43dadbc
TLGHMM,EMS,Head injury,19131,Lower Merion,MONUMENT RD & E CITY AVE,1,3af5697f
TLGHUI,EMS,Unknown medical emergency,19401,Norristown,DEKALB ST & E MARSHALL ST,1,064160eb
TLGI89,Traffic,Vehicle accident,18974,Hatboro,E COUNTY LINE RD & YORKSHIRE WAY,1,8176a525
TLGIE4,EMS,Fall victim,19010,Lower Merion,W LANCASTER AVE,1,9bab06a3
TLGIM4,EMS,Head injury,19403,Lower Providence,OAKLYN AVE & RIDGE PIKE,1,1e50bc56
TLGIMQ,EMS,Overdose,19401,Norristown,BASIN ST & POWELL ST,1,afb8b030
TLGIP1,EMS,Back pains/injury,19438,Lower Salford,INDIAN CREST DR & KULP RD,1,846b54ea
TLGIYR,EMS,Unknown medical emergency,19401,East Norriton,OLD ARCH RD & BIRCHWOOD DR,1,b58768b2
TLGIYR-1,EMS,Unknown medical emergency,19401,East Norriton,BIRCHWOOD DR & OLD ARCH RD,1,cbfb4024
TLGJ9X,Traffic,Vehicle accident,19046,Jenkintown,YORK RD & RYDAL RD,1,6d1731c3
TLGJ9X-1,Traffic,Vehicle accident,19046,Jenkintown,YORK RD & HILLSIDE AVE,1,06f29861
TLGJCM,EMS,Unknown medical emergency,19422,Whitpain,WENTZ RD & SKIPPACK PIKE,1,17197d84
TLGJYS,EMS,Respiratory emergency,19046,Abington,OLD YORK RD & WYNCOTE RD,1,5f41dbd7
TLGJZF,EMS,Seizures,19438,Towamencin,INDUSTRIAL BLVD & WAMBOLD RD,1,a82b8f00
TLGK01,Traffic,Vehicle accident,19473,Perkiomen,MEYERS RD & RALEIGH RD,1,0f813331
TLGK2U,EMS,Fall victim,19403,East Norriton,HAYES RD & KELLY DR,1,fc8cf0e9
TLGKAK,EMS,General weakness,19072,Lower Merion,MONTGOMERY AVE & PRICE AVE,1,64b2afab
TLGKI6,Traffic,Disabled vehicle,19438,Towamencin,SUMNEYTOWN PIKE & FORTY FOOT RD,1,3f613635
TLGKJF,Traffic,Disabled vehicle,19040,Horsham,EASTON RD & W COUNTY LINE RD,1,3f1f2ac4
TLGKNM,Traffic,Vehicle accident,19401,Norristown,HAWS AVE & W MARSHALL ST,1,2dbd5d6a
TLGKS9,Traffic,Vehicle accident,19438,Towamencin,EXTENSION PENNSYLVANIA TPKE & MORRIS RD,1,34ddee27
TLGLN5,EMS,Fall victim,19072,Lower Merion,JUNE LN & MYRTLE LN,1,52ec0eb3
TLGLPP,EMS,Respiratory emergency,19046,Abington,SUSQUEHANNA RD & HUNTINGDON RD,1,0cca8864
TLGLR2,EMS,Cardiac emergency,19090,Upper Moreland,YORK RD & CHERRY ST,1,1cba335c
TLGLR5,Traffic,Vehicle accident,19525,New Hanover,SWAMP PIKE & LUTHERAN RD,1,db8a1f75
TLGM6N,EMS,Cardiac emergency,18074,Pottstown,SHOEMAKER RD & CONNECTING ROAD,1,a6b4363e
TLGMEI,Fire,Fire alarm,19464,Pottstown,HIGH ST & S FRANKLIN ST,1,7d932ef8
TLGN9U,Traffic,Vehicle accident,19150,Cheltenham,CHELTENHAM AVE & OGONTZ AVE,1,f52c47fa
TLGNFR,EMS,Unconscious subject,19401,Norristown,MARKLEY ST & W POPLAR ST,1,40fdf4a6
TLGNPY,Traffic,Disabled vehicle,19002,Upper Dublin,DILLON RD & N LIMEKILN PIKE,1,8c7a53d8
TLGO70,Traffic,Vehicle accident,19464,Pottstown,HIGH ST & MOSER RD,1,01ab29c2
TLGO9K,EMS,Back pains/injury,19464,Pottstown,SHOEMAKER RD & ROBINSON ST,1,b043cbfe
TLGOUK,EMS,Overdose,19403,East Norriton,GERMANTOWN PIKE & BRIDLE PATH RD,1,fbb7a9d1
TLGOZT,EMS,CVA/stroke,19464,Lower Pottsgrove,EVERGREEN RD & W LIGHTCAP RD,1,0845fc5e
TLGP0K,EMS,Vehicle accident,19044,Horsham,HORSHAM RD,1,a2155dfe
TLGP13,Traffic,Vehicle accident,19002,Horsham,HORSHAM RD & LIMEKILN PIKE,1,70916fd0
TLGP1F,Traffic,Disabled vehicle,19465,Chester County,S HANOVER ST & POTTSTOWN PIKE,1,e1d39431
TLGP5C,EMS,Cardiac emergency,19446,Worcester,SKIPPACK PIKE & MEADOWOOD DR,1,d90fe559
TLGPF1,EMS,Altered mental status,19454,Lower Gwynedd,MEETINGHOUSE RD & DEKALB PIKE,1,0f5561c1
TLGPU6,Fire,Fire alarm,19035,Lower Merion,WESLEYS RUN & CONSHOHOCKEN STATE RD,1,ce0574dc
TLGQ2S,EMS,Unconscious subject,19401,Norristown,MARSHALL ST & SWEDE ST,1,36a0c2e6
TLGQ52,Traffic,Road obstruction,19440,Hatfield Township,BETHLEHEM PIKE & STERLING DR,1,ed4d5c48
TLGQFB,EMS,Seizures,19002,Horsham,BUTLER PIKE & NESBITT RD,1,49a6ddbc
TLGQGM,EMS,Unconscious subject,19004,Lower Merion,CITY AVE & N 47TH ST,1,a4f95bcc
TLGQHC,Fire,Gas-odor/leak,19406,Upper Merion,HUNTERS RUN & N HENDERSON RD,1,4f651a74
TLGQQJ,Traffic,Vehicle accident,19010,Lower Merion,LANCASTER AVE & CENTRAL AVE,1,0c9825e5
TLGQSG,EMS,Assault victim,19464,Pottstown,CHARLOTTE ST & JEFFERSON AVE,1,07a9fd05
TLGQTJ,EMS,Fracture,19454,Montgomery,TUDOR DR & WORDSWORTH LN,1,4a377d3b
TLGQU7,EMS,Head injury,19401,East Norriton,GERMANTOWN PIKE & HANNAH AVE,1,d672b128
TLGQUS,EMS,Abdominal pains,19002,Upper Dublin,TERRACE DR & MORSE DR,1,d588a1ef
TLGQVX,EMS,Unconscious subject,19446,Lansdale,E 7TH ST,1,19874685
TLGQWY,Traffic,Disabled vehicle,19444,Whitemarsh,GERMANTOWN PIKE & MITCHELL CT,1,f20108c9
TLGR6V,EMS,Subject in pain,19401,Norristown,MAIN ST & CHAIN ST,1,9371e492
TLGSM5,EMS,Overdose,19038,Abington,HIGHLAND AVE & KENMORE AVE,1,7efc28d7
TLGSNV,Fire,Fire alarm,19446,Lansdale,BROAD ST & E HANCOCK ST,1,20d3eb6e
TLGSPK,EMS,Subject in pain,19090,Upper Moreland,COMMERCE AVE & MARYLAND RD,1,51a6ea89
TLGSUL,EMS,Head injury,19401,Norristown,ROSS ALY,1,22ed36fe
TLGSZI,Fire,Elevator emergency,19438,Skippack,ASHLAND DR & COLEBROOK LN,1,66836e23
TLGT0F,Fire,Elevator emergency,19406,Upper Merion,ALLENDALE RD & W DEKALB PIKE,1,69614e27
TLGT4J,EMS,Seizures,19464,West Pottsgrove,UPLAND SQUARE DR & SELL RD,1,add10c46
TLGT6G,Traffic,Disabled vehicle,19454,Montgomery,STUMP RD & STEEPLECHASE DR,1,c3f83ee9
TLGT81,EMS,Seizures,19438,Lower Salford,CHAMPIONSHIP DR & CLUBHOUSE DR,1,74f64809
TLGTCX,EMS,Vehicle accident,19401,Norristown,ARCH ST,1,da1b1f34
TLGTD8,Traffic,Vehicle accident,19401,Norristown,ARCH ST & E JOHNSON HWY,1,9ac6c762
TLGTHN,EMS,Overdose,19464,Pottstown,HIGH ST & MANATAWNY ST,1,03b77958
TLGTLX,EMS,Fall victim,19428,Conshohocken,10TH AVE & JONES ST,1,dceb51e3
TLGTNW,Traffic,Vehicle accident,19401,East Norriton,DEKALB PIKE & COLONIAL DR,1,e259a208
TLGU5C,Traffic,Vehicle accident,19095,Cheltenham,CHELTENHAM AVE & LIMEKILN PIKE,1,66aac93f
TLGU60,EMS,Head injury,19446,Lansdale,JEFFERSON ST & E HANCOCK ST,1,48125f9b
TLGUA9,Traffic,Vehicle accident,19426,Upper Providence,ARCOLA RD & S COLLEGEVILLE RD,1,1c3a4076
TLGUAD,Traffic,Vehicle accident,19401,Norristown,MAIN ST & HAMILTON ST,1,172fbe08
TLGUAG,EMS,Vehicle accident,19426,Upper Providence,ARCOLA RD,1,f396bd38
TLGUTT,EMS,Fall victim,19454,North Wales,OAK ST & SMITH ST,1,79cca283
TLGUWI,Traffic,Vehicle accident,19446,Montgomery,COWPATH RD & MORGAN ST,1,9d052272
TLGV8T,Traffic,Vehicle accident,19446,Hatfield Township,WINDSOR CT & FERNDALE LN,1,6a590e51
TLGVW0,Fire,Fire alarm,19010,Lower Merion,OLD LANCASTER RD & MONDELLA AVE,1,e6e11e97
TLGVYR,EMS,Respiratory emergency,19401,Norristown,WILLOW ST & E WOOD ST,1,ab97f3b3
TLGW8M,EMS,Diabetic emergency,19473,Schwenksville,FOREST LN & CENTENNIAL ST,1,8ab0ed81
TLGWDR,Fire,Trash/dumpster fire,19072,Lower Merion,BRYN MAWR AVE & BROAD ACRES RD,1,345b1144
TLGWMO,EMS,Medical alert alarm,19403,Lower Providence,SHANNONDELL DR & SHANNONDELL BLVD,1,ec82b1d6
TLGWNU,EMS,Head injury,19403,Lower Providence,PEACOCK DR & APPLEDALE RD,1,e9dfa304
TLGWV7,EMS,Assault victim,19464,Pottstown,HIGH ST & S FRANKLIN ST,1,999fac2f
TLGX2C,EMS,Hemorrhaging,19090,Upper Moreland,MARYLAND RD & COMMERCE AVE,1,ca3c6261
TLGXFE,Fire,Fire alarm,19006,Abington,CHEROKEE AVE & KIRKWOOD AVE,1,0f01d42a
TLGXI5,EMS,Abdominal pains,19446,Lansdale,MAIN ST & GREENWOOD RD,1,5f5de375
TLGXJD,EMS,Seizures,19044,Horsham,COLUMBIA AVE & WATSON AVE,1,780aaee6
TLGXQY,Traffic,Vehicle accident,19406,Upper Merion,E CHURCH RD & S HENDERSON RD,1,dc282ea6
TLGXR5,Fire,Carbon monoxide detector,19401,Norristown,LAFAYETTE ST & ROBERTS ALY,1,6c5edcb4
TLGXWF,EMS,Fever,19151,Lower Merion,CITY AVE & HOLLINGSWORTH RD,1,ffc3fcbb
TLGYCF,Fire,Fire alarm,19401,Norristown,SUMMIT ST & GREEN ST,1,84f65f65
TLGYDS,Fire,Electrical fire outside,19006,Abington,MEINEL RD & LINTON RD,1,4da10562
TLGYMZ,Fire,Unknown type fire,19012,Cheltenham,ROWLAND AVE,1,1e7d1952
TLGYMZ-1,Fire,Unknown type fire,19012,Cheltenham,CROYDEN RD & ROWLAND AVE,1,ab32e586
TLGYP6,EMS,Respiratory emergency,19038,Springfield,IVY HILL RD & WILLIAMS AVE,1,bc16da13
TLGYTQ,Fire,Fire alarm,19044,Horsham,TOURNAMENT DR & RIDGEVIEW DR,1,d8f9c019
TLGZ56,EMS,Unconscious subject,19446,Montgomery,BETHLEHEM PIKE & TAYLOR RD,1,e2e6a821
TLGZHO,EMS,Medical alert alarm,19403,Lower Providence,SHANNONDELL DR & SHANNONDELL BLVD,1,77540b38
TLGZXC,Fire,Fire alarm,19038,Upper Dublin,LINDEN AVE & WALNUT AVE,1,a735b46b
TLH029,EMS,Subject in pain,19401,Norristown,ARCH ST & DARTMOUTH DR,1,487a30d7
TLH03A,EMS,Medical alert alarm,19403,West Norriton,MARSHALL ST & N MONTGOMERY AVE,1,0fc8dc3e
TLH0LB,EMS,Head injury,18073,Pennsburg,POTTSTOWN AVE & SILK ALY,1,746aaa6e
TLH0M6,EMS,Dizziness,19464,Pottstown,CUSTER CT & W BUTTONWOOD ST,1,701eb1f4
TLH0WC,Traffic,Vehicle accident,19034,Whitemarsh,SKIPPACK PIKE & BETHLEHEM PIKE,1,134a48db
TLH11O,EMS,Unconscious subject,19401,Norristown,LAFAYETTE ST & SWEDE ST,1,c570c3dd
TLH1FN,Traffic,Vehicle accident,18974,Horsham,W COUNTY LINE RD & BLAIR MILL RD,1,51f29c8e
TLH1FN-1,Traffic,Vehicle accident,18974,Horsham,BLAIR MILL RD & W COUNTY LINE RD,1,a0606dd6
TLH1IE,EMS,Syncopal episode,19090,Abington,MORELAND RD & EASTON RD,1,f592c41a
TLH2FX,Fire,Fire alarm,18041,East Greenville,MAIN ST & 3RD ST,1,1e001c44
TLH2L2,Traffic,Vehicle accident,19003,Lower Merion,CITY AVE & HAVERFORD RD,1,35db2613
TLH2M5,Traffic,Vehicle accident,19440,Hatfield Township,BETHLEHEM PIKE & MILL RD,1,7317cbba
TLH2O8,Traffic,Vehicle accident,19095,Cheltenham,TOWNSHIP LINE RD & WASHINGTON LN,1,81df8bb3
TLH2V0,Traffic,Disabled vehicle,19035,Lower Merion,CONSHOHOCKEN STATE RD & GREAVES LN,1,656c1398
TLH3QT,EMS,Diabetic emergency,19095,Cheltenham,WASHINGTON LN & W CHURCH RD,1,1032f3d4
TLH3UK,EMS,Overdose,19040,Hatboro,E MONTGOMERY AVE,1,e9dca33c
TLH5PV,Traffic,Vehicle accident,19001,Abington,LONDON RD & OLD YORK RD,1,b356c421
TLH5SX,EMS,Vehicle accident,19001,Abington,LONDON RD,1,067d7600
TLH5TP,EMS,Overdose,19426,Upper Providence,EGYPT RD & CRESSON BLVD,1,70878052
TLH5Y0,EMS,Vehicle accident,19464,Pottstown,HIGH ST,1,58ee104f
TLH5Y4,Traffic,Vehicle accident,19464,Pottstown,HIGH ST & N FRANKLIN ST,1,5918cb2c
TLH65X,Traffic,Disabled vehicle,19044,Horsham,WITMER RD & DRESHER RD,1,0e922865
TLH6GX,EMS,Subject in pain,19403,Lower Providence,WOODLYN AVE & CLEARFIELD AVE,1,382f38fe
TLH6OM,EMS,Dizziness,19003,Lower Merion,LANCASTER AVE & S CHURCH RD,1,c6b73203
TLH8MV,EMS,Lacerations,19401,Norristown,LOCUST ST & W WOOD ST,1,6a2e5eb6
TLH8MV-1,EMS,Lacerations,19401,Norristown,WOOD ST & LOCUST ST,1,0a3002ff
TLH8SE,Fire,Fire alarm,19401,Norristown,SAW MILL RUN & ARCH ST,1,86f9b7ce
TLH8VD,Traffic,Disabled vehicle,19438,Lower Salford,HARLEYSVILLE PIKE & PATERNO DR,1,712beaf6
TLHAF2,EMS,Head injury,19010,Lower Merion,MIDDLE RD & PASTURE LN,1,746d4705
TLHB83,EMS,Head injury,19464,Pottstown,LAUREL ST & S EVANS ST,1,b94ced33
TLHB9E,EMS,Respiratory emergency,19473,Perkiomen,LEXINGTON RD & SALEM RD,1,36f0e701
TLHC96,Traffic,Vehicle accident,19464,Pottstown,MANATAWNY ST & SPRING ST,1,7af19025
TLHCCU,EMS,Back pains/injury,19401,Norristown,AIRY ST & HAWS AVE,1,87c6e535
TLHCIQ,EMS,General weakness,19040,Hatboro,YORK RD & E MORELAND AVE,1,7603a840
TLHE6T,EMS,Fever,19406,Upper Merion,BILL SMITH BLVD & REESEVILLE DR,1,f5e3df4d
TLHF1N,EMS,Back pains/injury,19440,Hatfield Township,ELROY RD & HERTFORD DR,1,513af4fb
TLHFIG,EMS,Diabetic emergency,19001,Abington,OLD YORK RD & ECKARD AVE,1,f86ccaca
TLHG00,Fire,Carbon monoxide detector,19010,Lower Merion,OAK RIDGE RD & GREAT SPRINGS RD,1,cee96c3b
TLHGIZ,EMS,Seizures,19454,North Wales,5TH ST & E WALNUT ST,1,90fbaa5a
TLHGTK,EMS,Diabetic emergency,19406,Upper Merion,ANDERSON RD & PRINCETON DR,1,a8ef6a4c
TLHGUT,Fire,Carbon monoxide detector,19096,Lower Merion,HENLEY RD & DRAYTON LN,1,41b4d549
TLHIBZ,EMS,EMS special service,19473,Skippack,BRIDGE RD & SERENDIPITY WAY,1,e4b69185
TLHICX,EMS,Cardiac arrest,19027,Abington,TOWNSHIP LINE RD & CHURCH RD,1,b724882b
TLHJ0P,EMS,Cardiac emergency,19468,Limerick,REED RD & OAK LN,1,3a4ff8b7
TLHJYW,EMS,Head injury,19464,Pottstown,YORK ST & LESHER ALY,1,17f48c3e
TLHKES,EMS,General weakness,19401,Norristown,GEORGE ST & W AIRY ST,1,27251fd3
TLHKG7,EMS,Unconscious subject,19464,Pottstown,WEST ST & DAUB ALY,1,5396cade
TLHL1P,EMS,Medical alert alarm,19401,Norristown,ARCH ST & DARTMOUTH DR,1,06ef4351
TLHMY5,Traffic,Vehicle accident,19468,Limerick,GRATERFORD RD & EILEEN LN,1,74d22aa1
TLHN1Y,EMS,Respiratory emergency,19044,Horsham,JACK LADDER CIR & LOG POND DR,1,80955cf7
TLHOIR,EMS,Unconscious subject,19401,Norristown,SELMA ST & W ELM ST,1,30632d6f
TLHOKP,EMS,Head injury,19038,Abington,EASTON RD & CROSS RD,1,e20141b8
TLHPK8,EMS,Respiratory emergency,19464,Pottstown,HARMONY DR & W HARMONY DR,1,835a2024
TLHQ35,EMS,Respiratory emergency,19446,Lansdale,WALNUT ST & W 5TH ST,1,f5fe0066
TLHQP5,EMS,Fall victim,19046,Rockledge,JARRETT AVE & HUNTINGDON PIKE,1,e079652d
TLHQR4,EMS,Seizures,19438,Lower Salford,LUCON RD & HARLEYSVILLE PIKE,1,63896e7d
TLHQUM,EMS,Unknown medical emergency,19002,Ambler,BETHLEHEM PIKE & ARGYLE AVE,1,14c1677b
TLHR3Q,Traffic,Hazardous road conditions,19006,Bryn Athyn,TOMLINSON RD & ASHLEY RD,1,bb383281
TLHRB4,EMS,Syncopal episode,19406,Upper Merion,KINGWOOD RD & POWDERHORN RD,1,71691335
TLHSPP,EMS,Hemorrhaging,19406,Upper Merion,BRYCE LN & E SWEDESFORD RD,1,c500afb5
TLHSRL,EMS,Fall victim,19440,Hatfield Township,PINE TREE DR & SOURWOOD DR,1,f3dba61e
TLHT38,EMS,General weakness,19446,Lansdale,MAIN ST & HIGHLAND RD,1,324b1745
TLHTA1,EMS,Back pains/injury,19046,Abington,WYNDALE RD & BAEDER RD,1,3fd66889
TLHTOC,Fire,Fire alarm,19525,New Hanover,SWAMP PIKE & LEIDY RD,1,b6aa69e4
TLHTPC,Traffic,Vehicle accident,18041,Upper Hanover,KUTZTOWN RD & FRUITVILLE RD,1,5bf003aa
TLHTSY,Traffic,Hazardous road conditions,19428,Conshohocken,6TH AVE & HARRY ST,1,685e2799
TLHTT7,EMS,Fall victim,19403,West Norriton,BEECH DR & SPRUCE ST,1,f6eba462
TLHTXE,Fire,Fire alarm,19464,Upper Pottsgrove,STONE HILL DR & MASTER ST,1,6f2342a6
TLHTZB,EMS,Hemorrhaging,19446,Lansdale,YORK AVE & S RICHARDSON AVE,1,4fa2d292
TLHU9Z,EMS,Medical alert alarm,19401,Norristown,BUTTONWOOD ST & W AIRY ST,1,f6fce29f
TLHUB1,EMS,Respiratory emergency,19428,Conshohocken,COLWELL LN & UNNAMED ALY,1,4c080358
TLHUV3,Fire,Vehicle accident,19428,West Conshohocken,UNION HILL RD & NEW DEHAVEN ST,1,ae1e32c2
TLHUVM,Traffic,Vehicle accident,19428,West Conshohocken,UNION HILL RD & NEW DEHAVEN ST,1,110ea4fc
TLHVHV,EMS,General weakness,19468,Limerick,FOXMEADOW CIR & STRATFORD CT,1,308fe49f
TLHVOA,EMS,Respiratory emergency,19403,Lower Providence,SHANNONDELL DR & SHANNONDELL BLVD,1,c14d4906
TLHVXU,EMS,Unknown medical emergency,19446,Lansdale,LANSDALE AVE & E 7TH ST,1,d980cff4
TLHW43,EMS,General weakness,19401,Norristown,NEW HOPE ST & CEDAR LN,1,3fa42527
TLHWAN,EMS,Abdominal pains,19401,Norristown,GREEN ST & E BASIN ST,1,e7b86cd3
TLHWGJ,EMS,Cardiac emergency,19440,Hatfield Township,CLEMENS RD & FORTY FOOT RD,1,fed1a997
TLHWML,Fire,Vehicle fire,19034,Upper Dublin,FORT WASHINGTON AVE & PROSPECT AVE,1,41d1aa7d
TLHWOG,Traffic,Vehicle fire,19034,Upper Dublin,FORT WASHINGTON AVE & PROSPECT AVE,1,bec4d0f6
TLHWZX,EMS,Subject in pain,19040,Hatboro,JACKSONVILLE RD & TANNER AVE,1,7baa13fa
TLHX1H,EMS,Abdominal pains,19406,Upper Merion,OLD FORT RD & COUNTRY LN,1,d08102fa
TLHX5M,Fire,Fire alarm,19406,Upper Merion,1ST AVE & FREEDOM DR,1,7aafb041
TLHYEL,Fire,Fire alarm,19462,Plymouth,CHEMICAL RD & GALLAGHER RD,1,221090a0
TLHYG0,Traffic,Disabled vehicle,19440,Towamencin,ALLENTOWN RD & THORNDALE DR,1,05998318
TLHYMP,Fire,Burn victim,19525,New Hanover,HOLLY DR & DEAD END,1,63574938
TLHYSN,Traffic,Vehicle accident,19151,Lower Merion,LANCASTER AVE & CITY AVE,1,ca1cf99f
TLHYX3,EMS,Respiratory emergency,19406,Upper Merion,HENDERSON RD & W DEKALB PIKE,1,afed07d7
TLHYYZ,Traffic,Vehicle accident,19446,Lansdale,E 3RD ST & N BROAD ST,1,dc41e1de
TLHZCI,EMS,Head injury,18073,Marlborough,UPPER RIDGE RD & MILLER RD,1,f7d1b48e
TLHZD4,Traffic,Vehicle accident,19040,Hatboro,BROAD,1,af971e59
TLHZD4-1,Traffic,Vehicle accident,19446,Lansdale,E 2ND ST & N BROAD ST,1,11ce1b9d
TLHZDE,EMS,Overdose,19438,Lower Salford,MAIN ST & MAPLE AVE,1,839b412b
TLHZG1,Fire,Cardiac arrest,19438,Lower Salford,MAIN ST & MAPLE AVE,1,7a9de57a
TLHZID,EMS,Subject in pain,19090,Abington,FLEMING AVE & MT VERNON AVE,1,9eee7b64
TLHZLF,Fire,Fire alarm,19446,Lansdale,MAIN ST & HIGHLAND RD,1,6a6d8ea9
TLHZML,Fire,Fire alarm,19002,Horsham,BUTLER PIKE & NESBITT RD,1,ee171966
TLHZQC,EMS,Abdominal pains,18969,Franconia,INDIAN CREEK RD & ALLENTOWN RD,1,bcd8633d
TLHZYK,EMS,Cardiac arrest,19462,Plymouth,PATRIOT CIR & BELVOIR RD,1,475b022f
TLHZZY,EMS,Subject in pain,19401,Norristown,MAIN ST & FRANKLIN ST,1,8c5aa153
TLI0GY,Traffic,Disabled vehicle,19041,Lower Merion,GRAYS LN & ELBOW LN,1,713272c5
TLI0JE,Fire,Gas-odor/leak,19046,Jenkintown,WEST AVE & GREENWOOD AVE,1,f9dbf16c
TLI0O8,EMS,Hemorrhaging,19446,Upper Gwynedd,HIGHPOINT CIR & OXFORD CIR,1,72b19bfb
TLI0WS,Fire,Fire alarm,19406,Upper Merion,8TH AVE & MOORE RD,1,af93550f
TLI117,EMS,Hemorrhaging,19046,Abington,BAR HARBOR RD & JENKINTOWN RD,1,68530aa6
TLI1A5,EMS,Fall victim,19444,Whitemarsh,RIDGE PIKE & BARREN HILL RD,1,ec792572
TLI1BU,EMS,Subject in pain,19040,Hatboro,MORELAND AVE & S YORK RD,1,26e36abf
TLI1MD,EMS,Seizures,19401,Norristown,PINE ST & W FORNANCE ST,1,80a0046f
TLI1N6,EMS,Overdose,19075,Springfield,PLYMOUTH AVE & WALNUT AVE,1,fc135ec0
TLI1X3,EMS,Subject in pain,19460,Upper Providence,BLACK ROCK RD & S COLLEGEVILLE RD,1,e40dc737
TLI1XU,EMS,Cardiac emergency,19044,Horsham,BROWNSTONE DR & SCHOOL RD,1,d120d47e
TLI24G,Traffic,Vehicle accident,19440,Hatfield Township,LINE LEXINGTON RD & COWPATH RD,1,eb5d7d99
TLI27J,EMS,Syncopal episode,19040,Upper Moreland,BYBERRY RD & VILLAGE CIR,1,5f83e308
TLI2FE,EMS,Vehicle accident,19440,Hatfield Township,LINE LEXINGTON RD,1,12b675ea
TLI2GA,EMS,General weakness,19096,Lower Merion,PENN RD & PENWYN RD,1,e9ee3154
TLI2KG,EMS,Altered mental status,19464,Limerick,MASTERS DR & PUTTER LN,1,f62010be
TLI2LD,EMS,Nausea/vomiting,19002,Upper Dublin,SUSQUEHANNA RD & SPARK DR,1,f47f5d53
TLI2NZ,EMS,Head injury,19446,Hatfield Township,MEDICAL CAMPUS DR & N LINE ST,1,d6d4062e
TLI2P0,Fire,Fire alarm,19454,Lower Gwynedd,MEETINGHOUSE RD & W LAMPLIGHTER LN,1,32c99cd6
TLI33X,Traffic,Disabled vehicle,19403,West Norriton,EGYPT RD & WILLOWBROOK DR,1,527c58ef
TLI3JQ,EMS,Unknown medical emergency,19401,Norristown,ELM ST & KOHN ST,1,f43ac24b
TLI3M8,EMS,Fever,19403,East Norriton,BARBARA DR & DENISE RD,1,e91a15e5
TLI3QW,Fire,Fire alarm,19001,Abington,ROSEWOOD AVE & WOODLAND RD,1,2620a2b6
TLI3W3,EMS,Cardiac emergency,19525,Douglass,MERKEL RD & E PHILADELPHIA AVE,1,f332a738
TLI43A,EMS,Head injury,19468,Upper Providence,BLACK ROCK RD & S TRAPPE RD,1,284e721b
TLI4K4,Fire,Fire alarm,19464,Lower Pottsgrove,EVERGREEN RD & W LIGHTCAP RD,1,636a3f3d
TLI4S4,EMS,Lacerations,19403,West Norriton,WAGON WHEEL RD & STABLE RD,1,0859cb1e
TLI505,Traffic,Vehicle accident,19426,Upper Providence,EGYPT RD & CRESSON BLVD,1,6e11018c
TLI55U,EMS,Unknown medical emergency,19406,Upper Merion,PRINCE FREDERICK ST & N HENDERSON RD,1,b130d23d
TLI57W,Fire,Carbon monoxide detector,19454,Montgomery,BLUE RIBBON DR & POLO DR,1,a10e218a
TLI5AZ,EMS,General weakness,19446,Upper Gwynedd,SUMNEYTOWN PIKE & MERCK GATE 1,1,8165c8fe
TLI5MH,Traffic,Road obstruction,19072,Lower Merion,VALLEY RD & MILL CREEK RD,1,50052ed9
TLI5P1,Fire,Fire alarm,19010,Delaware County,RAMBLEWOOD DR & FOXFIELDS RD,1,e2ae318a
TLI68S,Traffic,Vehicle accident,19446,Lansdale,W 9TH ST & WALNUT ST,1,ddeac41c
TLI68S-1,Traffic,Vehicle accident,19446,Lansdale,WALNUT ST & W 9TH ST,1,1f5bd7e4
TLI6CO,Fire,Fire alarm,18964,Souderton,COUNTY LINE RD & E BROAD ST,1,dc6f8cd0
TLI6J1,EMS,Allergic reaction,19403,Lower Providence,PARK AVE & LLOYD LN,1,76b55c6b
TLI6UY,Fire,Elevator emergency,19406,Upper Merion,BRYCE LN & E SWEDESFORD RD,1,00f70f6b
TLI70M,EMS,Overdose,19401,Norristown,LAFAYETTE ST & MCKINLEY AVE,1,d6b1cbf4
TLI7A1,EMS,Back pains/injury,19440,Hatfield Township,ELROY RD & HERTFORD DR,1,4d5f5eda
TLI7BR,EMS,Subject in pain,19406,Upper Merion,HENDERSON RD & W DEKALB PIKE,1,a380d3ad
TLI7CU,Fire,Fire alarm,19035,Lower Merion,MERION SQUARE RD & GLENMOOR RD,1,1251d7c5
TLI7DZ,EMS,General weakness,19444,Whitemarsh,RIDGE PIKE & HARTS LN,1,505914ac
TLI7YH,EMS,Medical alert alarm,19044,Horsham,DRESHER RD & GIBRALTAR RD,1,109ec5cf
TLI840,EMS,Hemorrhaging,19465,Chester County,WORTH BLVD & TYSON ST,1,1cc97261
TLI85R,EMS,Seizures,19403,Lower Providence,SHANNONDELL DR & SHANNONDELL BLVD,1,d55c7052
TLI875,Fire,Fire alarm,19401,Norristown,CHERRY ST & W ELM ST,1,75c795aa
TLI87D,EMS,Nausea/vomiting,19044,Horsham,DRESHER RD & GIBRALTAR RD,1,da139634
TLI8PE,Traffic,Vehicle accident,19525,Douglass,SWAMP PIKE & GILBERTSVILLE RD,1,bebb5941
TLI8SG,EMS,Syncopal episode,19438,Lower Salford,JAN DR & MICHELE WAY,1,be8053cf
TLI902,EMS,Head injury,19473,Lower Frederick,GOSHEN RD & GRIMLEY RD,1,2beb2f49
TLI90H,EMS,Cardiac emergency,19446,Upper Gwynedd,SUMNEYTOWN PIKE & CHURCH RD,1,6fdf5d72
TLI9ET,EMS,Hemorrhaging,19462,Whitemarsh,BLACK WALNUT LN & SPRING MILL RD,1,cd244ba8
TLI9LP,EMS,Cardiac emergency,19403,Lower Providence,EAGLEVILLE RD & SUNDERLAND DR,1,d4f1395e
TLI9SU,EMS,Head injury,19422,Whitpain,TWIN SILO DR & MORRIS RD,1,4df593a3
TLI9UJ,Traffic,Vehicle accident,19096,Lower Merion,MONTGOMERY AVE & CHERRY LN,1,d0fa2202
TLI9UZ,Fire,Fire investigation,18964,Souderton,COUNTY LINE RD & E BROAD ST,1,389d397c
TLI9XN,EMS,Unknown medical emergency,19462,Plymouth,BELVOIR RD & VALLEY RD,1,1c8c0974
TLI9YG,Traffic,Hazardous road conditions,19010,Lower Merion,N ITHAN AVE & OLD GULPH RD,1,b3aa518c
TLI9ZA,EMS,Medical alert alarm,19428,Upper Merion,GULPH LN & SUPPLEE LN,1,61821904
TLIA1J,EMS,Fracture,19090,Upper Moreland,WELSH RD & COMPUTER AVE,1,e2138385
TLIA20,Fire,Carbon monoxide detector,19010,Delaware County,RAMBLEWOOD DR & NORTHWINDS DR,1,d5c7e853
TLIA5A,EMS,Cardiac emergency,19464,Lower Pottsgrove,HIGH ST & SUNNYSIDE AVE,1,d861372d
TLIAC1,EMS,Fall victim,19403,East Norriton,CAMPUS LN & DEAD END,1,591b91a2
TLIAD8,EMS,Unknown medical emergency,18974,Upper Moreland,COUNTY LINE RD & DAVISVILLE RD,1,3b2f06b9
TLIADO,Traffic,Vehicle accident,19038,Abington,MAPLE AVE & WOODROW AVE,1,2cfc737a
TLIADO-1,Traffic,Vehicle accident,19038,Abington,MAPLE AVE & SPEAR AVE,1,a7f85046
TLIAKQ,Fire,Fire alarm,19072,Lower Merion,ROSEMARY LN & TOWER LN,1,649cecb8
TLIAX7,EMS,Subject in pain,19464,Pottstown,WARREN ST & CHESTNUT ST,1,1207d947
TLIBET,EMS,Seizures,19422,Whitpain,SPYGLASS DR,1,02192cbe
TLIBKY,Traffic,Road obstruction,19041,Lower Merion,OLD LANCASTER RD & W MONTGOMERY AVE,1,15ab52c9
TLIBP5,Traffic,Vehicle accident,19428,Plymouth,BUTLER PIKE & CEDAR GROVE RD,1,1a528bfc
TLIBV3,Traffic,Disabled vehicle,19428,Plymouth,RIDGE PIKE & BUTLER PIKE,1,90085977
TLIBZ2,EMS,Head injury,19406,Upper Merion,GULPH RD & KIRK AVE,1,a7539d05
TLIC9M,Traffic,Vehicle accident,19095,Cheltenham,W CHURCH RD & GREENWOOD AVE,1,038ac533
TLICA5,EMS,Diabetic emergency,19012,Cheltenham,THOMAS RD & DAVIS RD,1,8b2d2cd0
TLICB1,Fire,Fire alarm,19401,Norristown,FREEDLEY ST & GREEN ST,1,6c3593f9
TLICFS,EMS,Altered mental status,19464,Lower Pottsgrove,BUCHERT RD & LAUREL WAY,1,e6aac7f4
TLICJ7,EMS,Altered mental status,19464,Lower Pottsgrove,EVERGREEN RD & W LIGHTCAP RD,1,9c5507f6
TLICN5,Traffic,Vehicle accident,19090,Abington,EASTON RD & DECATUR AVE,1,bbf26f9e
TLICVO,Traffic,Vehicle accident,19002,Horsham,HORSHAM RD & LIMEKILN PIKE,1,644890dd
TLICZ6,EMS,Medical alert alarm,19504,Berks County,NANNY GOAT HILL RD & CAPTAIN WOLFE RD,1,0042e088
TLID0P,Fire,Fire alarm,19473,Schwenksville,FOREST LN & CENTENNIAL ST,1,c3fc4354
TLID26,EMS,Syncopal episode,19444,Whitemarsh,RIDGE PIKE & BARREN HILL RD,1,4a78be42
TLID4V,EMS,Altered mental status,19046,Rockledge,BURKE ST & S PENN AVE,1,0b6f3462
TLID78,EMS,Hemorrhaging,19401,Norristown,TREMONT AVE & CAROLINE DR,1,5df50d7d
TLIDEI,Fire,Appliance fire,19446,Hatfield Township,WINDSOR CT & FERNDALE LN,1,23eae0e7
TLIDH8,Traffic,Vehicle accident,19428,West Conshohocken,ELIZABETH ST & APPLE ST,1,c1bee2ff
TLIDIG,EMS,Head injury,19406,Upper Merion,VILLAGE DR & N GULPH RD,1,c83cc228
TLIDML,EMS,Cardiac emergency,19040,Upper Moreland,DAVISVILLE RD & PENNYPACK RD,1,675dce73
TLIDQL,EMS,Fever,19003,Lower Merion,SPRING AVE & LEVERING ST,1,b5ea9378
TLIDZ3,Traffic,Road obstruction,19428,West Conshohocken,CRAWFORD AVE & FRONT ST,1,33b0aee3
TLIE3E,Traffic,Road obstruction,19403,East Norriton,W GERMANTOWN PIKE & SCENIC RD,1,36535b3c
TLIE5Y,EMS,Subject in pain,19446,Towamencin,BANCROFT RD & VALLEY FORGE RD,1,0555e9cd
TLIE81,EMS,Cardiac emergency,19046,Abington,FOX CHASE RD & KIRKWOOD AVE,1,20dc0b94
TLIE9B,Traffic,Vehicle accident,19428,West Conshohocken,MATSONFORD RD & CHURCH ST,1,8c201b80
TLIE9J,Traffic,Vehicle accident,19003,Lower Merion,BLUEROUTE  & EMERGENCY CROSS OVER,1,e1006b9b
TLIE9W,Fire,Vehicle accident,19003,Lower Merion,BLUEROUTE  & EMERGENCY CROSS OVER,1,de926ced
TLIED7,Traffic,Disabled vehicle,19444,Whitemarsh,RIDGE PIKE & CHURCH RD,1,bb466a4c
TLIEEK,Traffic,Road obstruction,19473,Lower Frederick,CEMETERY LN & MENG RD,1,53870784
TLIEIT,EMS,Seizures,19462,Plymouth,RIDGE PIKE & CHESTNUT ST,1,8775f4a7
TLIEQU,Fire,Fire alarm,19525,New Hanover,RAVEN CT & CHALET RD,1,4eb860d4
TLIF3A,EMS,Head injury,19426,Upper Providence,CRESSON BLVD & EGYPT RD,1,d8cfb833
TLIFKE,EMS,Subject in pain,19422,Whitpain,SILVER LAKE LN & HEREFORD DR,1,34fc016b
TLIFOG,EMS,Abdominal pains,19464,Pottstown,EAST ST & N CHARLOTTE ST,1,2fc476d4
TLIFTS,EMS,Respiratory emergency,19446,Lansdale,BROAD ST & WILLIAMS PL,1,c02cb855
TLIFUY,EMS,Head injury,19426,Worcester,HORSESHOE DR & VALLEY FORGE RD,1,a924857b
TLIFYV,Traffic,Vehicle accident,19464,Lower Pottsgrove,KEPLER RD & POTTER DR,1,aad87f97
TLIFYX,Fire,Vehicle accident,19464,Lower Pottsgrove,KEPLER RD & POTTER DR,1,c5fc354e
TLIFZ2,EMS,Vehicle accident,19464,Lower Pottsgrove,KEPLER RD & POTTER DR,1,35bba3c9
TLIG4R,Fire,Fire investigation,19454,Montgomery,LIVINGSTON CT & MONTGOMERY GLEN DR,1,c4ac3418
TLIG94,Traffic,Disabled vehicle,19464,New Hanover,BUCHERT RD & DONALD DR,1,e51f8c4a
TLIGHH,EMS,Unknown medical emergency,19454,Upper Gwynedd,SHANNON DR & WEXFORD DR,1,0672352b
TLIGLZ,EMS,CVA/stroke,19150,Cheltenham,CHELTENHAM AVE & 79TH AVE,1,4dbab930
TLIH3N,Traffic,Disabled vehicle,19403,Worcester,SKIPPACK PIKE & BETHEL RD,1,164587c2
TLIH9G,Traffic,Vehicle accident,19403,Lower Providence,RIDGE PIKE & EAGLE STREAM DR,1,e5bface1
TLIHEC,Traffic,Vehicle accident,19401,Norristown,BEECH ST & FOREST AVE,1,ab987663
TLIHPE,EMS,Unconscious subject,19401,Norristown,HARDING BLVD & COOLIDGE BLVD,1,9f40f346
TLIHSS,EMS,Fall victim,19046,Abington,THE FAIRWAY  & RYDAL RD,1,02261f15
TLIHWP,EMS,Cardiac emergency,19426,Lower Providence,HOY CIR & ARCOLA RD,1,029bc7d3
TLIINH,Traffic,Disabled vehicle,19044,Horsham,DRESHER RD & WITMER RD,1,5e2765c3
TLIIQJ,Traffic,Hazardous road conditions,19090,Upper Moreland,EASTON RD & WYANDOTTE RD,1,bd2cd41c
TLIIVT,EMS,Respiratory emergency,19446,Worcester,SKIPPACK PIKE & MEADOWOOD DR,1,7246bd14
TLIJ1V,Traffic,Vehicle accident,19422,East Norriton,TOWNSHIP LINE RD & BUTCHERS LN,1,13e79c30
TLIJ2I,EMS,Overdose,19464,Pottstown,WALNUT ST & N FRANKLIN ST,1,07298b06
TLIJ5Z,EMS,Respiratory emergency,19027,Abington,TOWNSHIP LINE RD & CHURCH RD,1,1a64a025
TLIJ87,EMS,CVA/stroke,19465,Chester County,URNER ST & S HANOVER ST,1,78bbf848
TLIJMN,Traffic,Vehicle accident,19401,East Norriton,HILLCREST AVE & W GERMANTOWN PIKE,1,b37b07c7
TLIJN3,EMS,Animal bite,19428,Conshohocken,W 4TH AVE,1,72113f09
TLIJVF,Traffic,Vehicle accident,19454,Upper Gwynedd,STATION DR & PULLMAN DR,1,8ae0bdd9
TLIKD7,EMS,Cardiac arrest,19403,Lower Providence,SHANNONDELL DR & SHANNONDELL BLVD,1,01b99a51
TLIKDA,Traffic,Vehicle accident,18964,Souderton,COUNTY LINE RD & E BROAD ST,1,56b73ee5
TLIKM6,Traffic,Hazardous road conditions,19428,West Conshohocken,FRONT ST & RIVER RD,1,cf583cb9
TLIKX5,Traffic,Vehicle accident,19403,West Norriton,W MAIN ST & JEFFERSON AVE,1,7b2144f2
TLIL4A,EMS,Respiratory emergency,19090,Upper Moreland,YORK RD & LAKEVUE DR,1,eef7cc39
TLILUA,EMS,Overdose,19405,Bridgeport,GROVE ST & E RAMBO ST,1,32e20dda
TLIM24,Traffic,Hazardous road conditions,19046,Rockledge,CHANDLER ST & FILLMORE ST,1,3b5fbf56
TLIMOS,EMS,Fall victim,19401,Norristown,GARY LN & HIGH ST,1,c74d8860
TLIMQK,EMS,Subject in pain,19403,Lower Providence,SHANNONDELL DR & SHANNONDELL BLVD,1,c2230d7a
TLIN9X,Traffic,Disabled vehicle,19440,Hatfield Township,BETHLEHEM PIKE & TREWIGTOWN RD,1,dc81a98f
TLINE1,EMS,Seizures,19440,Hatfield Township,CLEMENS RD & FORTY FOOT RD,1,9c9f7dff
TLINY5,Traffic,Vehicle accident,19428,Plymouth,RIDGE PIKE & MAIN AVE,1,69d6589a
TLIO43,Traffic,Vehicle accident,19038,Cheltenham,E GLENSIDE AVE & S EASTON RD,1,ceaa97b5
TLIO5W,Fire,Rescue,19075,Springfield,MONTGOMERY AVE,1,c53aa532
TLIO5W-1,Fire,Rescue,19038,Springfield,MONTGOMERY AVE & AUCHY RD,1,97ceabeb
TLIO64,EMS,Rescue,19075,Springfield,MONTGOMERY AVE,1,945b138a
TLIO64-1,EMS,Rescue,19038,Springfield,MONTGOMERY AVE & AUCHY RD,1,0ece5693
TLIO7O,EMS,Allergic reaction,19422,Whitpain,TOURNAMENT DR & SAWGRASS DR,1,e4d35b51
TLIOCX,Traffic,Hazardous road conditions,19046,Rockledge,CHANDLER ST & FILLMORE ST,1,c6159a34
TLIP1E,EMS,Cardiac emergency,19464,Pottstown,HIGH ST & S YORK ST,1,d5cc50a8
TLIP73,Fire,Fire alarm,19468,Upper Providence,FAIRFIELD CIR & PLYMOUTH DR,1,307217a3
TLIPO5,EMS,Medical alert alarm,19403,Lower Providence,SHANNONDELL DR & SHANNONDELL BLVD,1,89ca17d7
TLIPSH,Traffic,Disabled vehicle,19428,Conshohocken,10TH AVE & WOOD ST,1,fff158c5
TLIQ0E,EMS,Cardiac emergency,19027,Abington,TOWNSHIP LINE RD & CHURCH RD,1,4c96da3a
TLIQ6B,Fire,Building fire,19401,Norristown,PENN ST & CHERRY ST,1,55f0531a
TLIQ87,Traffic,Vehicle accident,19462,Plymouth,GERMANTOWN PIKE & VIRGINIA RD,1,3bc04bd3
TLIQG9,EMS,Head injury,19492,Upper Frederick,BIG RD & FREDERICK DR,1,9e010617
TLIQJ8,EMS,Respiratory emergency,19422,Whitpain,TWIN SILO DR & MORRIS RD,1,787b6290
TLIQME,EMS,Overdose,19426,Lower Providence,LEVEL RD & LANDIS MILL RD,1,0ef4b142
TLIQRX,EMS,Cardiac emergency,19002,Upper Dublin,WILLOW AVE & ROSE VALLEY WAY,1,efa375db
TLIQYU,EMS,General weakness,19006,Lower Moreland,HUNTINGDON PIKE & CALVIN RD,1,79b28363
TLIRE3,EMS,Medical alert alarm,19027,Cheltenham,FOREST AVE & SHOEMAKER RD,1,8f6f1bcf
TLIRHE,EMS,Medical alert alarm,19401,Norristown,CHERRY ST & W MARSHALL ST,1,e3207c7e
TLIRNF,EMS,Assault victim,19464,Pottstown,QUEEN ST,1,20b1e9cb
TLIRTG,EMS,Head injury,19401,Norristown,WALNUT ST & E MAIN ST,1,7e4d585a
TLISCR,Fire,Fire alarm,19040,Upper Moreland,YORK RD & MILL RD,1,e04babac
TLISSB,EMS,Subject in pain,19440,Hatfield Township,WALNUT ST & GARDEN RD,1,bb164329
TLISVT,EMS,Cardiac emergency,19401,Norristown,WALNUT ST & SANDY ST,1,ec9231f9
TLITXH,EMS,General weakness,19454,Montgomery,FERNWOOD CV & STREAM VIEW DR,1,8e738eb2
TLIU0R,EMS,Head injury,19406,Upper Merion,DEKALB PIKE & S HENDERSON RD,1,a0d122af
TLIU1W,Fire,Fire alarm,19405,Bridgeport,MILL ST & BIRCH ALY,1,54db0ce0
TLIU4P,EMS,Fever,19440,Hatfield Township,DERSTINE RD & KIMBERLY WAY,1,a0a2077f
TLIU9A,Fire,Fire alarm,19040,Upper Moreland,YORK RD & MILL RD,1,10d9c432
TLIU9Y,EMS,Nausea/vomiting,19044,Horsham,DRESHER RD & GIBRALTAR RD,1,767aff01
TLIUD3,EMS,Unresponsive subject,19473,Limerick,BRAGG RD & NEIFFER RD,1,44a72a90
TLIUE0,EMS,Fall victim,19403,Lower Providence,SHANNONDELL DR & SHANNONDELL BLVD,1,c710f9cf
TLIUGD,EMS,Altered mental status,19464,Pottstown,N FRANKLIN ST,1,d597a2d9
TLIW0L,EMS,Cardiac emergency,19090,Upper Moreland,FITZWATERTOWN RD & BARTRAM RD,1,f283eb27
TLIW1O,EMS,Subject in pain,19464,Lower Pottsgrove,HIGH ST & BROWN ST,1,f9ec0842
TLIWI4,Traffic,Vehicle accident,19426,Upper Providence,EGYPT RD & MILL RD,1,ff305e3b
TLIWZK,EMS,Subject in pain,19464,Pottstown,QUEEN ST & MONTGOMERY ST,1,3b8929d1
TLIX0G,EMS,Back pains/injury,19006,Lower Moreland,STEELE WAY & ROY LN,1,f2312dde
TLIX55,EMS,Unconscious subject,19006,Abington,OAK HILL DR & HIDDEN POND LN,1,5a8c0c1f
TLIX97,EMS,Unknown medical emergency,19401,Norristown,LAFAYETTE ST & SWEDE ST,1,9af67939
TLIXEN,EMS,Respiratory emergency,18076,Red Hill,6TH ST & WASHINGTON ST,1,e3483159
TLIXJY,EMS,Cardiac emergency,19401,East Norriton,DEKALB PIKE & COLONIAL DR,1,f1a45209
TLIY84,Fire,Fire alarm,19403,Lower Providence,MT KIRK AVE & RIDGE PIKE,1,69a17930
TLIY9A,EMS,Cardiac emergency,19446,Upper Gwynedd,VALLEY FORGE RD & BOYD AVE,1,6e33a7af
TLIYIL,Fire,Unknown type fire,19468,Royersford,CHURCH ST & N 3RD AVE,1,c4240e2f
TLIYMS,Traffic,Vehicle fire,19090,Horsham,EASTON RD & BLAIR MILL RD,1,752a121f
TLIYMV,Fire,Vehicle fire,19090,Horsham,EASTON RD & BLAIR MILL RD,1,b4ce2049
TLIZ9G,EMS,Fall victim,18964,Souderton,BROAD ST & PENN AVE,1,c0285771
TLIZCV,EMS,Head injury,19460,Upper Providence,BLACK ROCK RD & S COLLEGEVILLE RD,1,2354434f
TLIZYA,Fire,Fire alarm,19454,Montgomery,DEKALB PIKE & AVENEL BLVD,1,683ee3a8
TLJ036,EMS,Cardiac emergency,19027,Cheltenham,TOWNSHIP LINE RD & HOLME AVE,1,75d69deb
TLJ1M2,Traffic,Vehicle accident,19401,Norristown,HAWS AVE & W AIRY ST,1,3ddc4804
TLJ288,EMS,Hemorrhaging,19038,Springfield,PAPER MILL RD & SKYLINE DR,1,cf11559d
TLJ2IS,EMS,Medical alert alarm,19401,Norristown,HAWS AVE & W OAK ST,1,274ea0d8
TLJ4SP,EMS,EMS special service,19473,Skippack,BRIDGE RD & SERENDIPITY WAY,1,ac70d8bd
TLJ4TF,EMS,Respiratory emergency,19426,Upper Providence,MAIN ST & FIELDCREST DR,1,81cab619
TLJ5B7,EMS,CVA/stroke,19044,Horsham,INVERNESS DR & DEAD END,1,4fce2deb
TLJ653,EMS,Diabetic emergency,19464,Pottstown,HIGH ST & GREEN ST,1,aaa67f15
TLJ7BH,EMS,Abdominal pains,19087,Upper Merion,MT PLEASANT AVE & UPPER GULPH RD,1,486fb498
TLJ7M7,Fire,Fire alarm,19090,Abington,MORELAND RD & EASTON RD,1,448aae3f
TLJ7VE,EMS,Fall victim,19087,Chester County,OLD SCHUYLKILL RD & CONNECTING ROAD,1,043e219f
TLJ802,EMS,Unconscious subject,19401,Norristown,MARSHALL ST & GEORGE ST,1,148349f9
TLJ8NO,EMS,Fever,19072,Lower Merion,OAKWOOD DR & OAKWOOD TER,1,1c12f31e
TLJ9R4,EMS,Dizziness,19003,Lower Merion,ELM AVE & SHELDON LN,1,0736a4df
TLJB80,EMS,Fall victim,19406,Upper Merion,VALLEY FORGE CIR & OLD VALLEY FORGE RD,1,31ed9572
TLJB98,Fire,Fire alarm,19027,Cheltenham,ASHBOURNE RD & SPRING AVE,1,f5cde350
TLJBHM,EMS,Cardiac emergency,19465,Chester County,URNER ST & S HANOVER ST,1,37ce8c20
TLJCVJ,Fire,Fire investigation,19464,Pottstown,KING ST & VANBUSKIRK ALY,1,b9a54e6f
TLJDIH,Fire,Fire alarm,19025,Upper Dublin,DRESHER WOODS DR & N LIMEKILN PIKE,1,671ffcc2
TLJEC7,Fire,Fire alarm,19401,Norristown,WILLOW ST & SCOTT ALY,1,907afe66
TLJEJJ,EMS,Cardiac emergency,19096,Lower Merion,ROCKLAND AVE & E WYNNEWOOD RD,1,ecb45e8f
TLJENL,Fire,Fire alarm,19428,Conshohocken,FAYETTE ST & E 5TH AVE,1,1fe66c57
TLJF06,EMS,Fever,19003,Lower Merion,ST PAULS RD & E ATHENS AVE,1,1797a1bf
TLJF1T,Fire,Building fire,19010,Delaware County,LANCASTER AVE & AIRDALE RD,1,ad3fe31c
TLJFS5,EMS,Hemorrhaging,19401,Norristown,PINE ST & W ROBERTS ST,1,750b98f3
TLJHA1,EMS,Fall victim,19002,Upper Dublin,MANCHESTER DR & WESTMINSTER PL,1,fa1a0dba
TLJHYL,EMS,Overdose,19464,Pottstown,JEFFERSON AVE & N FRANKLIN ST,1,2a9588e3
TLJI9U,Fire,Fire alarm,19010,Lower Merion,ROSE LN & FISHERS RD,1,28040016
TLJIBW,EMS,Fall victim,19401,East Norriton,JEFFERSON CT & ELIZABETH DR,1,dbe851bb
TLJISE,EMS,Medical alert alarm,19438,Lower Salford,OAK DR & MAPLE AVE,1,ab3bdfc9
TLJJ7P,Traffic,Road obstruction,19041,Lower Merion,GLYNWYNNE RD & ORCHARD RD,1,243507a8
TLJJ9Y,Traffic,Vehicle accident,19464,Pottstown,HIGH ST & ARMAND HAMMER BLVD,1,5f25bff7
TLJKFO,EMS,Maternity,19464,Pottstown,CHESTNUT ST & PRINCE ST,1,50a74aa7
TLJKNL,Fire,Building fire,19444,Whitemarsh,CHRISTIE CIR & EMERSON DR,1,abd4b815
TLJKQY,EMS,Building fire,19444,Whitemarsh,CHRISTIE CIR & EMERSON DR,1,fae86ac1
TLJLV9,Traffic,Hazardous road conditions,19422,Whitpain,DEKALB PIKE & YOST RD,1,3f32629e
TLJLXR,EMS,Medical alert alarm,19403,Lower Providence,SHANNONDELL DR & SHANNONDELL BLVD,1,e782f01a
TLJMQC,EMS,CVA/stroke,19075,Springfield,PENNSYLVANIA AVE & APEL AVE,1,355822e9
TLJN09,EMS,Fall victim,19426,Upper Providence,COLLEGEVILLE RD & ARCOLA RD,1,cdf4fe88
TLJNA0,EMS,Respiratory emergency,19464,Pottstown,CHARLOTTE ST & NIGHTINGALE ST,1,c474147a
TLJND2,EMS,Abdominal pains,18964,Franconia,ALLENTOWN RD & BANBURY DR,1,c8b1aa60
TLJNVU,Traffic,Vehicle accident,19464,Pottstown,ROBINSON ST & TUCKER CT,1,7813341a
TLJOTY,EMS,General weakness,19464,Pottstown,KING ST & MANATAWNY ST,1,7d56869a
TLJOZP,EMS,Diabetic emergency,19406,Upper Merion,DEKALB PIKE & KING OF PRUSSIA RD,1,47347b91
TLJP85,Traffic,Vehicle accident,19444,Whitemarsh,JOSHUA RD & RIDGE PIKE,1,e2f7b763
TLJPDO,EMS,Dizziness,19426,Lower Providence,STOUGHTON RD & CROYDON CIR,1,24cef752
TLJPGP,Fire,Fire alarm,19401,East Norriton,SWEDE RD & W GERMANTOWN PIKE,1,e3b27f41
TLJPPI,EMS,Seizures,19046,Abington,THE FAIRWAY  & RYDAL RD,1,1f016571
TLJPUE,Traffic,Road obstruction,18073,Upper Hanover,KNIGHT RD & LAYFIELD RD,1,84771de4
TLJQJF,EMS,Medical alert alarm,19403,Lower Providence,LONG MEADOW RD & MARTHA LN,1,443b189b
TLJQM0,Traffic,Vehicle fire,19406,Upper Merion,SWEDELAND RD & FLINT HILL RD,1,e0052c16
TLJQM0-1,Traffic,Vehicle fire,19406,Upper Merion,SWEDELAND RD & RENAISSANCE BLVD,1,2b9d9e14
TLJQM5,Fire,Vehicle fire,19406,Upper Merion,SWEDELAND RD & FLINT HILL RD,1,d40babc2
TLJQM5-1,Fire,Vehicle fire,19406,Upper Merion,SWEDELAND RD & RENAISSANCE BLVD,1,abe0eee8
TLJQR3,Traffic,Vehicle accident,19446,Lansdale,E 7TH ST & N LINE ST,1,1066c014
TLJQU0,EMS,Respiratory emergency,19401,East Norriton,SWEDE RD & EVERGREEN AVE,1,51dba06c
TLJQYF,Fire,Woods/field fire,19440,Hatfield Township,PENN ST,1,f17116a1
TLJQYF-1,Fire,Woods/field fire,19440,Hatfield Township,PENN ST & BERGEY RD,1,81bd3c6d
TLJR0P,EMS,Cardiac emergency,19464,New Hanover,CHARLOTTE ST & GRANDVIEW AVE,1,fc0802cc
TLJRFK,EMS,Back pains/injury,19464,Pottstown,HIGH ST & S FRANKLIN ST,1,cd905c6a
TLJRI4,EMS,Cardiac emergency,19444,Whitemarsh,RIDGE PIKE & BARREN HILL RD,1,2687ecae
TLJRNK,Fire,Fire alarm,19428,Plymouth,KARRS LN & LITTLE AVE,1,0ab901ef
TLJS63,EMS,General weakness,19403,West Norriton,BRANDON RD & S SCHUYLKILL AVE,1,ae1de241
TLJS7J,EMS,Cardiac emergency,19464,Pottstown,SOUTH ST & DAUB ALY,1,c78ccb10
TLJT92,EMS,Unknown medical emergency,19038,Springfield,FRASER RD & ATWOOD RD,1,90a22824
TLJTA4,EMS,Cardiac emergency,19027,Cheltenham,SYCAMORE AVE & CHELTENHAM AVE,1,87bca567
TLJTAW,EMS,Fall victim,19002,Ambler,BETHLEHEM PIKE & TENNIS AVE,1,8e2bbab7
TLJTC1,Fire,Fire investigation,19428,Conshohocken,FAYETTE ST & E 5TH AVE,1,dc7464ab
TLJTEH,EMS,Medical alert alarm,19464,Lower Pottsgrove,BUCHERT RD & LAUREL WAY,1,13a1c2c7
TLJTN2,Traffic,Vehicle accident,19454,Montgomery,WELSH RD & PARK DR,1,2833cd09
TLJTN2-1,Traffic,Vehicle accident,19454,Lower Gwynedd,W WELSH RD & HUNT CLUB TRL,1,eeee2831
TLJTR9,EMS,Fall victim,19044,Horsham,CHURCHILL CIR & HUNT DR,1,ad32d2b5
TLJTUC,EMS,General weakness,19072,Lower Merion,OAKWOOD DR & OAKWOOD TER,1,57b95e86
TLJUCZ,Traffic,Vehicle accident,19454,Montgomery,WELSH RD & PARK DR,1,a7df318a
TLJUCZ-1,Traffic,Vehicle accident,19454,Lower Gwynedd,W WELSH RD & HUNT CLUB TRL,1,cb809910
TLJUGV,Fire,Gas-odor/leak,19426,Collegeville,3RD AVE & WALNUT ST,1,6e57e8e7
TLJV36,EMS,Abdominal pains,18915,Montgomery,BETHLEHEM PIKE & JUGHANDLE,1,90c895df
TLJV56,EMS,Seizures,19464,Pottstown,KING ST & N YORK ST,1,fe577b15
TLJVEN,EMS,Fall victim,19446,Towamencin,ALLENTOWN RD & WOODLAWN DR,1,384aed0a
TLJVIX,Fire,Gas-odor/leak,19473,Skippack,TOWNSHIP LINE RD & INTEGRITY AVE,1,50b6319e
TLJVS2,EMS,Head injury,19040,Upper Moreland,BYBERRY RD & VILLAGE CIR,1,2b843919
TLJVVR,Fire,Fire special service,19464,Pottstown,KING ST & N YORK ST,1,ac4ef593
TLJW82,EMS,Respiratory emergency,19464,Pottstown,GRANDVIEW RD & BEECH ST,1,2c5e4b1b
TLJWIA,EMS,Head injury,18969,Telford,CHURCH AVE & AUTUMN LEA CIR,1,4184ecce
TLJWLB,EMS,Fall victim,19440,Hatfield Township,LEON DR & BRIGHTON DR,1,fe9662b2
TLJWPD,EMS,Medical alert alarm,19040,Upper Moreland,HIGH AVE & STEWART RD,1,eff263f9
TLJWQL,EMS,Cardiac emergency,19438,Lower Salford,MAIN ST & OLD SUMNEYTOWN PIKE,1,c3921b2f
TLJWRQ,EMS,General weakness,18041,Lehigh County,ROSEWOOD DR & MAPLEWOOD DR,1,e7becdc5
TLJWSM,EMS,Cardiac emergency,19044,Horsham,HORSHAM RD & EASTON RD,1,31748912
TLJWX5,Traffic,Vehicle accident,19002,Lower Gwynedd,SUMNEYTOWN PIKE & EVANS RD,1,fbd829dd
TLJWX5-1,Traffic,Vehicle accident,19002,Lower Gwynedd,SUMNEYTOWN PIKE & STONEBRIDGE RD,1,caa8b0a4
TLJX9O,Fire,Fire alarm,19464,Pottstown,CHARLOTTE ST & NIGHTINGALE ST,1,b04beffc
TLJXH7,EMS,General weakness,19406,Upper Merion,SUELLEN DR & SWEETBRIAR RD,1,80b5bd44
TLJXHA,Traffic,Vehicle accident,19001,Abington,OLD YORK RD & JERICHO RD,1,51c9b74c
TLJXP0,EMS,Lacerations,19525,Douglass,GROSSER RD,1,8b4890ab
TLJXSF,Fire,Vehicle fire,19444,Whitemarsh,JOSHUA RD,1,f5b3c2bf
TLJXT7,Traffic,Vehicle fire,19462,Whitemarsh,JOSHUA RD & STENTON AVE,1,4612abae
TLJXTM,EMS,CVA/stroke,19403,East Norriton,BAKER DR & WHITEHALL RD,1,5bfc6508
TLJXZF,Traffic,Vehicle accident,19046,Jenkintown,YORK RD & VISTA RD,1,2ba7d4a6
TLJYKL,EMS,Assault victim,19401,Norristown,MAIN ST & SELMA ST,1,bdfb403b
TLJYZR,EMS,Syncopal episode,19096,Lower Merion,PARKVIEW DR & CEDAR GROVE RD,1,4fd65bb9
TLJZ2Y,Traffic,Vehicle accident,19464,West Pottsgrove,UPLAND SQUARE DR & SELL RD,1,99219863
TLJZ6T,EMS,Fall victim,19446,Upper Gwynedd,VALLEY FORGE RD & BOYD AVE,1,3a99f946
TLJZAU,Traffic,Vehicle accident,19406,Upper Merion,VALLEY FORGE PARK RD & COUNTY LINE RD,1,5b8efecf
TLJZB4,Traffic,Vehicle accident,19406,Upper Merion,VALLEY FORGE PARK RD & COUNTY LINE RD,1,aad2608b
TLJZIB,EMS,Fall victim,19438,Franconia,MAPLEWOOD DR & CRESCENT CIR,1,329da739
TLK010,EMS,General weakness,19006,Lower Moreland,WELSH RD & WALTON RD,1,203361b3
TLK030,Fire,Fire alarm,19473,Lower Frederick,ASPEN WAY & VILLAGE DR,1,24ea65d3
TLK04C,EMS,Allergic reaction,19090,Upper Moreland,COMMERCE AVE & MARYLAND RD,1,b448aa27
TLK075,EMS,Cardiac emergency,19454,Horsham,HORSHAM RD & GREEN TREE TAVERN RD,1,e2f6ae93
TLK07K,Traffic,Vehicle accident,19464,Lower Pottsgrove,PLEASANT VIEW RD & WELSH DR,1,349ca7ef
TLK088,EMS,Dizziness,19462,Plymouth,GERMANTOWN PIKE & PLYMOUTH RD,1,97339700
TLK0BM,Traffic,Disabled vehicle,19401,Norristown,ANN ST & CHERRY ST,1,d383ebb0
TLK0WG,EMS,Fall victim,19464,Upper Pottsgrove,MOCK RD & NEEDHAMMER RD,1,9f7b0fd9
TLK0XY,EMS,CVA/stroke,19012,Cheltenham,DEWEY RD & IVINETTA RD,1,343799e7
TLK15U,Traffic,Vehicle accident,19002,Upper Dublin,MANN RD & WELSH RD,1,e72bd1ea
TLK16W,Traffic,Vehicle accident,19002,Upper Dublin,MANN RD & WELSH RD,1,eb805064
TLK1AZ,Traffic,Vehicle accident,19406,Upper Merion,DEKALB PIKE & S HENDERSON RD,1,7de6f781
TLK1C1,EMS,Assault victim,19446,Lansdale,VALLEY FORGE RD & MILL ST,1,39f6eeca
TLK1F2,EMS,Nausea/vomiting,19150,Springfield,IVY HILL RD & BAYARD ST,1,f951f8f3
TLK1IM,Traffic,Road obstruction,19401,Norristown,MARKLEY ST & W MAIN ST,1,5eb7f978
TLK1JP,Traffic,Vehicle accident,19046,Abington,OLD YORK RD & BAEDER RD,1,52735af1
TLK22O,EMS,Cardiac emergency,19034,Upper Dublin,PENNSYLVANIA AVE & SUMMIT AVE,1,5fdb15df
TLK23S,EMS,Cardiac emergency,18964,Franconia,SUMMIT ST & COLONIAL AVE,1,3a7f9d5e
TLK2AM,EMS,CVA/stroke,19031,Whitemarsh,PARKSIDE RD & GROVE AVE,1,f1adcd04
TLK2BK,Traffic,Vehicle accident,19446,Lansdale,WALNUT ST & W 9TH ST,1,e6281041
TLK2G2,Traffic,Road obstruction,19464,Lower Pottsgrove,KEPLER RD & POTTER DR,1,e1d69b25
TLK2MD,Traffic,Vehicle accident,19454,Worcester,EXTENSION PENNSYLVANIA TPKE & DEKALB PIKE ACCESS GATE,1,5da88ade
TLK2N1,Fire,Fire alarm,19406,Upper Merion,RENAISSANCE BLVD & SWEDELAND RD,1,71560173
TLK2OE,EMS,Cardiac emergency,19044,Upper Moreland,BLAIR MILL RD & W MORELAND AVE,1,110bbdf9
TLK2QK,Traffic,Road obstruction,19468,Royersford,MAIN ST & N 5TH AVE,1,5ae6c475
TLK2WM,Traffic,Vehicle accident,19454,Worcester,EXTENSION PENNSYLVANIA TPKE & DEKALB PIKE ACCESS GATE,1,3d98ad36
TLK2ZA,EMS,Cardiac emergency,19040,Hatboro,JACKSONVILLE RD & TERRACE AVE,1,2461f4c7
TLK3EL,EMS,Fall victim,19046,Abington,LINDSAY LN & RANDOLPH RD,1,f9ced333
TLK3F6,Traffic,Vehicle accident,19041,Lower Merion,LANCASTER AVE & OLD LANCASTER RD,1,93592d3b
TLK3KG,Traffic,Vehicle accident,19027,Cheltenham,CHELTENHAM AVE & PENROSE AVE,1,3e1c127f
TLK3YV,Traffic,Hazardous road conditions,19090,Abington,MORELAND RD & ALLISON RD,1,a262938c
TLK410,Traffic,Hazardous road conditions,19072,Lower Merion,N WOODBINE AVE & CONSHOHOCKEN STATE RD,1,0d0c27e8
TLK41M,Traffic,Vehicle accident,19403,Lower Providence,EGYPT RD & S PARK AVE,1,29eda5b7
TLK4BM,EMS,Respiratory emergency,19128,Springfield,RIDGE PIKE & NORTHWESTERN AVE,1,19c4a151
TLK4IQ,EMS,General weakness,18076,Red Hill,WALNUT ST & W 6TH ST,1,7ae739b4
TLK4NN,EMS,General weakness,19464,Lower Pottsgrove,BUCHERT RD & LAUREL WAY,1,26bc3c6b
TLK52L,Fire,Carbon monoxide detector,19046,Rockledge,ROBBINS AVE & ABINGTON AVE,1,b54992f1
TLK59J,EMS,Fall victim,19044,Horsham,WHITE BIRCH LN & TIMBER RD,1,ba7c4187
TLK5G2,Fire,Fire alarm,19406,Upper Merion,PRINCE FREDERICK ST & MEADOWBROOK RD,1,e12a5f6a
TLK5HL,EMS,CVA/stroke,19438,Towamencin,JUNIPER CT & WOOD HOLLOW DR,1,2c91f776
TLK5J0,EMS,Carbon monoxide detector,19046,Rockledge,ROBBINS AVE & ABINGTON AVE,1,00b92a83
TLK5M5,Traffic,Vehicle accident,19428,West Conshohocken,FRONT ST & FAYETTE ST,1,23c62061
TLK5NZ,Traffic,Road obstruction,19090,Upper Moreland,EASTON RD & MILL RD,1,f8cd3fc3
TLK5SS,EMS,General weakness,19401,Norristown,MAIN ST & CHERRY ST,1,f73d2eb3
TLK5VP,EMS,Unconscious subject,19406,Upper Merion,DEKALB PIKE & S HENDERSON RD,1,2a5b385e
TLK5WT,EMS,Fall victim,19046,Abington,WASHINGTON LN & RED RAMBLER RD,1,3054df43
TLK5Y2,Traffic,Vehicle accident,19090,Upper Moreland,EASTON RD & KNOCK N KNOLL CIR,1,fc08aa1c
TLK5YZ,EMS,Head injury,19446,Lansdale,BROAD ST & WHITES RD,1,f60f8932
TLK63N,EMS,Hemorrhaging,19438,Towamencin,SPRING LN & GEHMAN RD,1,52581d8c
TLK65A,EMS,Syncopal episode,19446,Hatfield Township,BROAD ST & COWPATH RD,1,18cf5bf0
TLK689,Traffic,Vehicle fire,19044,Horsham,DRESHER RD & HORSHAM RD,1,9447f3ee
TLK68E,EMS,Fall victim,19464,Limerick,SANATOGA RD & EVERGREEN RD,1,3e153f64
TLK695,EMS,Vehicle accident,19401,Norristown,STERIGERE ST & HARDING BLVD,1,32fc3fe6
TLK6BN,Traffic,Vehicle accident,19401,Norristown,STERIGERE ST & HARDING BLVD,1,3c6abbdc
TLK6D3,EMS,Medical alert alarm,19464,Pottstown,QUEEN ST & S BAILEY ST,1,d2af45bc
TLK6GN,EMS,Cardiac emergency,19422,Whitpain,CANTERBURY LN & CANTERBURY CT,1,e486d499
TLK6JY,EMS,Allergic reaction,19426,Upper Providence,CRESSON BLVD & EGYPT RD,1,76b67374
TLK6KQ,EMS,Head injury,19004,Lower Merion,UPLAND TER & MAPLE AVE,1,de521e33
TLK6NO,EMS,Head injury,19438,Lower Salford,MAIN ST & OLD SUMNEYTOWN PIKE,1,94c466f5
TLK6UP,EMS,Syncopal episode,19446,Towamencin,OBERLIN TER & BANCROFT RD,1,3db782d0
TLK7BX,EMS,Fall victim,19401,Norristown,LOCUST ST & W BROWN ST,1,b2f34ea9
TLK7JA,EMS,Seizures,19046,Rockledge,PENN AVE & BURKE ST,1,fffa8eeb
TLK7MT,Traffic,Vehicle accident,19027,Cheltenham,CHELTENHAM AVE & KEENAN ST,1,93d4ec74
TLK7O4,Traffic,Vehicle accident,19027,Cheltenham,CHELTENHAM AVE & SCHOOL LN,1,afb0f2ce
TLK7O4-1,Traffic,Vehicle accident,19027,Cheltenham,CHELTENHAM AVE & KEENAN ST,1,eb457df1
TLK81P,Traffic,Vehicle accident,19438,Franconia,EXTENSION PENNSYLVANIA TPKE & SCHOOLHOUSE RD ACCESS GATE,1,e81a34ae
TLK8C7,Traffic,Vehicle accident,19046,Lower Moreland,VALLEY RD & WELSH RD,1,b3299375
TLK8H5,EMS,Subject in pain,19473,Skippack,BENNINGTON DR & ARBORDALE CIR,1,ea202ca7
TLK8I7,EMS,Syncopal episode,19040,Hatboro,YORK RD & W MONTGOMERY AVE,1,3751964e
TLK8LV,Traffic,Vehicle accident,19046,Abington,RYDAL RD & SUSQUEHANNA RD,1,0944d9d9
TLK8LV-1,Traffic,Vehicle accident,19046,Abington,VALLEY RD & SUSQUEHANNA RD,1,57f323bc
TLK8OP,Traffic,Vehicle accident,19040,Horsham,EASTON RD & W COUNTY LINE RD,1,13a28b82
TLK8Q8,Traffic,Disabled vehicle,19001,Abington,OLD YORK RD & LONDON RD,1,97d48999
TLK8U2,EMS,Back pains/injury,19401,Norristown,KOHN ST & HAWS ALY,1,3a4456fe
TLK9DT,Traffic,Vehicle accident,19025,Upper Dublin,TWINING RD & AYR LN,1,7bba05cd
TLK9HY,Traffic,Disabled vehicle,18074,New Hanover,LAYFIELD RD & LITTLE RD,1,5ea68d79
TLK9L3,Traffic,Vehicle accident,19428,Conshohocken,W 5TH AVE & COLWELL LN,1,e6e32761
TLK9S7,EMS,Overdose,18964,Franconia,ALLENTOWN RD & BRAGG RD,1,c4b95be0
TLK9YU,Traffic,Vehicle accident,19090,Upper Moreland,CENTER AVE & EASTON RD,1,c42b206a
TLKA0T,EMS,Respiratory emergency,19406,Upper Merion,GULPH RD & TURN LANE,1,bed5b026
TLKA2F,Traffic,Vehicle accident,18974,Upper Moreland,DAVISVILLE RD & E COUNTY LINE RD,1,0563e8af
TLKA42,EMS,Fall victim,19044,Upper Moreland,BLAIR MILL RD & W MORELAND AVE,1,081f8fe3
TLKA6L,EMS,Cardiac emergency,19464,Pottstown,HIGH ST & ARMAND HAMMER BLVD,1,797648a2
TLKAH2,EMS,Fall victim,19440,Hatfield Township,CAMBRIDGE CIR & WELLINGTON WAY,1,92e1cab1
TLKAN8,Traffic,Disabled vehicle,18936,Montgomery,BETHLEHEM PIKE & STUMP RD,1,7cb06622
TLKB08,Fire,Building fire,19004,Lower Merion,CITY AVE & N 47TH ST,1,4b739a53
TLKBEE,EMS,Seizures,19085,Lower Merion,COUNTY LINE RD & COUNTY LINE RD,1,dd3068a9
TLKBPB,EMS,Fever,19403,Lower Providence,EAGLEVILLE RD & SUNDERLAND DR,1,98f23580
TLKC23,EMS,Subject in pain,19446,Upper Gwynedd,SUMNEYTOWN PIKE & CHURCH RD,1,f78ba302
TLKC2F,Fire,Fire investigation,19003,Lower Merion,COULTER AVE & ST JAMES PL,1,299b6dd5
TLKC4X,EMS,Altered mental status,19038,Springfield,PAPER MILL RD & SKYLINE DR,1,e922d127
TLKC75,Fire,Fire alarm,19403,Lower Providence,MT KIRK AVE & RIDGE PIKE,1,ba7a2fd2
TLKCBR,EMS,Subject in pain,19401,Norristown,GREEN ST & E SPRUCE ST,1,79798ea6
TLKCXT,Traffic,Vehicle accident,19454,Montgomery,BETHLEHEM PIKE & VILSMEIER RD,1,ba3048be
TLKCYL,EMS,Syncopal episode,19004,Lower Merion,BELMONT AVE & COLWYN LN,1,bd0ee977
TLKD5R,EMS,Seizures,19426,Lower Providence,WATER FALL CIR & CREEK VIEW WAY,1,397eff25
TLKDOI,Traffic,Vehicle accident,19027,Cheltenham,CHELTENHAM AVE & SYCAMORE AVE,1,c83222ef
TLKDOR,EMS,Vehicle accident,19027,Cheltenham,CHELTENHAM AVE & SYCAMORE AVE,1,3745ae54
TLKDPZ,EMS,Cardiac emergency,19006,Lower Moreland,WILLIAMSBURG RD & SOMERSET RD,1,e698d68c
TLKDSV,Traffic,Vehicle accident,19406,Upper Merion,DEKALB PIKE & KINGS CIR,1,eb249970
TLKE1M,EMS,Shooting,19406,Upper Merion,GULPH RD & KIRK AVE,1,537fcb7b
TLKE4N,Fire,Fire special service,19406,Upper Merion,GULPH RD & KIRK AVE,1,8fda8e3c
TLKEAJ,EMS,Cardiac emergency,19525,New Hanover,HOLBROOK LN & CLARKDALE LN,1,1ae625f8
TLKEEC,EMS,Head injury,19046,Lower Moreland,LIEBERMAN DR & WELSH RD,1,758a26ba
TLKEIM,EMS,Fall victim,19046,Abington,WASHINGTON LN & VALLEY RD,1,6ea6d005
TLKEKK,EMS,Cardiac emergency,19446,Upper Gwynedd,MORRIS RD & PRIMROSE DR,1,99c2f87d
TLKEVT,Traffic,Vehicle accident,19473,Lower Frederick,GRAVEL PIKE & WOODLAND AVE,1,108f636f
TLKF0W,EMS,CVA/stroke,19464,Pottstown,WALNUT ST & N WASHINGTON ST,1,f23b5cfd
TLKF4G,Traffic,Disabled vehicle,19046,Abington,SUSQUEHANNA RD & VALLEY RD,1,c0bb840d
TLKFE3,EMS,Head injury,19426,Upper Providence,COLLEGEVILLE RD & ARCOLA RD,1,79ccd9e0
TLKFL1,EMS,Nausea/vomiting,19464,Lower Pottsgrove,CHARLOTTE ST & WHITE PINE LN,1,2a12103a
TLKFLS,Traffic,Road obstruction,18054,Upper Frederick,SNYDER RD & DEEP CREEK RD,1,b0f6c0fc
TLKFPE,Traffic,Road obstruction,18054,Upper Frederick,SNYDER RD & DEEP CREEK RD,1,13065899
TLKFQI,EMS,Respiratory emergency,19473,Lower Frederick,LAUREEN RD & GRIMLEY RD,1,b00a3f35
TLKFQJ,Traffic,Vehicle accident,19027,Cheltenham,CHELTENHAM AVE & KEENAN ST,1,9b3e6e53
TLKFQZ,EMS,EMS special service,19006,Lower Moreland,RED LION RD & MURRAY AVE,1,11a09556
TLKFSU,EMS,Respiratory emergency,19027,Abington,SEMINOLE AVE & FOX CHASE RD,1,f8855d5a
TLKFWO,Fire,Fire investigation,19446,Lansdale,MADISON ST & W 2ND ST,1,5115b046
TLKFYB,EMS,Cardiac emergency,19128,Springfield,RIDGE PIKE & NORTHWESTERN AVE,1,35b27613
TLKG4M,Traffic,Disabled vehicle,19004,Lower Merion,E CITY AVE & CONSHOHOCKEN STATE RD,1,5a5d85f2
TLKGQG,EMS,Fall victim,19150,Cheltenham,CHELTENHAM AVE & 79TH AVE,1,39a61457
TLKGRP,EMS,Cardiac emergency,18074,Pottstown,SHOEMAKER RD & CONNECTING ROAD,1,5413cb24
TLKH60,Traffic,Vehicle accident,19473,Upper Salford,SHELLY RD & OLD SKIPPACK RD,1,bfe5e740
TLKHB3,EMS,Allergic reaction,19090,Upper Moreland,PARK AVE & MORELAND RD,1,053c35f0
TLKHHL,EMS,Respiratory emergency,19473,Skippack,SERENDIPITY WAY & BRIDGE RD,1,7b46c336
TLKHRQ,EMS,Unconscious subject,19426,Trappe,MAIN ST & W 3RD AVE,1,db5f6a26
TLKHVL,Traffic,Road obstruction,18074,Lower Frederick,SALFORD STATION RD & CEPP RD,1,9cb78315
TLKI28,EMS,Subject in pain,19426,Trappe,DEWEES PL & HERITAGE PARK BLVD,1,6e598f06
TLKI6R,EMS,Fire special service,19460,Upper Providence,SUNSET AVE & EGYPT RD,1,07b4a531
TLKICW,Fire,Fire special service,19460,Upper Providence,SUNSET AVE & EGYPT RD,1,f5e3ef92
TLKIE8,Fire,Fire special service,19426,Trappe,DEWEES PL & HERITAGE PARK BLVD,1,a3d5a27e
TLKIMW,EMS,Overdose,19464,Pottstown,SHOEMAKER RD & ROBINSON ST,1,59af334e
TLKIVY,Traffic,Disabled vehicle,19464,Upper Pottsgrove,RT100 SB & UPLAND SQUARE DR,1,36b51de3
TLKIVY-1,Traffic,Disabled vehicle,19464,West Pottsgrove,UPLAND SQUARE DR & SELL RD,1,d7a1bf3a
TLKJB9,EMS,Nausea/vomiting,18076,Red Hill,7TH ST & BUTTERNUT CT,1,7b9eacfb
TLKJCJ,Traffic,Road obstruction,18964,Franconia,COWPATH RD & GODSHALL RD,1,b3775d5a
TLKJCJ-1,Traffic,Road obstruction,18964,Franconia,COWPATH RD & BECK RD,1,ec5a43ff
TLKJJ0,EMS,Fall victim,19446,Towamencin,HICKORY CT & BANCROFT RD,1,d51361b2
TLKJO5,Traffic,Disabled vehicle,19027,Cheltenham,CHELTENHAM AVE & WILLIAMS WAY,1,64ca19db
TLKKAA,EMS,Nausea/vomiting,19401,Norristown,FORNANCE ST & GREEN VALLEY RD,1,a63e506d
TLKKBK,EMS,Diabetic emergency,19426,Worcester,HEEBNER RD & VALLEY FORGE RD,1,6ef22eb6
TLKKHZ,Fire,Fire special service,19426,Worcester,HEEBNER RD & VALLEY FORGE RD,1,cbba50bf
TLKKKS,Traffic,Vehicle accident,19405,Bridgeport,HOLSTEIN ST & HURST ST,1,da381dca
TLKKVJ,Traffic,Vehicle accident,19406,Upper Merion,ROSS RD & SPRING LN,1,951856d5
TLKKXO,EMS,Vehicle accident,19405,Bridgeport,HOLSTEIN ST,1,db14e790
TLKKZY,EMS,Fall victim,19044,Horsham,WHITE BIRCH LN & TIMBER RD,1,192c8961
TLKL59,Fire,Trash/dumpster fire,19464,New Hanover,MOYER RD & JAYS LN,1,4db31c9a
TLKL9Z,EMS,Respiratory emergency,19040,Hatboro,MORELAND AVE & ABBOTTS LN,1,c7d99b23
TLKLN3,EMS,Seizures,19044,Horsham,NORRISTOWN RD & LOCUST LN,1,2a26b409
TLKM29,EMS,Abdominal pains,19468,Limerick,TOWNSHIP LINE RD & CAMBRIDGE DR,1,7c1bbc93
TLKMOM,Traffic,Disabled vehicle,19046,Abington,THE FAIRWAY  & RYDAL RD,1,64747d06
TLKMQX,EMS,Fever,19003,Lower Merion,ST PAULS RD & E ATHENS AVE,1,0f795ca4
TLKN7Q,EMS,Head injury,18076,Red Hill,AVONDALE DR & ASBURY DR,1,15fd8c33
TLKNKS,EMS,Head injury,19004,Lower Merion,ASHLAND AVE & JEFFERSON ST,1,306d80c9
TLKNPT,EMS,Head injury,19465,Chester County,SCHUYLKILL RD & KLINE AVE,1,9000b60c
TLKNQU,Traffic,Vehicle accident,19446,Towamencin,VALLEY FORGE RD & SUMNEYTOWN PIKE,1,e16e3312
TLKNSM,Fire,Unknown type fire,19426,Trappe,HOLLY DR,1,ddf1df68
TLKNSM-1,Fire,Unknown type fire,19426,Trappe,7TH AVE & LINDEN ST,1,4a104824
TLKO48,EMS,Assault victim,19006,Upper Moreland,HUNTINGDON RD & HIGH POINT W,1,bad60211
TLKO8U,EMS,Syncopal episode,19401,Norristown,WILLOW ST & SCOTT ALY,1,aac122a7
TLKOIG,Traffic,Road obstruction,19012,Cheltenham,RT309 EXPY & RAMP S EASTON RD TO RT309 NB,1,bf6b7e90
TLKOJ7,Traffic,Road obstruction,19012,Cheltenham,RT309 EXPY & RAMP S EASTON RD TO RT309 NB,1,dd5ebc76
TLKOJE,EMS,Overdose,19040,Hatboro,YORK RD & E MORELAND AVE,1,10523797
TLKPAN,Fire,Fire alarm,19041,Lower Merion,ROSE LN & W MONTGOMERY AVE,1,54fd6bbb
TLKPG2,Traffic,Vehicle accident,19403,West Norriton,W MAIN ST & N SCHUYLKILL AVE,1,0fca8e78
TLKQ0J,EMS,Cardiac arrest,19462,Plymouth,GERMANTOWN PIKE & HALLOWELL RD,1,a7e98c68
TLKQ1D,Traffic,Vehicle accident,19462,Plymouth,FAIRFIELD RD & LUCETTA ST,1,495d8f8f
TLKQ2A,Fire,Vehicle accident,19462,Plymouth,FAIRFIELD RD,1,63474da7
TLKQ5U,EMS,Subject in pain,19401,Norristown,SPRUCE ST & GREEN ST,1,96d13e9f
TLKQ6U,EMS,Vehicle accident,19462,Plymouth,FAIRFIELD RD,1,c529fdb0
TLKQIT,EMS,Fall victim,19426,Lower Providence,LATTICE LN & LEVEL RD,1,ace4decd
TLKQN0,Fire,Building fire,19046,Abington,UPSAL RD & BEVERLY RD,1,36d1fbff
TLKQNM,EMS,Building fire,19046,Abington,UPSAL RD & BEVERLY RD,1,2677890a
TLKQPF,EMS,Fracture,19512,Douglass,PHILADELPHIA AVE & MONTGOMERY AVE,1,110a5b8f
TLKQTJ,Fire,Fire alarm,19453,Upper Providence,BRIDGE ST & SOWERS AVE,1,6a70a550
TLKR3R,EMS,Hemorrhaging,19401,Norristown,FORNANCE ST & TREMONT AVE,1,d1fdabdd
TLKR9P,Traffic,Disabled vehicle,19440,Hatfield Township,RICHMOND RD & UNIONVILLE PIKE,1,9909857d
TLKRLA,EMS,Respiratory emergency,19096,Lower Merion,ROCKLAND AVE & E WYNNEWOOD RD,1,0b9544f5
TLKRPS,Fire,Fire investigation,19035,Lower Merion,NORSAM RD & CONSHOHOCKEN STATE RD,1,a1853dea
TLKRVB,Fire,Fire investigation,19426,Collegeville,LOCUST ST & 6TH AVE,1,f1a34e9d
TLKS34,EMS,Cardiac emergency,19446,Hatfield Township,BROAD ST & HIDDEN MEADOW DR,1,d9800a93
TLKSUQ,EMS,Overdose,19034,Whitemarsh,PENNSYLVANIA AVE & INDIANA AVE,1,09792d3f
TLKT6O,EMS,CVA/stroke,19426,Skippack,MEADOWRIDGE LN & BRIDGE RD,1,756dd8a2
TLKTDX,Fire,Building fire,19462,Plymouth,GERMANTOWN PIKE & LAUNFALL RD,1,68f78e7d
TLKTI2,Fire,Cardiac arrest,19428,Whitemarsh,14TH AVE & HALLOWELL ST,1,e8b2c086
TLKTI9,EMS,Cardiac arrest,19428,Whitemarsh,14TH AVE & HALLOWELL ST,1,4fed887f
TLKTI9-1,Traffic,Vehicle accident,19027,Cheltenham,PARK AVE & HIGH SCHOOL RD,1,b8cb70a6
TLKUBY,Fire,Fire police needed,19464,Pottstown,CHERRY ST & UNNAMED ALY,1,896ff323
TLKUFX,EMS,EMS special service,19464,Pottstown,CHERRY ST & UNNAMED ALY,1,a82a9a97
TLKUGA,EMS,Hemorrhaging,19454,Upper Gwynedd,KEARNEY DR & ARBOUR CT,1,1e49bc67
TLKUHL,Fire,Unknown type fire,19446,Lansdale,MAIN ST & RIDGE ST,1,19eb2120
TLKVCB,EMS,Nausea/vomiting,19403,West Norriton,MONTGOMERY AVE & W MAIN ST,1,9ff6d7e5
TLKVF4,Fire,Fire alarm,19468,Royersford,MAIN ST & N 3RD AVE,1,a056cbcd
TLKVGN,EMS,Subject in pain,19401,Norristown,MARSHALL ST & MARKLEY ST,1,2c1cfe6e
TLKVME,Traffic,Road obstruction,19046,Rockledge,ROBBINS AVE & MONTGOMERY AVE,1,f66966d4
TLKVND,EMS,Respiratory emergency,19040,Upper Moreland,DAVISVILLE RD & PENNYPACK RD,1,d1292857
TLKW9V,EMS,Subject in pain,19403,West Norriton,PATRIOTS LN & RIVERVIEW BLVD,1,be2bb29d
TLKWTY,Traffic,Vehicle accident,19034,Whitemarsh,BETHLEHEM PIKE & MATHERS LN,1,1afca35c
TLKX2I,Fire,Fire investigation,19096,Narberth,HANSEN CT & MONTGOMERY AVE,1,f7675c54
TLKXX4,EMS,Hemorrhaging,19401,East Norriton,SWEDE RD & WOODLYN AVE,1,5cac7149
TLKXXY,EMS,Respiratory emergency,19044,Horsham,JACK LADDER CIR & LOG POND DR,1,3706f20e
TLKY2E,EMS,Cardiac emergency,19403,Lower Providence,SHANNONDELL DR & SHANNONDELL BLVD,1,4b284cf7
TLKYH9,EMS,Medical alert alarm,19403,Lower Providence,SHANNONDELL DR & SHANNONDELL BLVD,1,97c5a4c2
TLKYWQ,EMS,Diabetic emergency,19087,Chester County,OLD SCHUYLKILL RD & CONNECTING ROAD,1,b4dc74a7
TLKZ1B,Traffic,Vehicle accident,19027,Cheltenham,CHELTENHAM AVE & ANDREWS AVE,1,288d243a
TLKZH8,EMS,Subject in pain,19040,Hatboro,MORELAND AVE & S YORK RD,1,620a4c3e
TLL0JS,EMS,Head injury,18969,Telford,CHURCH AVE & AUTUMN LEA CIR,1,d90748c8
TLL0LU,EMS,Unknown medical emergency,19075,Springfield,LORRAINE AVE & EHRENPFORT AVE,1,e4c26d2a
TLL0SU,EMS,Cardiac arrest,19454,North Wales,CHURCH ST & S 7TH ST,1,8fa4fbe9
TLL0WP,EMS,Subject in pain,19095,Cheltenham,EASTON RD & GREENWOOD AVE,1,4bcecc78
TLL14H,EMS,Subject in pain,19072,Lower Merion,SPRAGUE RD & FLAT ROCK RD,1,f3f82c08
TLL1SL,EMS,EMS special service,19473,Skippack,BRIDGE RD & SERENDIPITY WAY,1,fce86ec0
TLL267,Traffic,Vehicle accident,19401,Norristown,GEORGE ST & W MAIN ST,1,dcedbf41
TLL267-1,Traffic,Vehicle accident,19401,Norristown,GEORGE ST & W AIRY ST,1,179f564b
TLL2DC,Fire,Vehicle accident,19401,Norristown,GEORGE ST & W MAIN ST,1,285c4c98
TLL2DC-1,Fire,Vehicle accident,19401,Norristown,GEORGE ST & W AIRY ST,1,630de3a2
TLL2G1,EMS,Subject in pain,19401,Norristown,GEORGE ST & W MAIN ST,1,18f9d098
TLL2G1-1,EMS,Subject in pain,19401,Norristown,GEORGE ST & W AIRY ST,1,53ab67a2
TLL3CV,EMS,Cardiac emergency,19473,Perkiomen,SALEM RD & CONCORD RD,1,e6658550
TLL3HS,EMS,Cardiac emergency,19426,Lower Providence,LATTICE LN & LEVEL RD,1,fed1a42c
TLL3TQ,EMS,Fall victim,19403,Lower Providence,SHANNONDELL DR & SHANNONDELL BLVD,1,967076b1
TLL4L9,EMS,Unknown medical emergency,19401,Norristown,W ELM ST,1,949a66cb
TLL4OG,EMS,Altered mental status,19010,Lower Merion,COUNTRY CLUB RD & CONSHOHOCKEN STATE RD,1,28e42e37
TLL59P,EMS,Respiratory emergency,19090,Upper Moreland,YORK RD & LAKEVUE DR,1,e0a9e5d3
TLL5IZ,EMS,Unknown medical emergency,19464,Pottstown,GENAURDIS SUS ROS,1,e6674a7b
TLL5IZ-1,EMS,Unknown medical emergency,19001,Abington,SUSQUEHANNA RD & EASTON RD,1,ed59a329
TLL5ZS,EMS,Fall victim,19403,Lower Providence,SHANNONDELL DR & SHANNONDELL BLVD,1,7e2b4530
TLL6SN,EMS,Cardiac emergency,19525,Douglass,BARTMAN AVE & BROAD ST,1,f621c687
TLL7H2,EMS,Respiratory emergency,19446,Towamencin,ALLENTOWN RD & WOODLAWN DR,1,22a58f6d
TLL7MH,EMS,Unknown medical emergency,19046,Jenkintown,WEST AVE & CEDAR ST,1,d2668501
TLL7ZX,EMS,Altered mental status,19454,Upper Gwynedd,ARBOUR CT & MILL RD,1,21fcfe8c
TLL86H,EMS,CVA/stroke,19464,Pottstown,BEECH ST & N FRANKLIN ST,1,f0e76a92
TLL8TZ,EMS,Respiratory emergency,19087,Upper Merion,TANNERY DR & WINTHROP LN,1,50192677
TLL8V1,EMS,Unconscious subject,19002,Ambler,ROSEMARY AVE & POPLAR ST,1,dcab88d1
TLL8WE,EMS,Subject in pain,19002,Lower Gwynedd,KNIGHT RD & MT PLEASANT AVE,1,591fbb76
TLLA99,EMS,Altered mental status,19453,Upper Providence,JACOBS ST,1,9b766aaa
TLLA99-1,EMS,Altered mental status,19453,Upper Providence,SOWERS AVE & 2ND AVE,1,655be6e6
TLLAPP,EMS,Respiratory emergency,19464,Pottstown,CHERRY ST & DAUB ALY,1,8b527cb6
TLLBI3,Traffic,Disabled vehicle,19462,Plymouth,W GERMANTOWN PIKE & PLYMOUTH RD,1,f39db822
TLLBTH,EMS,Hemorrhaging,19095,Cheltenham,MELLON RD & LARZELERE LN,1,491a0a0a
TLLBZQ,EMS,Cardiac emergency,19095,Cheltenham,GLENSIDE AVE & NORTH AVE,1,05cd7bd2
TLLC15,EMS,Diabetic emergency,19406,Upper Merion,VANDENBURG RD & W BEIDLER RD,1,0be624b8
TLLC7J,EMS,Abdominal pains,19401,East Norriton,GERMANTOWN PIKE & HANNAH AVE,1,72241075
TLLCQJ,EMS,Respiratory emergency,19446,Lansdale,4TH ST & RIDGE ST,1,5c48f363
TLLCSN,EMS,Overdose,19044,Upper Moreland,BLAIR MILL RD & W MORELAND AVE,1,2f7caa43
TLLD0Z,Traffic,Road obstruction,19002,Upper Dublin,LEXINGTON DR & ARTHUR AVE,1,c2eef94d
TLLDZ1,Fire,Vehicle accident,19406,Upper Merion,HENDERSON RD & SHOEMAKER RD,1,ae0c106e
TLLE06,Traffic,Vehicle accident,19406,Upper Merion,HENDERSON RD & SHOEMAKER RD,1,a82054d3
TLLEAF,EMS,Hemorrhaging,19464,Lower Pottsgrove,EVERGREEN RD & W LIGHTCAP RD,1,1935ddf5
TLLEQ8,Traffic,Vehicle accident,19444,Whitemarsh,JOSHUA RD & SUGAR MAPLE LN,1,621450ec
TLLEQF,EMS,Head injury,19454,Horsham,HORSHAM RD & GREEN TREE TAVERN RD,1,09f4528d
TLLHNJ,EMS,Overdose,19401,Norristown,MAIN ST & WATER ST,1,2aa72c6f
TLLHOA,EMS,Subject in pain,19004,Lower Merion,NEWFIELD WAY & CONSHOHOCKEN STATE RD,1,63c047cb
TLLI7U,Fire,Fire alarm,19046,Abington,CARMET RD & BEVERLY RD,1,c8001a1a
TLLIJ2,EMS,Medical alert alarm,19403,Lower Providence,SHANNONDELL DR & SHANNONDELL BLVD,1,05950d66
TLLIR9,EMS,Fall victim,19401,Norristown,SCHUYLKILL RIVER TRL & FORD ST,1,17665bdb
TLLJCZ,EMS,General weakness,19446,Lansdale,MAIN ST & HIGHLAND RD,1,f76cfd61
TLLJH4,EMS,Subject in pain,19001,Abington,ROCKWELL RD & MAPLEWOOD AVE,1,474d74f9
TLLJKY,EMS,Unconscious subject,19096,Lower Merion,LANCASTER AVE & LANKENAU DR,1,e8f1d1b5
TLLJOJ,Fire,Fire alarm,19006,Lower Moreland,TOMLINSON RD & PHILMONT AVE,1,276be5e1
TLLJSN,EMS,Fall victim,19040,Hatboro,MORELAND AVE & MANOR RD,1,36e345f0
TLLK0K,Fire,Fire alarm,19038,Abington,KESWICK AVE & ABINGTON AVE,1,e974aa22
TLLKFZ,EMS,Fracture,19422,Whitpain,DEKALB PIKE & SKIPPACK PIKE,1,bc5f1423
TLLKN4,EMS,Fall victim,19090,Upper Moreland,WELSH RD & CARLSON DR,1,29402bf9
TLLKYQ,EMS,Head injury,19002,Lower Gwynedd,NORRISTOWN RD & RADCLIFF LN,1,1f604d4b
TLLKZW,EMS,Cardiac emergency,19044,Horsham,LEARY DR & SUMMER AVE,1,7961bc54
TLLL0M,EMS,Medical alert alarm,19403,Lower Providence,SHANNONDELL DR & SHANNONDELL BLVD,1,62c58f24
TLLL8L,Traffic,Disabled vehicle,19035,Lower Merion,MILL CREEK RD & RIGHTERS MILL RD,1,f7cccc64
TLLLLY,EMS,Subject in pain,19438,Lower Salford,CLOVER HILL LN & DEAD END,1,a4dc951e
TLLLX0,EMS,General weakness,19401,Norristown,CHESTNUT ST & HIGH ALY,1,39a5121a
TLLLYX,EMS,Subject in pain,19464,Lower Pottsgrove,EVERGREEN RD & W LIGHTCAP RD,1,87b59c5d
TLLM59,EMS,Respiratory emergency,19446,Towamencin,DOCK DR & DETWILER RD,1,74208e62
TLLMNP,EMS,Subject in pain,19401,Norristown,WASHINGTON ST & ROBERTS ALY,1,0523ef40
TLLMTP,EMS,Subject in pain,19426,Skippack,CRESTVIEW BLVD & SWEETBRIAR DR,1,0a3e3b3e
TLLMXK,EMS,Subject in pain,18974,Bucks County,VALLEY RD & W STREET RD,1,e4283221
TLLMYR,EMS,Head injury,19422,Whitpain,SPRINGHOUSE LN & FARM DR,1,a0bb4390
TLLN2B,EMS,Subject in pain,19468,Upper Providence,MAIN ST & GREENWOOD AVE,1,042f4682
TLLNCH,Traffic,Disabled vehicle,19438,Towamencin,EXTENSION PENNSYLVANIA TPKE & MORRIS RD,1,c656bee2
TLLO8C,EMS,Medical alert alarm,19403,Lower Providence,SHANNONDELL DR & SHANNONDELL BLVD,1,03e60c23
TLLOD6,EMS,General weakness,19041,Lower Merion,WALDRON PARK DR & MULBERRY LN,1,36ad66a9
TLLOFZ,EMS,General weakness,18074,New Hanover,BROOMSTICK RD & WARD RD,1,d4882e70
TLLOH7,Fire,Gas-odor/leak,19406,Upper Merion,STURBRIDGE CT & CHARLESTOWN DR,1,1d6bbc39
TLLOPX,Traffic,Road obstruction,19072,Lower Merion,MYRTLE LN & JUNE LN,1,691a1458
TLLOTF,Traffic,Hazardous road conditions,19462,Whitemarsh,BUTLER PIKE & CAMPUS DR,1,ad4da466
TLLP28,EMS,Head injury,19422,Lower Gwynedd,PLYMOUTH RD & GRASSHOPPER LN,1,109e1016
TLLP32,EMS,Assault victim,19034,Upper Dublin,CAMP HILL RD & OFFICE CENTER DR,1,bef01c9b
TLLP59,EMS,CVA/stroke,19473,Skippack,SCENIC VIEW DR & CREEKWOOD DR,1,03931972
TLLPMZ,EMS,Medical alert alarm,19003,Lower Merion,ARDMORE AVE & W ATHENS AVE,1,fa3107bc
TLLPOA,Traffic,Disabled vehicle,19403,Montgomery,BRENTWOOD CT & FOX MEADOW DR,1,f36b548e
TLLPWW,Fire,Building fire,19096,Lower Merion,REMINGTON RD & TOMKENN RD,1,1a558b2c
TLLPWW-1,Fire,Building fire,19096,Lower Merion,MORRIS RD & OAKWYNNE DR,1,bb5a9ec3
TLLQB9,Traffic,Vehicle accident,19003,Lower Merion,CHURCH RD & E LANCASTER AVE,1,e1b23970
TLLQUL,Traffic,Disabled vehicle,19465,Chester County,LAURELWOOD RD & W HOFFECKER RD,1,c79e0e6e
TLLR0Y,EMS,Altered mental status,19006,Abington,MEADOWBROOK DR & HUNTINGDON PIKE,1,a4897362
TLLR3T,EMS,Head injury,19446,Towamencin,DOCK DR & DETWILER RD,1,2fbfc16b
TLLR8K,Traffic,Vehicle accident,19401,Norristown,SWEDE ST & E MARSHALL ST,1,8eae3735
TLLRC3,EMS,Respiratory emergency,19454,Montgomery,KENNEDY RD & ROOSEVELT WAY,1,246ef98d
TLLRG1,EMS,Dizziness,18073,Pennsburg,MAIN ST & W 8TH ST,1,7f831c1a
TLLRYK,EMS,Abdominal pains,18074,Upper Frederick,FAGLEYSVILLE RD & KEYSER RD,1,ae62bd5b
TLLS0Q,EMS,Respiratory emergency,19464,Lower Pottsgrove,HIGH ST & BROWN ST,1,75547316
TLLSCK,EMS,Cardiac emergency,19454,Horsham,HORSHAM RD & GREEN TREE TAVERN RD,1,b9c735c7
TLLSIF,EMS,Respiratory emergency,19406,Upper Merion,MAIN ST & BRYCE LN,1,deb394fd
TLLSL9,Traffic,Vehicle accident,19406,Upper Merion,ALLENDALE RD & WILLS BLVD,1,f0699e30
TLLSLV,Traffic,Road obstruction,19454,Montgomery,KNAPP RD & DEKALB PIKE,1,7dd89aa1
TLLSVI,EMS,Fall victim,18073,Upper Hanover,WONZIEGLER RD & FINLAND RD,1,e2eca403
TLLSYZ,EMS,Medical alert alarm,19001,Abington,WUNDERLAND RD & TURNER AVE,1,162aaed3
TLLT3U,EMS,Medical alert alarm,19454,Montgomery,STEEPLECHASE DR & THOROUGHBRED CT,1,50b27a29
TLLT4R,Traffic,Vehicle accident,19006,Lower Moreland,HUNTINGDON PIKE & BUCK RD,1,de02d256
TLLTG6,EMS,Dehydration,19428,Plymouth,SCHUYLKILL RIVER TRL & CROSS COUNTY TRL,1,d7aed3ae
TLLTKW,Traffic,Vehicle accident,18073,Pennsburg,POTTSTOWN AVE & WASHINGTON ST,1,2aa12065
TLLTOD,EMS,Seizures,19044,Horsham,WASHINGTON AVE & PERSHING AVE,1,ee31951b
TLLU23,EMS,Fall victim,19525,Douglass,HAMPTON CIR & ASH ST,1,3dd945dd
TLLU3C,EMS,Head injury,19464,Lower Pottsgrove,EVERGREEN RD & W LIGHTCAP RD,1,5d47fdd9
TLLUDA,EMS,Fall victim,19492,Upper Frederick,OAKTREE CT & MAPLEWOOD CT,1,dc04dcd2
TLLULO,EMS,Fracture,19046,Jenkintown,YORK RD & HARPER AVE,1,cba62520
TLLUQI,EMS,Fall victim,19040,Upper Moreland,KAREN LN & BYBERRY RD,1,97c6a51a
TLLV2E,Traffic,Disabled vehicle,19096,Lower Merion,LANCASTER AVE & CLOVER HILL RD,1,2dd8869c
TLLV8W,EMS,Hemorrhaging,19440,Hatfield Township,RICHMOND RD & UNIONVILLE PIKE,1,070d8ad7
TLLVE9,EMS,Cardiac emergency,19401,Norristown,STANBRIDGE ST & BEECH ST,1,3d1dd03f
TLLVHL,EMS,Altered mental status,19464,Lower Pottsgrove,EVERGREEN RD & W LIGHTCAP RD,1,21490cc1
TLLVK0,EMS,Head injury,18074,Pottstown,SHOEMAKER RD & CONNECTING ROAD,1,471473d1
TLLVY1,Fire,Fire investigation,19401,Norristown,SELMA ST & W OAK ST,1,bed917b8
TLLVYJ,Traffic,Disabled vehicle,19454,Montgomery,STUMP RD & HORSHAM RD,1,92bc6bb4
TLLVZ6,EMS,Subject in pain,19044,Horsham,BARK HOLLOW LN & WHETSTONE RD,1,23d055e2
TLLW07,EMS,Respiratory emergency,19002,Ambler,BETHLEHEM PIKE & TENNIS AVE,1,48a750b4
TLLW19,Traffic,Vehicle accident,19446,Lansdale,W 7TH ST & WALNUT ST,1,55aadd51
TLLW2Q,Fire,Carbon monoxide detector,19446,Montgomery,ASHLEY CIR & MONTGOMERY GLEN DR,1,1ff3ff81
TLLWDH,EMS,Head injury,19001,Abington,HORACE AVE & CUMBERLAND RD,1,7aa9c456
TLLWF1,EMS,Cardiac arrest,19046,Rockledge,PENN AVE & BURKE ST,1,008f6cac
TLLWIQ,EMS,Head injury,19002,Ambler,BETHLEHEM PIKE & TENNIS AVE,1,df892ff7
TLLWSO,EMS,Cardiac emergency,19044,Horsham,ALISON RD & BLAIR MILL RD,1,fda6da2c
TLLX21,EMS,Respiratory emergency,19031,Springfield,WISSAHICKON AVE & ROSE LN,1,e56c2d1f
TLLX2L,Traffic,Disabled vehicle,19438,Towamencin,SUMNEYTOWN PIKE & OLD FORTY FOOT RD,1,ef04f85a
TLLXE9,EMS,Altered mental status,18073,Pennsburg,MAIN ST & W 3RD ST,1,1e15e6e5
TLLXFZ,Traffic,Vehicle accident,19460,Upper Providence,MILL RD & CRESSON BLVD,1,116bbd5f
TLLXVT,Fire,Vehicle accident,19426,Worcester,STUMP HALL RD,1,4f9ba5fc
TLLXWC,EMS,Vehicle accident,19426,Worcester,STUMP HALL RD,1,b7292504
TLLY1J,Traffic,Vehicle accident,19525,New Hanover,HEATHER LN & ROSENBERRY RD,1,a602886e
TLLY2G,EMS,Subject in pain,19090,Upper Moreland,EASTON RD & LAWNTON RD,1,ff809d38
TLLY7A,Traffic,Vehicle accident,19444,Whitemarsh,RIDGE PIKE & JOSHUA RD,1,4fcc31fc
TLLYBV,Traffic,Vehicle accident,19046,Abington,OLD YORK RD & HARTE RD,1,f9c99d94
TLLYKX,EMS,Unknown medical emergency,19038,Springfield,STENTON AVE & E EVERGREEN AVE,1,9ebf5192
TLLYMP,Fire,Fire alarm,19464,Upper Pottsgrove,STONE HILL DR & MASTER ST,1,462809c8
TLLYQN,EMS,Unconscious subject,19150,Cheltenham,CHELTENHAM AVE & 79TH AVE,1,f9b59541
TLLZ8H,EMS,Syncopal episode,19426,Perkiomen,WARTMAN RD & GREENWOOD AVE,1,b8c2bf91
TLLZ9V,Fire,Carbon monoxide detector,19038,Springfield,NEW ST & CAMPBELL LN,1,6a1b55b3
TLLZDJ,Fire,Fire alarm,19095,Cheltenham,GRIBBEL RD & ROYAL AVE,1,f894d96d
TLLZG5,Traffic,Vehicle accident,18964,Souderton,COLONIAL AVE & W RELIANCE RD,1,0878f570
TLLZG5-1,Traffic,Vehicle accident,18964,Franconia,COLONIAL AVE & W RELIANCE RD,1,b7c7b76a
TLLZHC,EMS,Fall victim,19405,Bridgeport,6TH ST & MILL ST,1,3b86a563
TLLZUE,EMS,Head injury,19046,Abington,THE FAIRWAY  & RYDAL RD,1,8d77b2da
TLM016,Traffic,Vehicle accident,19446,Towamencin,SUMNEYTOWN PIKE & KRIEBEL RD,1,14c6d592
TLM01K,EMS,Subject in pain,19446,Montgomery,ASHLEY CIR & MONTGOMERY GLEN DR,1,c3ce106d
TLM02B,EMS,Unknown medical emergency,19464,Pottstown,HANOVER ST & E 4TH ST,1,623c8088
TLM02B-1,EMS,Unknown medical emergency,19464,Pottstown,HANOVER ST & UNNAMED ALY,1,9a0a9aa4
TLM0A5,Traffic,Vehicle accident,19440,Hatfield Township,CLEMENS RD & DERSTINE RD,1,25d9d74e
TLM0AH,EMS,Vehicle accident,19440,Hatfield Township,CLEMENS RD,1,b62507d1
TLM0D9,Traffic,Vehicle accident,19010,Lower Merion,LANCASTER AVE & TOWN PL,1,9c635eb4
TLM0L7,EMS,General weakness,19096,Lower Merion,LANCASTER AVE & LANKENAU DR,1,4e013ad7
TLM0RQ,Traffic,Vehicle accident,19428,Plymouth,RIDGE PIKE & BUTLER PIKE,1,d2cb2047
TLM0VF,Traffic,Vehicle accident,19446,Montgomery,COUNTY LINE RD & UPPER STATE RD,1,bdf86dd6
TLM0VF-1,Traffic,Vehicle accident,19454,Montgomery,UPPER STATE RD & HORSESHOE LN,1,670bdd7d
TLM0ZD,Fire,Fire alarm,19035,Lower Merion,MAPLECREST CIR & CONSHOHOCKEN STATE RD,1,9d09c051
TLM10K,EMS,Subject in pain,19038,Abington,OAKDALE AVE & STANLEY AVE,1,4ad0a5e4
TLM173,Fire,Fire alarm,19002,Upper Dublin,BETHLEHEM PIKE & HIGHLAND AVE,1,e10af618
TLM19Z,Fire,Fire alarm,19462,Plymouth,PLYMOUTH RD & MONTEREY DR,1,d237c696
TLM1DD,EMS,Vehicle accident,19072,Lower Merion,HAVERFORD AVE,1,250f4ad3
TLM1DT,Traffic,Vehicle accident,19096,Lower Merion,HAVERFORD AVE & CITY AVE,1,14f7b25b
TLM1GL,Fire,Woods/field fire,19468,Upper Providence,RIDGE PIKE & KLINE RD,1,b215be07
TLM1I3,Fire,Fire alarm,19406,Upper Merion,CHURCH ST & CROOKED LN,1,c1f1623a
TLM1NA,EMS,Cardiac emergency,19401,Norristown,WILLOW ST & E FREEDLEY ST,1,c6a8d171
TLM239,EMS,Heat exhaustion,19405,Bridgeport,3RD ST & MILL ST,1,373adac2
TLM2A4,Traffic,Vehicle accident,19406,Upper Merion,HENDERSON RD & SHOEMAKER RD,1,cd6beb10
TLM2S8,EMS,Dehydration,19044,Horsham,CHURCHILL CIR & HUNT DR,1,f86583ec
TLM391,EMS,Abdominal pains,19401,East Norriton,GERMANTOWN PIKE & HANNAH AVE,1,5f81d2d6
TLM3HE,Traffic,Disabled vehicle,19462,Plymouth,BELVOIR RD & JOHNSON RD,1,3e2f9be4
TLM3M7,EMS,Cardiac emergency,19468,Limerick,SACCO RD & MAIN ST,1,ac8d2f54
TLM3OI,EMS,General weakness,19464,Pottstown,REYNOLDS AVE & JOHNSON ST,1,16fb6120
TLM3TE,Traffic,Disabled vehicle,19031,Springfield,WEISS AVE & BETHLEHEM PIKE,1,7ae31146
TLM47M,Fire,Fire special service,19464,Pottstown,REYNOLDS AVE & JOHNSON ST,1,e559b3cd
TLM4HZ,Traffic,Vehicle accident,18936,Montgomery,BETHLEHEM PIKE & KNAPP RD,1,22111b46
TLM4Y6,Fire,Fire alarm,18964,Franconia,LOWER RD & FORMAN RD,1,53c069df
TLM5C8,EMS,Respiratory emergency,19075,Springfield,PENNSYLVANIA AVE & APEL AVE,1,d9edbb44
TLM5DG,Fire,Transferred call,19003,Lower Merion,COULTER AVE & ST GEORGES RD,1,7da0fd81
TLM5E0,EMS,Fall victim,19403,Lower Providence,EGYPT RD & WEDGEWOOD WAY,1,f9634566
TLM5R0,EMS,Unresponsive subject,19426,Upper Providence,BONNY LN & MENNONITE RD,1,fb1bb0b2
TLM5Y4,EMS,Fall victim,19446,Lansdale,SUSQUEHANNA AVE & DELAWARE AVE,1,f7f99c23
TLM6WH,Traffic,Vehicle accident,19090,Upper Moreland,EASTON RD & FITZWATERTOWN RD,1,fec2593e
TLM6ZK,EMS,Unconscious subject,19095,Cheltenham,WASHINGTON LN & W CHURCH RD,1,283abbc6
TLM74F,Traffic,Vehicle accident,19401,Norristown,MARKLEY ST & W FREEDLEY ST,1,397698d3
TLM76N,Traffic,Vehicle accident,19096,Lower Merion,WYNNEWOOD RD & LANCASTER AVE,1,41abd911
TLM7BH,EMS,Fall victim,19525,Douglass,HAMPTON CIR & ASH ST,1,b4fca558
TLM7N2,Fire,Building fire,19446,Montgomery,KNOLLWOOD DR & MEADOWOOD DR,1,584ff4c4
TLM7XO,EMS,Assault victim,19403,West Norriton,BEECH DR & SPRUCE ST,1,f1977de5
TLM80W,EMS,Respiratory emergency,19002,Lower Gwynedd,CEDAR HILL RD & RED STONE LN,1,65de3f93
TLM85X,Fire,Gas-odor/leak,19027,Cheltenham,MEETINGHOUSE RD & TOWNSHIP LINE RD,1,c5b38fdd
TLM874,EMS,Unconscious subject,19095,Cheltenham,WASHINGTON LN & W CHURCH RD,1,a522f94d
TLM8AD,EMS,Syncopal episode,18073,Pennsburg,MAIN ST & W 8TH ST,1,9f793770
TLM8FF,Fire,Fire investigation,19095,Abington,WASHINGTON LN & TOWNSHIP LINE RD,1,91de0ee7
TLM8H2,Traffic,Vehicle accident,19002,Montgomery,BETHLEHEM PIKE & GWYNEDD CROSSING DR,1,380cb703
TLM8SB,EMS,Head injury,19403,Lower Providence,SHANNONDELL DR & SHANNONDELL BLVD,1,6ff627e0
TLM8YV,Traffic,Vehicle accident,19405,Upper Merion,COATES ST & MARY ST,1,8f3b3a64
TLM922,EMS,Medical alert alarm,19465,Chester County,CHESTERSHIRE PL & HUNTERS RUN RD,1,16d03c5f
TLM94G,Traffic,Disabled vehicle,19002,Lower Gwynedd,TINTERN DR & N BETHLEHEM PIKE,1,829c0611
TLM94G-1,Traffic,Disabled vehicle,19002,Lower Gwynedd,BETHLEHEM PIKE & SUMNEYTOWN PIKE,1,fb7a8473
TLM94Y,Traffic,Road obstruction,19403,Lower Providence,EAGLEVILLE RD & PINETOWN RD,1,fd943b28
TLM9CA,EMS,Subject in pain,19401,East Norriton,STANBRIDGE ST & DOGWOOD LN,1,597f643f
TLM9S9,Fire,Vehicle accident,19426,Worcester,STUMP HALL RD,1,db54df39
TLM9SE,EMS,Vehicle accident,19426,Worcester,STUMP HALL RD,1,bbb13e09
TLM9T5,Traffic,Disabled vehicle,19001,Abington,OLD YORK RD & ADAMS AVE,1,300e2a8e
TLM9W0,Traffic,Vehicle accident,19403,Worcester,STUMP HALL RD & VALLEY FORGE RD,1,3d352125
TLM9W0-1,Traffic,Vehicle accident,19426,Worcester,STUMP HALL RD & KRIEBEL MILL RD,1,fcc285f6
TLM9WI,EMS,Respiratory emergency,19403,Lower Providence,BARRY AVE & RIDGE PIKE,1,b935e704
TLM9ZH,EMS,Nausea/vomiting,19072,Lower Merion,CONSHOHOCKEN STATE RD & CENTENNIAL RD,1,7238d11a
TLMA0E,Traffic,Vehicle accident,19001,Abington,OLD YORK RD & ROCKWELL RD,1,9fb23c23
TLMA27,EMS,Cardiac emergency,19403,West Norriton,BRANDON RD & S SCHUYLKILL AVE,1,7039505d
TLMAA3,EMS,Subject in pain,19403,East Norriton,GERMANTOWN PIKE & BRIDLE PATH RD,1,1be641e7
TLMAIF,EMS,Nausea/vomiting,19426,Lower Providence,FENWICK CIR & COLDSPRING DR,1,dd14218f
TLMAJQ,Fire,Fire alarm,19025,Upper Dublin,DRYDEN RD & WELSH RD,1,58e1433d
TLMARB,EMS,Assault victim,19406,Upper Merion,GULPH RD & TURN LANE,1,e5e8bd54
TLMASO,EMS,Allergic reaction,19468,Royersford,2ND AVE & WASHINGTON ST,1,438d3acb
TLMAU5,Fire,Trash/dumpster fire,19426,Skippack,SKIPPACK PIKE & MENSCH RD,1,ab959389
TLMBGO,EMS,Fracture,19006,Abington,MEADOWBROOK DR & HUNTINGDON PIKE,1,31dabb89
TLMBHE,EMS,Cardiac emergency,19406,Upper Merion,VALLEY FORGE RD & N HENDERSON RD,1,7115b93e
TLMBKY,EMS,Cardiac emergency,19492,New Hanover,TOWNSHIP LINE RD & CINDERELLA CT,1,bfd115d4
TLMBLQ,EMS,Nausea/vomiting,19038,Cheltenham,LAVEROCK RD & TWICKENHAM RD,1,8b7f0132
TLMBNH,EMS,Seizures,19403,Lower Providence,EAGLEVILLE RD & SUNDERLAND DR,1,9383e032
TLMBOT,Traffic,Road obstruction,19426,Lower Providence,RIDGE PIKE & FERN AVE,1,327e4628
TLMBPV,EMS,Seizures,19046,Jenkintown,HILLSIDE AVE & FLORENCE AVE,1,c6c662de
TLMBWS,Traffic,Vehicle accident,19046,Rockledge,HUNTINGDON PIKE & N PENN AVE,1,02fdfb62
TLMC0I,Traffic,Vehicle accident,19464,Lower Pottsgrove,SANATOGA RD & E HIGH ST,1,bb9b72df
TLMCAB,Traffic,Disabled vehicle,19406,Upper Merion,E CHURCH RD & S HENDERSON RD,1,51e38f05
TLMCBX,Traffic,Disabled vehicle,19462,Plymouth,CHEMICAL RD & RIDGE PIKE,1,16f307c5
TLMCDO,Traffic,Vehicle accident,19464,Pottstown,KING ST & MANATAWNY ST,1,8aac7993
TLMCKB,EMS,Nausea/vomiting,19406,Upper Merion,1ST AVE & FREEDOM DR,1,2d1abfeb
TLMDD4,Traffic,Vehicle accident,19464,Pottstown,BEECH ST & JOHNSON ST,1,ab2c9c4a
TLMDK1,EMS,Altered mental status,19406,Upper Merion,GULPH RD & KIRK AVE,1,47fd9afc
TLMDNW,EMS,Syncopal episode,19446,Lansdale,5TH ST & MAPLE AVE,1,fa82f4ef
TLMDV9,EMS,Altered mental status,19096,Lower Merion,CHERRY LN & ALMUR LN,1,9e1e815e
TLMDVK,Traffic,Vehicle accident,19038,Abington,EASTON RD & MT VERNON DR,1,10a0c8d1
TLME9V,Fire,Fire alarm,19464,Lower Pottsgrove,EVERGREEN RD & W LIGHTCAP RD,1,1a3c6a12
TLMEE7,Fire,Fire alarm,19038,Cheltenham,OAK RD & SPRINGHOUSE LN,1,29c0b499
TLMEJM,EMS,Syncopal episode,19454,Montgomery,HORSHAM RD & GENERAL HANCOCK BLVD,1,79bdc8b6
TLMERO,EMS,Subject in pain,19428,Conshohocken,6TH AVE & FREEDLEY ST,1,af0ad68e
TLMEYO,EMS,Medical alert alarm,19401,Norristown,HAWS AVE & W OAK ST,1,a8f483af
TLMF8V,Traffic,Vehicle accident,18969,Souderton,N COUNTY LINE RD & E CENTRAL AVE,1,536873ba
TLMFF8,Traffic,Hazardous road conditions,19003,Lower Merion,LOCUST AVE & LEVERING ST,1,474a4443
TLMFMK,EMS,Fall victim,19444,Whitemarsh,ANDORRA GLEN CT & CRABAPPLE DR,1,f68e128a
TLMFWI,EMS,Cardiac emergency,19044,Horsham,DRESHER RD & GIBRALTAR RD,1,3dd42ebf
TLMFXI,EMS,CVA/stroke,19001,Abington,WOODLAND RD & ST CHARLES PL,1,9a5b013b
TLMG5C,EMS,Cardiac emergency,19454,North Wales,WALNUT ST & S 3RD ST,1,48343b10
TLMGHA,EMS,Cardiac emergency,19465,Chester County,HANOVER ST & E URNER ST,1,c8809e84
TLMGKM,EMS,Subject in pain,19095,Cheltenham,THORNBERRY RD & WISTAR DR,1,54b05746
TLMGLF,EMS,Fall victim,19006,Lower Moreland,CRANBERRY DR & LAMPLIGHTER LN,1,2a6af1fb
TLMGR7,EMS,Subject in pain,19403,Lower Providence,RIDGE PIKE & EAGLE STREAM DR,1,09ef2d96
TLMGSC,Traffic,Road obstruction,19004,Lower Merion,SCHUYLKILL EXPY & RAMP I76 WB TO BELMONT AVE,1,820adf5b
TLMH20,EMS,Altered mental status,19046,Abington,HOLMECREST RD & CYPRESS AVE,1,da6833e1
TLMH3R,EMS,Subject in pain,19406,Upper Merion,LEXINGTON DR & CHAMPLAIN DR,1,6890249d
TLMH4Q,EMS,Fall victim,19438,Lower Salford,MORRIS RD & MOYER RD,1,ea47b715
TLMHJ5,EMS,Dizziness,19444,Whitemarsh,ANDORRA GLEN CT & CRABAPPLE DR,1,43e38419
TLMHOE,EMS,General weakness,19464,West Pottsgrove,RACE ST & WALNUT ST,1,f3ac5d0c
TLMHPB,EMS,Unconscious subject,19401,Norristown,ROBERTS CIR,1,89ab4e19
TLMHPB-1,EMS,Unconscious subject,19401,Norristown,ROBERTS CIR & MORGAN ALY,1,91736d5d
TLMI81,Fire,Fire investigation,19002,Horsham,HORSHAM RD & KEITH VALLEY RD,1,8684e4cc
TLMIIW,Traffic,Disabled vehicle,19440,Hatfield Township,COUNTY LINE RD & TREWIGTOWN RD,1,bf12f923
TLMIZG,Fire,Fire alarm,19038,Springfield,WILLOW GROVE AVE & PINE RD,1,91b39057
TLMJ12,EMS,Cardiac emergency,19454,Montgomery,NORTH WALES RD & ROSE LN,1,7c4b8b73
TLMJ23,Fire,Rescue,19403,Lower Providence,SHANNONDELL BLVD & EGYPT RD,1,56c20596
TLMJ3U,EMS,Medical alert alarm,19090,Upper Moreland,MANOR HOUSE LN & GREENHILL RD,1,75ab8e1e
TLMJ5P,Fire,Fire investigation,19428,West Conshohocken,DEHAVEN AVE & BEECH ST,1,5171194f
TLMJFD,EMS,Overdose,19090,Upper Moreland,BARTRAM RD & DOGWOOD DR,1,5383a506
TLMK4X,Fire,Fire alarm,19428,Plymouth,FAYETTE ST & E 13TH AVE,1,cdc269a3
TLMKAE,EMS,Respiratory emergency,19428,Conshohocken,4TH AVE & FORREST ST,1,933cdf14
TLMKZA,EMS,Assault victim,19446,Towamencin,WELSH RD & OAK BLVD,1,ef2cb611
TLML4Y,EMS,Head injury,19426,Collegeville,5TH AVE & BUM HOLLOW RD,1,b645db4c
TLMLCV,Fire,Unknown type fire,19422,Whitpain,MILES DR,1,0f5801cb
TLMLTX,Traffic,Vehicle accident,19438,Lower Salford,OAK DR & MAPLE AVE,1,8ba090f0
TLMM5X,Fire,Building fire,19464,Pottstown,APPLE ST & S FRANKLIN ST,1,428bf9f9
TLMMC7,EMS,Abdominal pains,19406,Bridgeport,CROOKED LN & DAVID RD,1,36445493
TLMMH2,EMS,Fall victim,19002,Lower Gwynedd,GYPSY HILL RD & WILLOW RUN RD,1,9436c59d
TLMMII,EMS,Cardiac emergency,19044,Horsham,JACK LADDER CIR & LOG POND DR,1,d17572c6
TLMMMJ,Fire,Vehicle fire,18041,Upper Hanover,JACOBS SAWMILL RD & KUTZTOWN RD,1,586bfef6
TLMMQK,Traffic,Disabled vehicle,19428,Conshohocken,WASHINGTON ST & POPLAR ST,1,08469b09
TLMMQM,Traffic,Vehicle fire,18041,Upper Hanover,JACOBS SAWMILL RD & KUTZTOWN RD,1,55851217
TLMMWX,EMS,Cardiac arrest,19090,Upper Moreland,LAWNTON RD & SPENCER RD,1,4e72ee7a
TLMN26,EMS,Cardiac emergency,19525,New Hanover,CEDAR LN & WILLOW LN,1,f050b405
TLMN31,Fire,Fire alarm,19072,Lower Merion,OAKWOOD DR & OAKWOOD TER,1,69263ddc
TLMN88,EMS,Cardiac emergency,19150,Cheltenham,CHELTENHAM AVE & 79TH AVE,1,11dff1d3
TLMNE2,EMS,Eye injury,19044,Horsham,HORSHAM RD & WALNUT AVE,1,b70be8c9
TLMNF6,Fire,Woods/field fire,19025,Horsham,WELSH RD & W PRUDENTIAL DR,1,a09918c8
TLMNXS,Traffic,Vehicle accident,19446,Lansdale,N CANNON AVE & W 7TH ST,1,b71e6b4d
TLMOR4,EMS,Fall victim,19446,Lansdale,RICHARDSON AVE & MILL ST,1,5aeb1ec4
TLMOWU,EMS,CVA/stroke,19403,Lower Providence,EAGLEVILLE RD & SUNDERLAND DR,1,7c54270d
TLMP3L,EMS,Fall victim,19464,Lower Pottsgrove,HIGH ST & BROWN ST,1,bb818a27
TLMP7X,EMS,Unconscious subject,19406,Upper Merion,MURRAY DR & MURRAY PL,1,15f1a302
TLMPVR,EMS,Subject in pain,19401,Norristown,LOCUST ST & W ROBERTS ST,1,dcb43567
TLMQNX,EMS,Syncopal episode,19426,Lower Providence,COLLEGEVILLE RD & NANCY LN,1,43fb8546
TLMQRQ,Fire,Fire alarm,19027,Cheltenham,HIDDEN LN & SPRING AVE,1,2ea534cc
TLMQSW,EMS,Subject in pain,19401,Norristown,MAIN ST & GREEN ST,1,c5a41870
TLMR5W,EMS,Cardiac emergency,19004,Lower Merion,CITY AVE & N 47TH ST,1,02582e49
TLMSU6,EMS,Unknown medical emergency,19468,Limerick,LINFIELD TRAPPE RD & S TOWNSHIP LINE RD,1,88ef02ed
TLMSZ6,EMS,Respiratory emergency,19401,Norristown,LOCUST ST & DOGWOOD DR,1,8626942d
TLMTKP,EMS,Unconscious subject,19401,Norristown,NEW HOPE ST & CEDAR LN,1,6726216a
TLMTPY,EMS,Cardiac emergency,19090,Upper Moreland,FITZWATERTOWN RD & BARTRAM RD,1,4c2239b2
TLMU02,EMS,Fall victim,19438,Franconia,CRESCENT CIR & MAPLEWOOD DR,1,efeea9c2
TLMU5M,Fire,Fire investigation,19027,Cheltenham,HIDDEN LN & SPRING AVE,1,7ba484c4
TLMU6W,Fire,Appliance fire,19468,Royersford,MAIN ST & 2ND AVE,1,5e83e45f
TLMUIR,EMS,Assault victim,19405,Upper Merion,COATES ST & E 4TH ST,1,157efdbf
TLMUN7,EMS,Building fire,19468,Royersford,MAIN ST & 2ND AVE,1,b1e1ca73
TLMUUH,EMS,General weakness,19446,Lansdale,SQUIRREL LN & PINE ST,1,9a4e77b5
TLMUZ2,Traffic,Vehicle accident,19004,Lower Merion,BELMONT AVE & OLD BELMONT AVE,1,622617f5
TLMUZE,EMS,Diabetic emergency,18915,Montgomery,BETHLEHEM PIKE & JUGHANDLE,1,d2612a59
TLMUZY,Traffic,Vehicle accident,19401,Norristown,DEKALB ST & E LAFAYETTE ST,1,3c3db4ad
TLMVBB,EMS,Respiratory emergency,18074,New Hanover,HENNING RD & DEEP CREEK RD,1,6bbf9b8b
TLMW61,Fire,Cardiac arrest,18074,New Hanover,HENNING RD & DEEP CREEK RD,1,ab8e9be8
TLMWDO,EMS,Hemorrhaging,19406,Upper Merion,CAMBRIDGE RD & REDWOOD RD,1,b628e8f3
TLMWW3,EMS,Unconscious subject,19440,Hatfield Township,BETHLEHEM PIKE & TREWIGTOWN RD,1,6e4bdaba
TLMWY6,EMS,Hemorrhaging,19446,Towamencin,MICHAEL WAY & TYLER WAY,1,c6653232
TLMY0M,EMS,EMS special service,19473,Skippack,BRIDGE RD & SERENDIPITY WAY,1,6c89d67d
TLMY2K,EMS,Seizures,19464,Lower Pottsgrove,BUCHERT RD & LAUREL WAY,1,b0519e3c
TLMZV1,Fire,Fire alarm,19034,Upper Dublin,DRESHERTOWN RD & CRESTVIEW DR,1,006685cf
TLMZW9,EMS,Subject in pain,19446,Lansdale,WILLOW ST & PENNBROOK AVE,1,3baaf821
TLN0DA,EMS,Fall victim,19006,Abington,MORELAND RD & WILLIAMSBURG RD,1,d125991f
TLN0QE,Traffic,Vehicle accident,19002,Lower Gwynedd,DEKALB PIKE & SUMNEYTOWN PIKE,1,8f61f1b6
TLN0QE-1,Traffic,Vehicle accident,19454,Lower Gwynedd,DEKALB PIKE & MEETINGHOUSE RD,1,ea59a0fa
TLN1KL,EMS,Fall victim,19438,Franconia,MAPLEWOOD DR & CRESCENT CIR,1,e71fef9b
TLN1ZX,Traffic,Disabled vehicle,19444,Whitemarsh,RIDGE PIKE & BIRCH DR,1,fae4d948
TLN21F,EMS,Respiratory emergency,19464,Pottstown,SCOTT ST & W BUTTONWOOD ST,1,36007e47
TLN28R,EMS,Vehicle accident,19446,Hatfield Township,MEDICAL CAMPUS DR & N LINE ST,1,bb12f8df
TLN298,Traffic,Vehicle accident,19446,Hatfield Township,MEDICAL CAMPUS DR & N LINE ST,1,71a49428
TLN2UO,EMS,EMS special service,19002,Lower Gwynedd,BETHLEHEM PIKE & MOORE DR,1,8e4e56dc
TLN34F,EMS,Respiratory emergency,19406,Upper Merion,POWDERHORN RD & CONCORD CIR,1,ebec12ba
TLN37Y,EMS,Unconscious subject,19464,Pottstown,UNION ST,1,a73e36aa
TLN3KV,EMS,Cardiac emergency,19446,Upper Gwynedd,SUMNEYTOWN PIKE & CHURCH RD,1,a6e1195a
TLN4BE,EMS,Assault victim,19401,Norristown,ELM ST & HAWS AVE,1,4397de3a
TLN4BE-1,EMS,Assault victim,19401,Norristown,KOHN ST & W OAK ST,1,fc3ad068
TLN4DK,EMS,Seizures,19401,Norristown,JACOBY ST & GREEN ST,1,dfc65543
TLN4WW,EMS,Fall victim,19446,Lansdale,3RD ST & N LINE ST,1,14fc415d
TLN4XS,EMS,Cardiac emergency,19401,Norristown,AIRY ST & VAUGHN ALY,1,73c8820e
TLN5G0,EMS,Fall victim,19040,Horsham,BRUMAR DR & LATCHSTRING LN,1,e6882ec2
TLN6PV,EMS,Cardiac emergency,18936,Lower Gwynedd,HUNT CLUB TRL & W WELSH RD,1,8ba8c398
TLN81P,EMS,Fall victim,19087,Chester County,OLD SCHUYLKILL RD & CONNECTING ROAD,1,f77cf08f
TLN8DJ,EMS,Respiratory emergency,19401,Norristown,FORNANCE ST & MARKLEY ST,1,45fe6316
TLN9HS,Fire,Building fire,19044,Horsham,ALISON RD & BLAIR MILL RD,1,a021dc5a
TLN9LE,EMS,Unknown medical emergency,19401,Norristown,CHAIN ST & W AIRY ST,1,5c3cd9e4
TLN9MY,EMS,Building fire,19044,Horsham,ALISON RD & BLAIR MILL RD,1,ce0dc092
TLNAH2,EMS,Subject in pain,19422,Whitpain,VALLEY RD & SKIPPACK PIKE,1,3cbc0d90
TLNC75,EMS,General weakness,19401,Norristown,KOHN ST & W BLACKBERRY ALY,1,ce4545cc
TLNCO9,EMS,Fall victim,19090,Upper Dublin,JILL RD & EVES PL,1,2e27651a
TLNCUR,EMS,Cardiac arrest,19462,Plymouth,GERMANTOWN PIKE & HALLOWELL RD,1,0e1b7d50
TLNDE7,EMS,Cardiac emergency,19438,Lower Salford,EASTWOODS DR & YODER RD,1,9e2b0ae5
TLNDK3,EMS,Altered mental status,19446,Upper Gwynedd,OAK ST & WEST POINT PIKE,1,aa83ae95
TLNEDH,Fire,Fire police needed,19426,Collegeville,E 5TH AVE,1,778f2c75
TLNEHB,EMS,Medical alert alarm,19027,Cheltenham,VALLEY RD & MILL RD,1,8d84aed2
TLNEKE,EMS,Respiratory emergency,19095,Cheltenham,THORNBERRY RD & WISTAR DR,1,db0e7052
TLNELJ,Fire,Electrical fire outside,19426,Trappe,MAIN ST & CENTER AVE,1,b52566c4
TLNFIY,EMS,Medical alert alarm,19438,Franconia,MAPLEWOOD DR & CRESCENT CIR,1,5acc77ed
TLNGGJ,EMS,Seizures,19038,Springfield,STENTON AVE & NEWTON ST,1,db611dc0
TLNH0Y,Fire,Fire alarm,19401,Norristown,AIRY ST & CHURCH ST,1,429ceed5
TLNH91,EMS,Diabetic emergency,19464,Pottstown,HIGH ST & S FRANKLIN ST,1,b3dadd55
TLNHLO,EMS,Fall victim,19401,East Norriton,STANBRIDGE ST & DOGWOOD LN,1,3bdd7d6d
TLNHO9,Traffic,Road obstruction,18054,Marlborough,PAYNE RD & SWAMP CREEK RD,1,5f443efb
TLNHPY,EMS,Hemorrhaging,19462,Plymouth,VALLEY RD & RENEL RD,1,e8b26f2a
TLNII3,EMS,Fall victim,19406,Upper Merion,STONYBROOK RD & HERITAGE LN,1,83634fd7
TLNIV6,EMS,Head injury,19403,Lower Providence,SHANNONDELL DR & SHANNONDELL BLVD,1,da255a18
TLNIXE,EMS,Respiratory emergency,19464,Lower Pottsgrove,KEIM ST & BROOKE RD,1,ea946e19
TLNJ1O,EMS,Overdose,19090,Upper Moreland,FITZWATERTOWN RD & BARTRAM RD,1,c43500d4
TLNJ8A,EMS,Unconscious subject,19438,Lower Salford,MONTGOMERY DR & HAMILTON DR,1,183d358c
TLNJAQ,EMS,Abdominal pains,19464,Pottstown,WASHINGTON ST & KING ST,1,e9ab1725
TLNJL5,EMS,Medical alert alarm,19004,Lower Merion,OVERHILL RD & E PRINCETON RD,1,6d733979
TLNJUM,EMS,Syncopal episode,19464,Pottstown,HIGH ST & S FRANKLIN ST,1,06716ecf
TLNKC5,EMS,Respiratory emergency,19002,Ambler,FOREST AVE & N MAIN ST,1,f3bab7a8
TLNKED,EMS,Fall victim,19406,Upper Merion,VALLEY FORGE CIR & OLD VALLEY FORGE RD,1,69ec0818
TLNKMN,EMS,Syncopal episode,19046,Abington,OLD YORK RD & BAEDER RD,1,3ad35927
TLNKO6,EMS,Diabetic emergency,19473,Perkiomen,WELSH RD & BRIDGE ST,1,278598f0
TLNKUR,EMS,Vehicle accident,19464,Pottstown,STATE ST,1,1829ea61
TLNKUS,Traffic,Vehicle accident,19464,Pottstown,STATE ST & W 8TH ST,1,d59ce270
TLNKX2,Fire,Vehicle fire,19464,Pottstown,STATE ST,1,2dd0e19f
TLNKY5,EMS,Subject in pain,19010,Lower Merion,WOODLEAVE RD & PENNSTONE RD,1,4b3b4d25
TLNL9V,EMS,Vehicle accident,19446,Upper Gwynedd,WELSH RD & SWEETBRIAR LN,1,0a3d9ebd
TLNLA9,Traffic,Vehicle accident,19446,Upper Gwynedd,WELSH RD & SWEETBRIAR LN,1,75d797b7
TLNLD9,EMS,Medical alert alarm,19406,Upper Merion,VALLEY FORGE CIR & OLD VALLEY FORGE RD,1,0a1406ac
TLNLE8,EMS,Heat exhaustion,19403,West Norriton,PARKVIEW DR & WAYFIELD DR,1,df597008
TLNLOC,EMS,Altered mental status,19038,Springfield,HAWS LN & FRASER RD,1,30782731
TLNLTK,Fire,Fire alarm,19403,West Norriton,HEMLOCK RD & CAREY LN,1,a7a327d5
TLNLUK,EMS,CVA/stroke,19464,Pottstown,ROBINSON ST & TUCKER CT,1,49c547cc
TLNM2V,EMS,Head injury,19090,Upper Moreland,YORK RD & LAKEVUE DR,1,46eb3eff
TLNM5N,EMS,Subject in pain,19454,North Wales,WALNUT ST & S 3RD ST,1,42747cb9
TLNMAX,Traffic,Vehicle accident,19406,Upper Merion,DEKALB PIKE & S HENDERSON RD,1,9e47e37a
TLNMB0,EMS,Head injury,19046,Jenkintown,WALNUT ST & HEALY ST,1,86427b29
TLNMNC,Traffic,Road obstruction,19444,Whitemarsh,EDMONDS RD & GERMANTOWN PIKE,1,9850fa61
TLNMQH,EMS,Fall victim,19464,Pottstown,HIGH ST & S EVANS ST,1,063ca744
TLNMRZ,EMS,Fall victim,19044,Horsham,WHITE BIRCH LN & TIMBER RD,1,20d63227
TLNMTY,EMS,Vehicle accident,19406,Upper Merion,DEKALB PIKE & S HENDERSON RD,1,a29a564f
TLNMYM,EMS,Fall victim,19446,Upper Gwynedd,CLEARBROOK RD & DEAD END,1,97d3345b
TLNNMK,EMS,Syncopal episode,19006,Lower Moreland,CREEK RD & DEAD END,1,03629179
TLNNTH,Traffic,Vehicle accident,19525,Douglass,BUCHERT RD & ROBERTS RD,1,7d882990
TLNO0K,Fire,Woods/field fire,19446,Lansdale,N TOWAMENCIN AVE,1,ff881d89
TLNO1K,EMS,Syncopal episode,19075,Springfield,VALLEY GREEN RD & CAMP HILL RD,1,2a022269
TLNOBO,Traffic,Vehicle accident,19464,Pottstown,BEECH ST & N HANOVER ST,1,2d08a791
TLNOBO-1,Traffic,Vehicle accident,19464,Pottstown,HANOVER ST & WALNUT ST,1,b0269db7
TLNOXJ,EMS,Head injury,19002,Lower Gwynedd,NORRISTOWN RD & TENNIS AVE,1,7274a60f
TLNP3N,EMS,Altered mental status,19492,Upper Frederick,BIG RD & FREDERICK DR,1,be0b6a08
TLNP4B,EMS,Seizures,19401,Norristown,BASIN ST & VIOLET ST,1,022b5071
TLNP8S,EMS,Altered mental status,18073,Pennsburg,7TH ST & DAISY LN,1,1a730e66
TLNPJ6,EMS,Head injury,19444,Whitemarsh,JOSHUA RD & CEDAR GROVE RD,1,2034c05c
TLNPKV,EMS,Subject in pain,19401,East Norriton,MILL RD & SWEDE RD,1,88f49335
TLNPZ5,EMS,Dizziness,19403,West Norriton,BASSETT LN & YORKTOWN N,1,c44624f2
TLNQIB,EMS,Unconscious subject,19406,Upper Merion,NANCYS LN & WILLIAMS RD,1,a467048f
TLNQJH,EMS,Unconscious subject,19454,North Wales,MONTGOMERY AVE & S SWARTLEY ST,1,a4a3f5fa
TLNQLA,EMS,Fracture,19446,Lansdale,NORWAY DR,1,c13381a8
TLNQSV,EMS,Heat exhaustion,19426,Lower Providence,LEVEL RD & CEDAR LN,1,80a2b609
TLNQSV-1,EMS,Heat exhaustion,19403,Lower Providence,EAGLEVILLE RD & RIDGE PIKE,1,920954b9
TLNQV7,EMS,Nausea/vomiting,18964,Franconia,ROBIN DR & VALLEY VIEW DR,1,5b4dc52e
TLNQW4,EMS,Fall victim,19003,Lower Merion,SCHOOL LN & SHELDON LN,1,8c7c74d9
TLNR0L,EMS,Cardiac emergency,19454,North Wales,5TH ST & E WALNUT ST,1,5d4214fd
TLNR6K,EMS,Head injury,19038,Springfield,CHELTENHAM AVE,1,0303eab3
TLNR80,EMS,General weakness,19464,Pottstown,KING ST & GABLE AVE,1,adbaee75
TLNR8Y,EMS,Fall victim,19027,Abington,KIRKWOOD AVE & FOX CHASE RD,1,f7c5b2af
TLNRAQ,Fire,Cardiac arrest,19006,Lower Moreland,BROADMOOR RD & WARFIELD DR,1,782344ee
TLNRAW,EMS,Cardiac arrest,19006,Lower Moreland,BROADMOOR RD & WARFIELD DR,1,2c042514
TLNRIP,EMS,Allergic reaction,19003,Lower Merion,LANCASTER AVE & CHATHAM RD,1,de3c6c64
TLNRLT,Traffic,Vehicle accident,19454,Upper Gwynedd,HANCOCK RD & MARLYNS LN,1,7104a541
TLNSBX,Traffic,Vehicle accident,19454,Montgomery,NORTH WALES RD & HORSHAM RD,1,cb636d65
TLNSBX-1,Traffic,Vehicle accident,19454,Montgomery,NORTH WALES RD & BETHLEHEM PIKE,1,78f94832
TLNSFM,EMS,Fall victim,18964,Franconia,SUMMIT ST & COLONIAL AVE,1,0b097836
TLNSKF,EMS,Head injury,19044,Horsham,EASTON RD & BROADWAY AVE,1,7061f549
TLNSSR,Fire,Fire alarm,19453,Upper Providence,BRIDGE ST & SOWERS AVE,1,b9d0446d
TLNT00,Traffic,Disabled vehicle,19004,Lower Merion,SCHUYLKILL EXPY & RAMP I76 WB TO BELMONT AVE,1,0e6ac183
TLNT0S,Fire,Fire alarm,19403,Lower Providence,EAGLEVILLE RD & SUNDERLAND DR,1,2fddcde3
TLNT30,Traffic,Vehicle accident,19027,Cheltenham,WILLOW AVE & OLD YORK RD,1,8104b689
TLNT3X,EMS,Unresponsive subject,19001,Abington,LAMOTT AVE & RESERVOIR AVE,1,2aece010
TLNT62,EMS,Subject in pain,19401,East Norriton,NEW HOPE ST & SAW MILL CT,1,b6ecf055
TLNTCK,Traffic,Vehicle accident,19401,Norristown,GREEN ST & E AIRY ST,1,3eede651
TLNTCK-1,Traffic,Vehicle accident,19010,Lower Merion,W LANCASTER AVE & N MERION AVE,1,d106ae1e
TLNTFG,EMS,Dizziness,19006,Upper Moreland,MASONS MILL RD & BUTTONWOOD LN,1,2e256e76
TLNTG8,Traffic,Disabled vehicle,19422,Whitpain,SKIPPACK PIKE & CRESTLINE DR,1,26ed9966
TLNTG9,EMS,Vehicle accident,19401,Norristown,GREEN ST,1,4b1958a6
TLNTHK,Fire,Carbon monoxide detector,19446,Montgomery,RICHARDSON RD & SPRINGDALE LN,1,5ec7f802
TLNTK1,EMS,Hemorrhaging,19525,Douglass,GOLF DR & ROBERTS RD,1,27b7de52
TLNTKS,EMS,Back pains/injury,19525,New Hanover,OWL CT & DEAD END,1,5d7b3b19
TLNTOY,EMS,Vehicle accident,19010,Lower Merion,W LANCASTER AVE,1,ba77c442
TLNTYE,EMS,Hemorrhaging,19464,Lower Pottsgrove,BROOKWOOD DR & KEPLER RD,1,0e19c1e8
TLNU2A,EMS,Head injury,18074,New Hanover,HENNING RD & DEEP CREEK RD,1,7bad168c
TLNU63,Traffic,Vehicle accident,19426,Collegeville,2ND AVE & PARK AVE,1,d550c120
TLNUBA,Traffic,Disabled vehicle,19096,Lower Merion,LANCASTER AVE & REMINGTON RD,1,67727af1
TLNUGY,Traffic,Vehicle accident,19090,Abington,PARK AVE & OLD WELSH RD,1,ffe5456e
TLNURH,Traffic,Disabled vehicle,19090,Abington,CENTER AVE & MORELAND RD,1,036b37dd
TLNUZV,Fire,Fire alarm,19006,Abington,HUNTINGDON PIKE & MOREDON RD,1,4986ff31
TLNV1B,EMS,Abdominal pains,19403,Skippack,MOKYCHIC RD & PRISON RD,1,e013d7e6
TLNV36,EMS,Unconscious subject,19454,Montgomery,CLEAR CREEK CT & RUNNING BROOK RD,1,a86bbc6f
TLNV6E,EMS,Subject in pain,19044,Horsham,SAW MILL LN & PROSPECT AVE,1,8c4afe3e
TLNVAC,EMS,CVA/stroke,19401,East Norriton,BRYANS RD & BROOKSIDE RD,1,c7e437f9
TLNVHK,EMS,Fall victim,19473,Perkiomen,WELSH RD & BRIDGE ST,1,02410716
TLNVIN,EMS,Abdominal pains,19040,Hatboro,MORELAND AVE & S YORK RD,1,ff2a64e5
TLNVLQ,Fire,Fire alarm,19426,Lower Providence,GERMANTOWN PIKE & EVANSBURG RD,1,d2cd14d1
TLNVZC,Traffic,Vehicle accident,19464,Pottstown,RT100 SB & SHOEMAKER RD,1,a1bffe32
TLNW6G,EMS,Cardiac emergency,19090,Upper Moreland,FITZWATERTOWN RD & BEECHWOOD RD,1,2c07a673
TLNWD4,EMS,Syncopal episode,19464,Pottstown,4TH ST & JOHNSON ST,1,3152f143
TLNWIY,EMS,Altered mental status,19464,Pottstown,CHARLOTTE ST & QUEEN ST,1,7a613ae8
TLNWRB,EMS,Medical alert alarm,19444,Springfield,ANDORRA RD & ANDORRA HILL RD,1,b2078622
TLNWUG,Traffic,Disabled vehicle,19401,Norristown,W MAIN ST & MARKLEY ST,1,57acae25
TLNX70,EMS,Unknown medical emergency,19464,Pottstown,QUEEN ST,1,7a312a46
TLNX8V,Traffic,Disabled vehicle,19454,Worcester,EXTENSION PENNSYLVANIA TPKE & DEKALB PIKE ACCESS GATE,1,4ca1b6e5
TLNXD2,EMS,Overdose,19468,Limerick,FAWN CT & DEER RUN CT,1,dcdf5967
TLNXIV,EMS,Altered mental status,19006,Abington,HUNTINGDON PIKE & MOREDON RD,1,3d3b5490
TLNXTJ,Fire,Fire alarm,19010,Lower Merion,WOODLEAVE RD & PENNSTONE RD,1,88090cce
TLNY3L,EMS,Seizures,19012,Cheltenham,MATHER WAY & COMPOUND 23,1,eff2cbca
TLNY4R,EMS,Syncopal episode,19004,Lower Merion,COLWYN LN & CLWYD RD,1,1571dd97
TLNY7X,Fire,Fire alarm,19072,Narberth,DUDLEY AVE & PRICE AVE,1,d894488e
TLNYHT,EMS,Seizures,19401,Norristown,CHAIN ST & W ELM ST,1,55ef31b2
TLNYTX,EMS,General weakness,19422,Whitpain,DEKALB PIKE & TOURNAMENT DR,1,32507b19
TLNZ1R,EMS,Back pains/injury,19095,Cheltenham,WASHINGTON LN & TOWNSHIP LINE RD,1,f82ad985
TLNZ7K,Traffic,Disabled vehicle,19027,Cheltenham,WASHINGTON LN & SHOPPERS LN,1,5a4ad7ea
TLNZO3,Traffic,Road obstruction,19468,Limerick,RT422  & RAMP RT422 WB TO N LEWIS RD,1,1dc18099
TLNZWX,Traffic,Disabled vehicle,19027,Cheltenham,SHOPPERS LN & WASHINGTON LN,1,2ae93181
TLO03X,Traffic,Vehicle accident,19446,Whitpain,NORTH WALES RD & CRESTLINE DR,1,56813a89
TLO07T,EMS,Medical alert alarm,19403,Lower Providence,SHANNONDELL DR & SHANNONDELL BLVD,1,5963a391
TLO0BF,EMS,Cardiac emergency,19406,Upper Merion,SPRING LN & ROSS RD,1,60135c8d
TLO0G0,EMS,Respiratory emergency,19438,Towamencin,SHAGBARK CT & WOOD HOLLOW DR,1,0d1b6871
TLO0HQ,EMS,Altered mental status,19001,Abington,OLD YORK RD & CONNECTING ROAD,1,d595f418
TLO0QS,Traffic,Disabled vehicle,19426,Upper Providence,TROUTMAN RD & ARCOLA RD,1,f6e1173e
TLO0T2,Traffic,Vehicle accident,19462,Plymouth,CHEMICAL RD & GALLAGHER RD,1,ecda571b
TLO0V7,Fire,Rescue,19468,Royersford,2ND AVE & WASHINGTON ST,1,dafdafa9
TLO0VG,EMS,Rescue,19468,Royersford,2ND AVE & WASHINGTON ST,1,ac42af60
TLO1AC,Fire,Fire investigation,18964,Franconia,LOWER RD & FORMAN RD,1,c2e8c8a1
TLO1I7,EMS,Hemorrhaging,19403,Lower Providence,SHANNONDELL DR & SHANNONDELL BLVD,1,d1f67844
TLO1OJ,EMS,Respiratory emergency,19034,Whitemarsh,SHEAFF LN & WHITEMARSH VALLEY RD,1,c6f77b95
TLO1RR,Traffic,Vehicle accident,19025,Upper Dublin,BURN BRAE DR & FITZWATERTOWN RD,1,a61bc953
TLO1SC,Traffic,Vehicle accident,19025,Abington,FITZWATERTOWN RD & BURN BRAE DR,1,805c447c
TLO1T2,EMS,Vehicle accident,19025,Upper Dublin,BURN BRAE DR,1,27474552
TLO1WS,Fire,Woods/field fire,19428,Plymouth,RIDGE PIKE & BUTLER PIKE,1,df602a5a
TLO1XW,EMS,Abdominal pains,19464,Lower Pottsgrove,KEIM ST & BROOKE RD,1,0563d133
TLO2H1,EMS,Respiratory emergency,19046,Jenkintown,YORK RD & VISTA RD,1,aff91247
TLO2H1-1,EMS,Respiratory emergency,19046,Jenkintown,LEEDOM ST,1,3537984a
TLO2LC,Traffic,Road obstruction,19031,Springfield,DOGWOOD RD & POPLAR RD,1,8757109a
TLO2UR,EMS,Subject in pain,19401,Norristown,MAIN ST & BARBADOES ST,1,47f49a6a
TLO2XQ,EMS,Syncopal episode,19095,Cheltenham,EASTON RD & GREENWOOD AVE,1,b30352b5
TLO343,Traffic,Vehicle accident,19040,Upper Moreland,PRESTON LN & EXTON RD,1,f647cc80
TLO34U,Traffic,Vehicle accident,19403,West Norriton,W MAIN ST & N TROOPER RD,1,5dcef2e7
TLO364,EMS,Vehicle accident,19401,Norristown,DEKALB ST & E OAK ST,1,74130792
TLO36H,Traffic,Vehicle accident,19401,Norristown,DEKALB ST & E OAK ST,1,03574c67
TLO3CN,Traffic,Disabled vehicle,19454,Horsham,WELSH RD & BETHLEHEM PIKE,1,48a8237b
TLO3O2,EMS,Overdose,19038,Abington,JENKINTOWN RD,1,230b32e3
TLO3OU,EMS,Unconscious subject,19454,Horsham,HORSHAM RD & GREEN TREE TAVERN RD,1,170e898d
TLO3SI,Fire,Trash/dumpster fire,19034,Whitemarsh,REGIMENT CT & FORT HILL DR,1,cfeb75f6
TLO3XK,Fire,Fire alarm,19422,Whitpain,WYNDRISE DR & PENLLYN BLUE BELL PIKE,1,6a1b553b
TLO3YU,EMS,Vehicle accident,19446,Lansdale,WHITES RD,1,1a894fee
TLO3ZO,Traffic,Vehicle accident,19446,Lansdale,WHITES RD & S BROAD ST,1,330f8f6d
TLO4HX,EMS,Medical alert alarm,19422,Whitpain,LEWIS LN & MORRIS RD,1,13ddc4f4
TLO4KE,Fire,Fire alarm,19428,Whitemarsh,BUTLER PIKE & MAPLE DR,1,09489014
TLO4PE,EMS,Nausea/vomiting,19464,Lower Pottsgrove,HIGH ST & BROWN ST,1,161c30ea
TLO4PQ,Traffic,Disabled vehicle,19464,Lower Pottsgrove,RAMP RT422 WB TO ARMAND HAMMER BLVD & ARMAND HAMMER BLVD,1,c4d03646
TLO4TY,EMS,Seizures,19426,Perkiomen,BRIDGE ST & EXMOOR DR,1,de7e9eba
TLO593,Traffic,Disabled vehicle,19454,Worcester,EXTENSION PENNSYLVANIA TPKE & DEKALB PIKE ACCESS GATE,1,0b63cb40
TLO5VH,EMS,Fracture,19454,North Wales,SCHOOL ST & N 3RD ST,1,bbd5b71a
TLO662,Traffic,Disabled vehicle,19002,Lower Gwynedd,RT309 EXPY & RAMP RT309 NB TO NORRISTOWN RD,1,7ea70983
TLO6A0,Fire,Woods/field fire,19040,Upper Moreland,DAVISVILLE RD & PENNYPACK RD,1,d24803a9
TLO6FB,EMS,Cardiac arrest,19027,Cheltenham,ERLEN RD & EUSTON RD,1,6d8dc1e0
TLO6HZ,Traffic,Disabled vehicle,19002,Lower Gwynedd,RT309 EXPY & RAMP RT309 NB TO NORRISTOWN RD,1,77de1b85
TLO6NS,EMS,General weakness,19406,Upper Merion,GULPH RD & KIRK AVE,1,bb2be8fd
TLO6OQ,EMS,Fracture,19406,Upper Merion,VALLEY FORGE RD & GENERAL STEUBEN RD,1,a8dd0ba1
TLO6Q1,EMS,Fall victim,19040,Hatboro,YORK RD & HORSHAM RD,1,c2d1ca88
TLO6SZ,EMS,Seizures,18054,Green Lane,2ND ST & MEADOW ALY,1,3b30c9f1
TLO6Y2,EMS,CVA/stroke,19462,Plymouth,JEFFERSON ST & FAIRFIELD RD,1,08b08a34
TLO71S,Traffic,Disabled vehicle,19012,Cheltenham,ROWLAND AVE & ASHBOURNE RD,1,4f4e18d0
TLO7BM,Traffic,Disabled vehicle,19406,Upper Merion,S HENDERSON RD & W DEKALB PIKE,1,05b557a5
TLO7QO,EMS,General weakness,18964,Souderton,ADAMS AVE & HIGHLAND AVE,1,f553b0d6
TLO7U8,Fire,Building fire,19012,Cheltenham,CHELTENHAM AVE & COMPOUND 1,1,6c1f3244
TLO7X7,EMS,General weakness,19464,Pottstown,HIGH ST & UNION ST,1,1a3752a4
TLO7YO,Fire,Elevator emergency,19090,Upper Moreland,MARYLAND RD & COMPUTER AVE,1,7fc683a5
TLO7ZY,EMS,Diabetic emergency,18054,Marlborough,OAK DR & WILLOW DR,1,0f80d1d8
TLO83J,EMS,Building fire,19012,Cheltenham,CHELTENHAM AVE & COMPOUND 1,1,c6348b42
TLO88A,EMS,Syncopal episode,19406,Upper Merion,DEKALB PIKE & ALLENDALE RD,1,2eea6f07
TLO88J,Traffic,Vehicle accident,19002,Horsham,LIMEKILN PIKE & HORSHAM RD,1,443f315b
TLO8BN,EMS,Fall victim,19462,Plymouth,GERMANTOWN PIKE & WALTON RD,1,c8d6b9cb
TLO8D0,EMS,Hemorrhaging,19038,Cheltenham,WILLOW GROVE AVE & CHELTENHAM AVE,1,97e6b4c6
TLO8HE,EMS,Back pains/injury,19001,Abington,PENBRYN AVE & ROCKWELL RD,1,3941b56c
TLO8I1,EMS,Subject in pain,19464,Pottstown,BEECH ST & LOCUST ALY,1,f624bd57
TLO8KG,EMS,Hemorrhaging,19401,Norristown,SMITH ST & E OAK ST,1,0c8f75c2
TLO8M9,EMS,Fall victim,19428,Plymouth,FAYETTE ST & E 15TH AVE,1,02298354
TLO92O,Fire,Fire alarm,19454,Upper Gwynedd,HANCOCK RD & MARLYNS LN,1,a484e2b4
TLO94I,EMS,EMS special service,19473,Skippack,BRIDGE RD & SERENDIPITY WAY,1,40545a33
TLO95C,EMS,Altered mental status,19438,Lower Salford,MAIN ST & OLD SUMNEYTOWN PIKE,1,b5b100ea
TLO95I,Traffic,Road obstruction,19464,Upper Pottsgrove,SNYDER RD & GILBERTSVILLE RD,1,c146159c
TLO96K,Fire,Fire special service,19428,Plymouth,FAYETTE ST & E 15TH AVE,1,0ea26307
TLO9BI,Traffic,Disabled vehicle,19464,New Hanover,SWAMP PIKE & FAUST RD,1,e10cb086
TLO9CV,Traffic,Disabled vehicle,19454,Lower Gwynedd,N BETHLEHEM PIKE & W WELSH RD,1,47e2797d
TLO9G4,EMS,Subject in pain,19027,Cheltenham,CHELTENHAM AVE & CEDAR LN,1,dcdd9a54
TLO9JO,Fire,Fire police needed,19464,Upper Pottsgrove,SNYDER RD & GILBERTSVILLE RD,1,e660c0d0
TLOA6P,EMS,Cardiac emergency,19464,Lower Pottsgrove,BRADLEY WAY & HEATHER LN,1,d89af8ab
TLOADV,EMS,General weakness,19406,Upper Merion,E DEKALB PIKE,1,ac30110b
TLOAF0,Traffic,Road obstruction,19401,Norristown,FORNANCE ST & ASTOR ST,1,0a66d1c6
TLOAIV,EMS,Respiratory emergency,19002,Upper Dublin,LIMEKILN PIKE & HOWE LN,1,da885bfc
TLOAJZ,Fire,Fire alarm,19004,Lower Merion,ROCK HILL RD & CONSHOHOCKEN STATE RD,1,07d886c3
TLOASH,Fire,Carbon monoxide detector,19010,Delaware County,HEATHER LN & GLENWYD RD,1,b58273d0
TLOAVA,Fire,Fire alarm,19001,Abington,PARKVIEW AVE & SILVER AVE,1,6fd395d2
TLOBFJ,EMS,Fever,19462,Plymouth,GERMANTOWN PIKE & HALLOWELL RD,1,690f6c32
TLOBH2,EMS,Fracture,19038,Abington,CRICKET AVE & SPEAR AVE,1,c8fdb09e
TLOBI9,EMS,Head injury,19012,Cheltenham,PITT RD,1,2594714a
TLOBL5,Traffic,Disabled vehicle,19001,Abington,SUSQUEHANNA RD & OLD YORK RD,1,d91a5f0e
TLOBMG,EMS,Fracture,19072,Narberth,ESSEX AVE & PRICE AVE,1,5c130891
TLOBT8,EMS,Altered mental status,19464,Pottstown,HIGH ST & S FRANKLIN ST,1,77fac4ed
TLOC0P,EMS,Fall victim,19446,Lansdale,BROAD ST & E 6TH ST,1,27c49292
TLOC1J,EMS,General weakness,19473,Perkiomen,MAPLE GLEN CIR & SEITZ RD,1,0cb7db3c
TLOC41,EMS,Respiratory emergency,19401,East Norriton,OLD ARCH RD & BIRCHWOOD DR,1,c84d7b9c
TLOC7F,EMS,Nausea/vomiting,19095,Cheltenham,CHURCH RD & BENT RD,1,f6228f1b
TLOCN7,Fire,Fire investigation,18969,Telford,MAIN ST & FULTON AVE,1,62aa1b6b
TLOCNI,EMS,Assault victim,19401,Norristown,AIRY ST & ASTOR ST,1,8f49af76
TLOCTS,Traffic,Vehicle accident,19095,Cheltenham,LIMEKILN PIKE & GREENWOOD AVE,1,f37a489b
TLOCTV,Traffic,Road obstruction,19403,West Norriton,HESTON AVE & MILL RD,1,5c5727d9
TLOD17,EMS,Unknown medical emergency,19406,Upper Merion,NEW GULPH RD & S GULPH RD,1,275bd9ca
TLOD60,Fire,Fire special service,19406,Upper Merion,NEW GULPH RD & S GULPH RD,1,fb54d2ef
TLOD84,Traffic,Vehicle accident,19426,Perkiomen,GRAVEL PIKE & HIGH SCHOOL DR,1,7000bd08
TLOD90,EMS,Allergic reaction,19462,Plymouth,WARRIOR RD & APACHE LN,1,e6c9927c
TLODV8,EMS,Unknown medical emergency,19406,Upper Merion,E DEKALB PIKE,1,bb6fc5a9
TLOE1O,EMS,Head injury,19038,Cheltenham,CHURCH RD & LIMEKILN PIKE,1,74d1c47f
TLOEAB,Fire,Building fire,19038,Cheltenham,ROOSEVELT AVE & LIMEKILN PIKE,1,7e378663
TLOEAF,Fire,Fire investigation,19460,Lower Providence,PAWLINGS RD & CAMIEL LN,1,59486d88
TLOEF4,EMS,Respiratory emergency,19464,Pottstown,HIGH ST & S EVANS ST,1,9e112276
TLOEFX,Fire,Fire alarm,19044,Horsham,DRESHER RD & GIBRALTAR RD,1,4374e09b
TLOEP3,EMS,Back pains/injury,19454,North Wales,MAIN ST & E MONTGOMERY AVE,1,c929bb33
TLOESI,EMS,Fall victim,19006,Lower Moreland,WELSH RD & WALTON RD,1,3dfafc7c
TLOEY5,EMS,Subject in pain,19090,Upper Moreland,NEW ST & DAVISVILLE RD,1,9e912305
TLOF35,EMS,Fire alarm,19044,Horsham,DRESHER RD & GIBRALTAR RD,1,9a615fd5
TLOFIL,Traffic,Vehicle accident,19038,Cheltenham,CHELTENHAM AVE & S EASTON RD,1,0bb953db
TLOFQU,EMS,Head injury,19401,Norristown,CHAIN ST & W BLACKBERRY ALY,1,81529437
TLOG3S,Fire,Rescue,19006,,RAILS TO TRAILS CONNECTOR TRL,1,57bc4981
TLOG3S-1,Fire,Rescue,19460,Lower Providence,VFNP RIVER TRL & SULLIVAN LN,1,cb655459
TLOG48,EMS,Rescue,19006,,RAILS TO TRAILS CONNECTOR TRL,1,8832151c
TLOG48-1,EMS,Rescue,18073,Pennsburg,RAILS TO TRAILS CONNECTOR TRL,1,cffcb08f
TLOG48-2,EMS,Rescue,19460,Lower Providence,VFNP RIVER TRL & SULLIVAN LN,1,40917f5e
TLOGRI,EMS,Altered mental status,18073,Pennsburg,MAIN ST & W 6TH ST,1,a8ff8477
TLOH5J,Traffic,Vehicle accident,19464,Pottstown,W HIGH ST & COLLEGE DR,1,dd38b700
TLOHNQ,EMS,Nausea/vomiting,19403,Norristown,ARCH ST & CARSON ALY,1,d1c46767
TLOHPU,EMS,Medical alert alarm,19003,Lower Merion,LANCASTER AVE & CHATHAM RD,1,cb68dfd5
TLOHYW,EMS,Fall victim,19464,Pottstown,CHARLOTTE ST & E 3RD ST,1,d4b670fe
TLOI2P,Traffic,Vehicle fire,19401,Norristown,MOORE ST & VIOLET ST,1,9d51d534
TLOI2V,Fire,Vehicle fire,19401,Norristown,MOORE ST & VIOLET ST,1,a71b6df6
TLOI69,Fire,Fire alarm,19406,Upper Merion,SHOEMAKER RD & YERKES RD,1,51c9c5de
TLOIAH,EMS,General weakness,19465,Chester County,CHERRY HILL LN & CHESTNUT HILL RD,1,abf8bbf6
TLOII8,Traffic,Disabled vehicle,19440,Hatfield Township,BETHLEHEM PIKE & UNIONVILLE PIKE,1,7d7cf687
TLOJ4D,Fire,Cardiac arrest,19426,Trappe,MAIN ST & W 7TH AVE,1,a62dbd2d
TLOJ4J,EMS,Cardiac arrest,19426,Trappe,MAIN ST & W 7TH AVE,1,e26955c7
TLOJ69,EMS,Cardiac emergency,19003,Lower Merion,COBBLESTONE DR & W SPRING AVE,1,39b601bd
TLOJE1,EMS,Respiratory emergency,19464,Pottstown,GRANDVIEW RD & BEECH ST,1,ee1ba418
TLOJLB,Fire,Vehicle accident,19464,Upper Pottsgrove,MOYER RD & BROADMOOR RD,1,809c906c
TLOJLI,EMS,Vehicle accident,19464,Upper Pottsgrove,MOYER RD & BROADMOOR RD,1,e18d9865
TLOJLO,Traffic,Vehicle accident,19464,Upper Pottsgrove,MOYER RD & BROADMOOR RD,1,9b6ac8d1
TLOJTQ,Traffic,Vehicle accident,19090,Upper Moreland,EASTON RD & MEMORIAL DR,1,3bbaefad
TLOKBY,EMS,Overdose,19468,Royersford,WALNUT ST & S 4TH AVE,1,196fe562
TLOKG8,Fire,Rescue,19464,West Pottsgrove,FAIRVIEW ST & JEFFERSON ST,1,9ffb98e0
TLOKGK,EMS,Rescue,19464,West Pottsgrove,FAIRVIEW ST & JEFFERSON ST,1,610b6a7f
TLOKNA,Fire,Fire alarm,19034,Upper Dublin,VIRGINIA DR & CAMP HILL RD,1,b0e95a82
TLOKSE,EMS,Medical alert alarm,19464,Pottstown,MAPLE ST & UNNAMED ALY,1,365853bd
TLOLXA,Fire,Unknown type fire,19401,Norristown,MARCH ALY,1,1f80d10b
TLOM5U,Fire,Cardiac arrest,19012,Cheltenham,ANDREA RD & WATERS RD,1,e26919a3
TLOM61,EMS,Cardiac arrest,19012,Cheltenham,ANDREA RD & WATERS RD,1,53778bdc
TLOMJ0,EMS,Hemorrhaging,19406,Upper Merion,VALLEY FORGE CIR & OLD VALLEY FORGE RD,1,18bea17a
TLON88,EMS,Respiratory emergency,18056,Berks County,ORTHAUS RD & JADE LN,1,18717164
TLONKJ,EMS,Respiratory emergency,19004,Lower Merion,CORNELL RD & CONSHOHOCKEN STATE RD,1,0fc61d98
TLOO0X,EMS,Abdominal pains,19002,Lower Gwynedd,PENLLYN PIKE & FOXFIELD RD,1,bdbdbe0c
TLOOUC,EMS,Respiratory emergency,19446,Lansdale,CLEAR SPRING RD & HIGHLAND RD,1,83a2c93a
TLOPMK,EMS,Abdominal pains,19465,Chester County,SAVANNA DR & DARE LN,1,8a6c384b
TLOQ1L,Fire,Fire alarm,19035,Lower Merion,WAVERLY RD & YOUNGS FORD RD,1,5e06105c
TLOQOA,EMS,Respiratory emergency,19401,Norristown,OAK ST & HIGH ALY,1,61ab174c
TLORSM,EMS,Diabetic emergency,19464,Pottstown,CHARLOTTE ST & NIGHTINGALE ST,1,93ee24a4
TLOSFX,EMS,Fall victim,19401,Norristown,WALNUT ST & E MAIN ST,1,d54c5abb
TLOTO9,Traffic,Road obstruction,19446,Towamencin,TROXEL RD & SAW MILL WAY,1,20ab52eb
TLOTPG,Fire,Carbon monoxide detector,19401,Norristown,JANEWAY DR & NORTH HILLS DR,1,f7c60e59
TLOU4K,EMS,Cardiac emergency,19473,Schwenksville,MAIN ST & SKIPPACK PIKE,1,64a2761d
TLOUFJ,Fire,Carbon monoxide detector,19003,Lower Merion,KENT RD & CHURCH RD,1,e45ce988
TLOV21,EMS,Overdose,19438,Towamencin,SUMNEYTOWN PIKE & TOWAMENCIN AVE,1,dd008cf6
TLOVD8,Fire,Fire alarm,19002,Lower Gwynedd,NORRISTOWN RD & TENNIS AVE,1,4345df93
TLOVG3,EMS,Head injury,19438,Lower Salford,MAIN ST & OLD SUMNEYTOWN PIKE,1,ac972422
TLOVHH,EMS,Subject in pain,19464,Pottstown,CHARLOTTE ST & E 3RD ST,1,fb8dd5ca
TLOVLG,Traffic,Disabled vehicle,19004,Lower Merion,BELMONT AVE & OLD BELMONT AVE,1,b6f6aa75
TLOVME,EMS,Fall victim,19403,Lower Providence,SHANNONDELL DR & SHANNONDELL BLVD,1,62cf1b0d
TLOXR3,EMS,Respiratory emergency,19406,Upper Merion,GODDARD BLVD & VALLEY GREEN LN,1,ad0e4c0c
TLOXWK,Traffic,Disabled vehicle,19525,Douglass,PHILADELPHIA AVE & CONGO RD,1,3cf6e581
TLOZ27,EMS,Fall victim,19462,Plymouth,CLOVER LN & WINDING WAY,1,b81a5921
TLOZ63,EMS,Respiratory emergency,19438,Lower Salford,COACHLIGHT CIR & FAIRWAY DR,1,43217a96
TLOZBP,Traffic,Road obstruction,19464,Upper Pottsgrove,W MOYER RD & RT100 SB,1,80e21100
TLP2AB,Traffic,Vehicle accident,19464,Pottstown,CHESTNUT ST & N YORK ST,1,f4dcfbbc
TLP2SU,EMS,Medical alert alarm,19151,Lower Merion,CITY AVE & HOLLINGSWORTH RD,1,a642635d
TLP32X,EMS,Fall victim,19040,Horsham,MAURICE LN & CATHERINE WAY,1,821a4cc9
TLP3KY,EMS,Allergic reaction,19401,Norristown,STANBRIDGE ST & W AIRY ST,1,2738f9c3
TLP494,EMS,Cardiac emergency,19462,Plymouth,GERMANTOWN PIKE & HALLOWELL RD,1,7e23318b
TLP512,EMS,Respiratory emergency,19401,Norristown,SELMA ST & W ELM ST,1,3f883bae
TLP5L8,EMS,Fall victim,19038,Springfield,STENTON AVE & E EVERGREEN AVE,1,2fcf83fe
TLP6BU,Traffic,Disabled vehicle,19454,Lower Gwynedd,N BETHLEHEM PIKE & W WELSH RD,1,52551d63
TLP78N,EMS,Hemorrhaging,19090,Upper Moreland,YORK RD & CENTER AVE,1,eb5fd60c
TLP790,Traffic,Disabled vehicle,19403,West Norriton,W MAIN ST & EGYPT RD,1,09720c95
TLP79A,EMS,Cardiac emergency,19401,East Norriton,NEW HOPE ST & SAW MILL CT,1,957e1df3
TLP7FZ,EMS,Subject in pain,19454,North Wales,PENNSYLVANIA AVE & WASHINGTON AVE,1,3b9cd05d
TLP7LE,EMS,Unresponsive subject,19002,Upper Dublin,ISAACS CT & S SPRING HILL DR,1,0c37d9e4
TLP7WK,Fire,Elevator emergency,19462,Plymouth,GERMANTOWN PIKE & ATRIUM WAY,1,238f261a
TLP89L,Traffic,Road obstruction,19428,Conshohocken,6TH AVE & WOOD ST,1,75034ed3
TLP8JJ,EMS,Abdominal pains,19001,Abington,RUSH RD & CUMBERLAND RD,1,ddec3607
TLP8KP,EMS,Assault victim,19403,West Norriton,MAIN ST & LAWN AVE,1,2b2e5c24
TLP8Z7,EMS,Back pains/injury,19040,Horsham,BRUMAR DR & LATCHSTRING LN,1,03fd0f0d
TLP916,EMS,Fall victim,19464,Pottstown,LINCOLN AVE & N FRANKLIN ST,1,98b14e63
TLP9L5,Traffic,Vehicle accident,18054,Green Lane,GRAVEL PIKE & MAIN ST,1,9d4b04b0
TLP9SX,EMS,Fracture,19046,Abington,CHURCH RD & SHELMIRE ST,1,c2adc33b
TLP9XR,EMS,Fall victim,18964,Franconia,SUMMIT ST & COLONIAL AVE,1,955bb653
TLPAE4,EMS,Syncopal episode,18969,Franconia,VALLEY DR & HARVEY LN,1,79011000
TLPASW,EMS,Abdominal pains,19464,Pottstown,CHARLOTTE ST & JEFFERSON AVE,1,a5fbc047
TLPBN2,EMS,Respiratory emergency,19464,Lower Pottsgrove,EVERGREEN RD & W LIGHTCAP RD,1,95707183
TLPBRQ,EMS,Nausea/vomiting,19464,Upper Pottsgrove,HEATHER PL & PRIMROSE LN,1,b4e69f14
TLPC40,EMS,Altered mental status,19426,Skippack,REGINALD LN & WINGATE DR,1,39ad6491
TLPCLH,EMS,Unknown medical emergency,19046,Abington,THE FAIRWAY  & RYDAL RD,1,21513068
TLPCT2,EMS,Back pains/injury,19006,Abington,HUNTINGDON PIKE & MOREDON RD,1,ae22441d
TLPCXA,EMS,Subject in pain,19440,Hatfield Township,MAPLE AVE & CHESTNUT ST,1,b2cce753
TLPD3C,Traffic,Vehicle accident,19440,Hatfield Township,ORVILLA RD & SCHWAB RD,1,f426037e
TLPDA5,EMS,Medical alert alarm,19403,Lower Providence,SHANNONDELL DR & SHANNONDELL BLVD,1,bfa4d795
TLPDL5,EMS,Unconscious subject,19464,Lower Pottsgrove,ARMAND HAMMER BLVD & SERVICE ROAD,1,73cc4c31
TLPDOP,Fire,Vehicle accident,19040,Hatboro,JACKSONVILLE RD,1,0905ee15
TLPDOP-1,Fire,Vehicle accident,19040,Hatboro,LINCOLN AVE & TERRACE AVE,1,45e3e139
TLPDOT,Traffic,Vehicle accident,18974,Hatboro,JACKSONVILLE RD & E COUNTY LINE RD,1,14843215
TLPDOT-1,Traffic,Vehicle accident,19040,Hatboro,LINCOLN AVE & TERRACE AVE,1,74793bab
TLPDR0,Fire,Building fire,19473,Schwenksville,MAIN ST & SCHWENK AVE,1,d3434d7c
TLPDWN,EMS,Vehicle accident,19040,Hatboro,JACKSONVILLE RD,1,0e18a663
TLPDWN-1,EMS,Vehicle accident,19040,Hatboro,LINCOLN AVE & TERRACE AVE,1,5a9f1007
TLPDXV,Traffic,Road obstruction,19444,Whitemarsh,RIDGE PIKE & SPRING MILL RD,1,91d671ce
TLPE57,EMS,Respiratory emergency,19401,East Norriton,OLD ARCH RD & BIRCHWOOD DR,1,d7144ce2
TLPE9K,EMS,Back pains/injury,19525,Douglass,DETAR RD & FOX HOLLOW DR,1,bb70db86
TLPEBY,Traffic,Road obstruction,19460,Lower Providence,CAMIEL LN & PAWLINGS RD,1,44991bc8
TLPELJ,Fire,Fire investigation,19090,Upper Moreland,EASTON RD & KNOCK N KNOLL CIR,1,dd7c2ab3
TLPF4E,EMS,Cardiac emergency,19403,West Norriton,BRANDON RD & S SCHUYLKILL AVE,1,6c09965d
TLPFHY,Traffic,Vehicle accident,19403,East Norriton,GERMANTOWN PIKE & FELTON RD,1,57a635df
TLPFJ9,EMS,Subject in pain,19004,Lower Merion,CONSHOHOCKEN STATE RD & ST ASAPHS RD,1,61d7cec3
TLPFND,EMS,Seizures,19401,Norristown,PEARL ST & W LAFAYETTE ST,1,8f123cef
TLPFO2,EMS,Head injury,18936,Montgomery,HORSHAM RD & STUMP RD,1,d4f4427e
TLPFOY,EMS,Nausea/vomiting,19040,Hatboro,CROOKED BILLET RD & LOLLER AVE,1,f7d9d15a
TLPFYJ,Fire,Building fire,19401,East Norriton,OLD ARCH RD & BIRCHWOOD DR,1,1361022f
TLPGE6,EMS,Unknown medical emergency,19438,Towamencin,FRANKLIN ST & SUMNEYTOWN PIKE,1,926bc15b
TLPGF8,EMS,Seizures,19406,Upper Merion,PULASKI DR & MALL BLVD,1,6874692c
TLPHEV,Traffic,Vehicle accident,19038,Springfield,CHELTENHAM AVE & WILLOW GROVE AVE,1,c8313e20
TLPHFC,Traffic,Road obstruction,19422,Whitemarsh,SKIPPACK PIKE & DORSAM WAY,1,529d30fa
TLPHML,EMS,Cardiac emergency,19462,Plymouth,GERMANTOWN PIKE & LAUNFALL RD,1,383debed
TLPHRT,EMS,Cardiac emergency,19468,Limerick,TOWNSHIP LINE RD & 10TH AVE,1,80b9003e
TLPHXO,Traffic,Vehicle accident,19462,Plymouth,CHEMICAL RD & GALLAGHER RD,1,f4e5878a
TLPI0E,Fire,Woods/field fire,19406,Upper Merion,ANDERSON RD,1,759a9aec
TLPI3D,EMS,Cardiac emergency,19072,Lower Merion,HAVERFORD AVE & SHIRLEY RD,1,7ff48819
TLPI65,EMS,Nausea/vomiting,19464,Pottstown,FRANKLIN ST & OAK ST,1,6a9d250b
TLPI67,Traffic,Vehicle accident,19012,Cheltenham,CENTRAL AVE & E LAUREL AVE,1,3a45b08b
TLPIGQ,EMS,Abdominal pains,19473,Skippack,BRIDGE RD & MENSCH RD,1,962c4ed5
TLPIMF,EMS,Assault victim,19038,Cheltenham,GLENSIDE AVE & CLAYTON RD,1,5412e23d
TLPIPM,EMS,Cardiac emergency,18964,Franconia,SUMMIT ST & COLONIAL AVE,1,c429b55c
TLPIUN,EMS,Dizziness,19462,Plymouth,IRWINS LN & PLYMOUTH RD,1,968c0f64
TLPIV6,Traffic,Vehicle accident,19401,Norristown,W MAIN ST & MARKLEY ST,1,e25c2906
TLPJ3X,Traffic,Disabled vehicle,19044,Horsham,HORSHAM RD & MAPLE AVE,1,1ececcae
TLPJJX,Traffic,Vehicle accident,19025,Horsham,WELSH RD & W PRUDENTIAL DR,1,414e0910
TLPJKJ,EMS,Fall victim,19090,Upper Moreland,PARK AVE & MORELAND RD,1,d063c298
TLPJLD,EMS,Vehicle accident,19025,Horsham,WELSH RD & W PRUDENTIAL DR,1,4195c65c
TLPJNY,Traffic,Vehicle accident,19446,Lansdale,WALNUT ST & W 7TH ST,1,10d46b8d
TLPJP8,EMS,Vehicle accident,19446,Lansdale,WALNUT ST,1,9b0ce788
TLPJY0,Fire,Fire alarm,19401,Norristown,ELM ST & ASTOR ST,1,78324df7
TLPKE6,EMS,Syncopal episode,19006,Abington,HUNTINGDON PIKE & MOREDON RD,1,eefabe59
TLPKKF,EMS,Hemorrhaging,19027,Cheltenham,PENROSE AVE & BEECH AVE,1,ce447063
TLPKM7,EMS,Altered mental status,19405,Bridgeport,3RD ST & MERION ST,1,30777e1a
TLPKMV,Fire,Road obstruction,19464,Lower Pottsgrove,WHITE PINE LN & RIDGEVIEW LN,1,21641e8b
TLPKNN,Traffic,Road obstruction,19464,Lower Pottsgrove,WHITE PINE LN & RIDGEVIEW LN,1,1bf3642f
TLPL4L,EMS,Fall victim,19006,Lower Moreland,WELSH RD & WALTON RD,1,20590b54
TLPL5P,Traffic,Disabled vehicle,19031,Whitemarsh,BETHLEHEM PIKE & CHURCH RD,1,350441cb
TLPL79,Traffic,Vehicle accident,19403,West Norriton,MAIN ST & BURNSIDE AVE,1,6030ad58
TLPLB8,EMS,Respiratory emergency,19401,Norristown,DEKALB ST & E BASIN ST,1,aa612f61
TLPLO1,EMS,Fall victim,19002,Lower Gwynedd,BETHLEHEM PIKE & MOORE DR,1,8c26d1e8
TLPMB9,Fire,Fire alarm,19446,Upper Gwynedd,SUMNEYTOWN PIKE & CHURCH RD,1,e8220dc3
TLPMLI,EMS,Altered mental status,19040,Horsham,MAURICE LN & CATHERINE WAY,1,1cbfd078
TLPMOV,EMS,Syncopal episode,19006,Abington,HUNTINGDON PIKE & MOREDON RD,1,577207d8
TLPMUM,EMS,Subject in pain,19426,Trappe,DEWEES PL & HERITAGE PARK BLVD,1,cfd376e3
TLPN17,EMS,Electrocution,19468,Upper Providence,LEWIS RD & CHEYENNE RD,1,a677d810
TLPN1C,Fire,Fire investigation,19468,Upper Providence,LEWIS RD & CHEYENNE RD,1,5369e9d2
TLPNDR,Traffic,Vehicle accident,19046,Abington,OLD YORK RD & HARTE RD,1,ee97c154
TLPNH2,Fire,Fire alarm,19031,Whitemarsh,CREEKSIDE DR & MORRIS CT,1,049a3139
TLPNJZ,EMS,Fever,19001,Abington,LINDBERGH AVE & PERSHING AVE,1,3bc77221
TLPNNU,Traffic,Disabled vehicle,19525,New Hanover,FAGLEYSVILLE RD & WAGNER RD,1,4a1ff50b
TLPNWE,EMS,Syncopal episode,19454,North Wales,5TH ST & E WALNUT ST,1,4643a440
TLPO2Z,Traffic,Disabled vehicle,19444,Whitemarsh,RIDGE PIKE & SPRING MILL RD,1,e5c863b5
TLPO6B,Fire,Elevator emergency,19428,Conshohocken,ELM ST & MAPLE ST,1,17ad79cf
TLPOAZ,Traffic,Vehicle accident,19090,Upper Moreland,EASTON RD & LAWNTON RD,1,0f6c5e53
TLPOMM,EMS,Respiratory emergency,19422,Whitpain,PENLLYN BLUE BELL PIKE & VILLAGE CIR,1,615263c2
TLPOR0,EMS,Respiratory emergency,19044,Horsham,AVENUE B  & HORSHAM RD,1,5497b533
TLPOUQ,Traffic,Vehicle accident,19001,Abington,OLD YORK RD & ROCKWELL RD,1,04e79d7e
TLPOVG,EMS,Fall victim,19006,Upper Moreland,HIGH POINT  & HUNTINGDON RD,1,89edb225
TLPOVS,Traffic,Road obstruction,19473,Limerick,GERLOFF RD & NEIFFER RD,1,6da0bb3d
TLPP1F,EMS,Respiratory emergency,19464,Pottstown,WARREN ST & GRACE ST,1,9b63de3e
TLPP7E,EMS,Unresponsive subject,18964,Franconia,WATERFORD LN & DEERFIELD DR,1,3c5998b2
TLPPCM,EMS,General weakness,19096,Lower Merion,REMINGTON RD & WARICK RD,1,62729eae
TLPPVM,Traffic,Vehicle accident,19066,Lower Merion,CITY AVE & LAPSLEY LN,1,568a74bc
TLPQ47,EMS,Syncopal episode,19426,Upper Providence,COLLEGEVILLE RD & ARCOLA RD,1,026855c9
TLPQBS,EMS,Abdominal pains,19406,Upper Merion,POWDERHORN RD & CONCORD CIR,1,ff6f8beb
TLPQKO,EMS,Fall victim,19096,Lower Merion,LANCASTER AVE & LANKENAU DR,1,531fa5ee
TLPQPA,EMS,Fracture,19438,Franconia,MAPLE AVE & MAGNOLIA CT,1,aceb09e1
TLPQUG,EMS,Cardiac emergency,19422,Plymouth,TOWNSHIP LINE RD & SENTRY PKWY W,1,f8450424
TLPQVP,Traffic,Vehicle accident,19072,Narberth,MONTGOMERY AVE & S WOODBINE AVE,1,40ea0cc6
TLPR1Q,EMS,Cardiac arrest,19468,Limerick,HOLLY DR & REDWOOD DR,1,4eb19642
TLPR5C,EMS,Respiratory emergency,19468,Upper Providence,CHEYENNE RD & WHITE CROW CIR,1,479e430f
TLPR7B,Fire,Cardiac arrest,19468,Limerick,HOLLY DR & REDWOOD DR,1,6030eb26
TLPRGZ,EMS,Respiratory emergency,19464,Pottstown,MAPLE ST & ST CLAIR ST,1,1b03ad18
TLPRKQ,EMS,Fall victim,19044,Horsham,WHITE BIRCH LN & TIMBER RD,1,e3d93639
TLPRLB,EMS,Diabetic emergency,19040,Hatboro,YORK RD & E MORELAND AVE,1,e5050f68
TLPRO9,Fire,Fire police needed,19406,Upper Merion,E CHURCH RD,1,c1fd61f9
TLPRWB,EMS,Fall victim,19438,Lower Salford,YODER RD & HARLEYSVILLE PIKE,1,c836a181
TLPRWV,Traffic,Road obstruction,19096,Lower Merion,HENLEY RD & ASHFORD WAY,1,31a791da
TLPS1K,Traffic,Vehicle accident,19428,Plymouth,RIDGE PIKE & ALAN WOOD RD,1,cd624db0
TLPSCG,EMS,Fall victim,19438,Franconia,MAPLEWOOD DR & CRESCENT CIR,1,e90ea4fd
TLPSGX,EMS,General weakness,19151,Lower Merion,CITY AVE & HOLLINGSWORTH RD,1,0c97ec92
TLPSHQ,EMS,Abdominal pains,19446,Lansdale,HIGHLAND AVE & WISSAHICKON AVE,1,ef9eb429
TLPSYJ,Fire,Fire investigation,19046,Jenkintown,GREENWOOD AVE & HIGHLAND AVE,1,a8bb208f
TLPTG4,Traffic,Vehicle accident,19446,Towamencin,OAK PARK RD & WELSH RD,1,4479c85c
TLPTOO,EMS,Subject in pain,19401,Norristown,OAK ST & BUTTONWOOD ST,1,0384c76f
TLPTSP,EMS,Head injury,19454,Montgomery,WELSH RD & NORTH WALES RD,1,efd383dc
TLPTTW,Traffic,Disabled vehicle,19010,Lower Merion,W LANCASTER AVE & ARDMORE AVE,1,a086b176
TLPU3C,EMS,Vehicle accident,19440,Towamencin,OAK PARK RD,1,8eaa93c2
TLPU3V,EMS,Hemorrhaging,19438,Lower Salford,MOCCASIN DR & BOB BEA LN,1,8bf7777b
TLPU6Z,EMS,Altered mental status,19405,Bridgeport,3RD ST & MERION ST,1,3c2ed70b
TLPU9O,Traffic,Vehicle accident,19444,Whitemarsh,GERMANTOWN PIKE & JOSHUA RD,1,224f698e
TLPUAG,Fire,Building fire,19072,Lower Merion,FLAT ROCK RD & SPRAGUE RD,1,f1da29ae
TLPUCP,EMS,Fall victim,19446,Hatfield Township,BROAD ST & HATFIELD ST,1,481e936d
TLPUH1,Fire,Fire alarm,19446,Montgomery,BETHLEHEM PIKE & TAYLOR RD,1,9c21e69d
TLPV3B,Traffic,Hazardous road conditions,19040,Upper Moreland,HORSHAM RD & MOREBORO RD,1,4942dc80
TLPVA9,EMS,Respiratory emergency,19464,Lower Pottsgrove,DUCKWORTH DR & SHIRE DR,1,0800061a
TLPVAZ,Fire,Fire alarm,19027,Cheltenham,OAK AVE & CHELTENHAM AVE,1,6ee68326
TLPVE2,EMS,Vehicle accident,19438,Towamencin,INDEPENDENCE DR & LIBERTY BELL DR,1,1614924b
TLPVF2,Traffic,Vehicle accident,19438,Towamencin,INDEPENDENCE DR & LIBERTY BELL DR,1,bfc8ac7a
TLPVPQ,Traffic,Vehicle accident,19046,Abington,HUNTINGDON RD & SUSQUEHANNA RD,1,a5cef194
TLPVTV,EMS,Fracture,19468,Limerick,RIDGE PIKE & MAIN DR,1,64ffce79
TLPVY6,Traffic,Vehicle accident,19440,Hatfield Township,BERGEY RD & BETHLEHEM PIKE,1,3d3136c2
TLPW78,EMS,Respiratory emergency,19464,Pottstown,CHARLOTTE ST & NIGHTINGALE ST,1,bd797e7a
TLPW7W,Traffic,Vehicle accident,18969,Franconia,HARLEYSVILLE PIKE & MOYER RD,1,1432e221
TLPW8B,Fire,Fire special service,19468,Limerick,RIDGE PIKE & MAIN DR,1,d335184f
TLPWBR,EMS,Fracture,19090,Upper Moreland,EASTON RD & KNOCK N KNOLL CIR,1,e15a9442
TLPWG3,Traffic,Vehicle accident,19406,Upper Merion,HENDERSON RD & SAULIN BLVD,1,2801df9c
TLPWKL,EMS,Medical alert alarm,19403,Lower Providence,SHANNONDELL DR & SHANNONDELL BLVD,1,127813df
TLPWOP,EMS,Assault victim,19001,Abington,OLD YORK RD,1,2caae9b7
TLPWVU,EMS,Diabetic emergency,19401,Norristown,POWELL ST & E WOOD ST,1,1f13cf50
TLPWWM,Traffic,Vehicle accident,19406,Upper Merion,DEKALB PIKE & ALLENDALE RD,1,42a154d5
TLPWXG,Traffic,Vehicle accident,19403,West Norriton,W MAIN ST & N WHITEHALL RD,1,44e3af69
TLPXCE,EMS,Cardiac emergency,19403,West Norriton,MAIN ST & LAWN AVE,1,4bd60261
TLPXFH,Traffic,Vehicle accident,19403,Lower Providence,RIDGE PIKE & N TROOPER RD,1,75f55e55
TLPXG7,EMS,Fall victim,19038,Springfield,PAPER MILL RD & SKYLINE DR,1,b9d3f49b
TLPXGZ,EMS,Seizures,19406,Upper Merion,GULPH RD & KIRK AVE,1,b8fbae42
TLPXPA,EMS,Fall victim,19428,Plymouth,PALMER RD & WOODSIDE RD,1,791ee6c0
TLPXS4,Fire,Woods/field fire,19468,Upper Providence,RIDGE PIKE & KLINE RD,1,f2b94ddf
TLPXV4,Fire,Trash/dumpster fire,19464,Pottstown,HAWTHORNE AVE & S HILLS BLVD,1,74594580
TLPXWE,Fire,Fire alarm,19428,Conshohocken,ELM ST & JONES ST,1,9c77123c
TLPXZ6,Traffic,Disabled vehicle,19438,Towamencin,SUMNEYTOWN PIKE & TOWAMENCIN AVE,1,da4ba8fb
TLPYRB,EMS,Fall victim,19403,Lower Providence,EAGLEVILLE RD & SUNDERLAND DR,1,0da37ce9
TLPYS6,Traffic,Vehicle accident,19004,Lower Merion,W CITY AVE & MAPLE AVE,1,4bae23ff
TLPYSZ,Fire,Fire special service,19460,Upper Providence,AMANDA LN & SCARLET OAK DR,1,623d2157
TLPZI6,EMS,Medical alert alarm,19096,Lower Merion,ROLLING RD & SEVERN LN,1,3b58f146
TLPZN7,EMS,General weakness,19406,Upper Merion,HANSEN ACCESS RD & S HENDERSON RD,1,2ce05757
TLPZRL,Traffic,Vehicle accident,18964,Souderton,E BROAD ST & N 2ND ST,1,533fa984
TLPZYJ,Fire,Fire alarm,19438,Lower Salford,STORE RD & ST CLAIRE LN,1,60988f12
TLQ05N,Traffic,Vehicle accident,19438,Lower Salford,MAIN ST & CLEMENS RD,1,d5b57a95
TLQ0NO,EMS,Subject in pain,19006,Lower Moreland,WELSH RD & WALTON RD,1,8c301fec
TLQ0RB,EMS,Fall victim,19401,Norristown,SELMA ST & W ELM ST,1,9afd0fa0
TLQ0TI,Traffic,Disabled vehicle,19464,Upper Pottsgrove,RT100 NB & N STATE ST,1,f350eae3
TLQ0UQ,Traffic,Vehicle accident,19003,Lower Merion,CHURCH RD & SIBLEY AVE,1,6a23d882
TLQ10E,Traffic,Vehicle accident,19446,Lansdale,N LINE ST & E MAIN ST,1,fef8d6ea
TLQ110,Fire,Gas-odor/leak,19004,Lower Merion,UNION AVE & BALA AVE,1,f5d7714c
TLQ130,EMS,Cardiac emergency,19040,Hatboro,MORELAND AVE & S PENN ST,1,f299afeb
TLQ1DD,EMS,Respiratory emergency,19512,Douglass,MONTGOMERY AVE & E 5TH ST,1,42d929a3
TLQ1GN,EMS,Overdose,19464,Lower Pottsgrove,HIGH ST & ALLISON DR,1,cb2268d8
TLQ1HV,EMS,Subject in pain,18074,Lower Frederick,COLONIAL DR & MEADOW LN,1,2669ee7d
TLQ1JE,EMS,Cardiac emergency,19038,Abington,JACKSON AVE & WOODROW AVE,1,6b7bd6b5
TLQ1WH,Traffic,Vehicle accident,18964,Franconia,SCHOOLHOUSE RD & FORMAN RD,1,26362077
TLQ23B,Traffic,Disabled vehicle,19440,Hatfield Township,BETHLEHEM PIKE & TREWIGTOWN RD,1,c631ca28
TLQ23Y,EMS,General weakness,19406,Upper Merion,VALLEY FORGE RD & KEEBLER RD,1,81ea01fe
TLQ2CD,EMS,Back pains/injury,19046,Abington,UPLAND AVE & CENTER AVE,1,25d9249f
TLQ2FT,Traffic,Vehicle accident,19041,Lower Merion,WOODSIDE RD & W MONTGOMERY AVE,1,1cae48bb
TLQ2NM,Traffic,Road obstruction,19473,Limerick,GERLOFF RD & NEIFFER RD,1,bf47f4c3
TLQ2NM-1,Traffic,Road obstruction,19473,Limerick,GERLOFF RD & DIESINGER DR,1,a5202d82
TLQ2R5,EMS,Fall victim,19492,Upper Frederick,BIG RD & FREDERICK DR,1,8ea40691
TLQ2WL,Traffic,Vehicle accident,19401,Norristown,CHERRY ST & W ELM ST,1,7ad71e2f
TLQ37T,EMS,Respiratory emergency,19462,Plymouth,WOODBROOK LN & VIRGINIA RD,1,fe690440
TLQ3HL,Traffic,Vehicle accident,19095,Cheltenham,CHELTENHAM AVE & WASHINGTON LN,1,3f31fcf7
TLQ3V8,EMS,Head injury,19128,Springfield,RIDGE PIKE & NORTHWESTERN AVE,1,9ecdc18a
TLQ40R,EMS,Fall victim,19426,Skippack,BUTTERCUP CIR & CRESTVIEW BLVD,1,8815858b
TLQ42A,Fire,Appliance fire,19095,Abington,WASHINGTON LN & TOWNSHIP LINE RD,1,3c4c84fa
TLQ44H,Traffic,Vehicle accident,19038,Abington,JENKINTOWN RD & TYSON AVE,1,88dbae07
TLQ47Z,EMS,Unknown medical emergency,19002,Ambler,N MAIN ST,1,52dcb66e
TLQ4G5,EMS,General weakness,19401,Norristown,MAIN ST & CHERRY ST,1,a0393173
TLQ4KY,Traffic,Disabled vehicle,19473,Perkiomen,HALDEMAN RD & SKIPPACK PIKE,1,6765d572
TLQ4MF,Traffic,Disabled vehicle,19473,Perkiomen,HALDEMAN RD & SKIPPACK PIKE,1,7fb34c75
TLQ4PH,Traffic,Vehicle accident,19006,Lower Moreland,PHILMONT AVE & ANNE ST,1,0e025475
TLQ4YY,Traffic,Vehicle accident,19131,Lower Merion,CITY AVE & CONSHOHOCKEN AVE,1,e9acb5c7
TLQ56R,EMS,Unknown medical emergency,19401,Norristown,E MARSHALL ST,1,5e4a3888
TLQ5JS,EMS,Unconscious subject,19446,Towamencin,ANDERS RD & MEADOW GLEN DR,1,d559bd1b
TLQ5MH,EMS,Cardiac emergency,19096,Lower Merion,TOMKENN RD & DRAYTON LN,1,acf60931
TLQ63D,Fire,Fire investigation,19428,West Conshohocken,FORD ST & POWERS AVE,1,66d501b6
TLQ63Q,Traffic,Vehicle accident,19525,Limerick,SWAMP PIKE & N LEWIS RD,1,3a7e0760
TLQ6C0,EMS,Seizures,19426,Skippack,COLLEGEVILLE RD & CREAMERY RD,1,c577c0d0
TLQ73D,EMS,Unknown medical emergency,19401,Norristown,ARCH ST & E MARSHALL ST,1,0c9dec97
TLQ792,Traffic,Road obstruction,18041,East Greenville,STATE ST & 3RD ST,1,abaa5530
TLQ7AI,EMS,Unknown medical emergency,19462,Plymouth,GERMANTOWN PIKE & LAUNFALL RD,1,122c030e
TLQ7D3,Traffic,Road obstruction,18041,East Greenville,STATE ST & 3RD ST,1,9434bf77
TLQ7TO,EMS,Altered mental status,19031,Springfield,WISSAHICKON AVE & ROSE LN,1,05dc6658
TLQ7WG,Traffic,Vehicle accident,19464,Lower Pottsgrove,HIGH ST & ALLISON DR,1,416c911d
TLQ84V,Fire,Fire alarm,19446,Lansdale,HANCOCK ST & S LINE ST,1,e8491137
TLQ8MK,EMS,Unresponsive subject,19426,Trappe,1ST AVE & URSINUS AVE,1,5c31ad7b
TLQ8OU,EMS,Medical alert alarm,19096,Lower Merion,WYNNEWOOD RD & W OLD WYNNEWOOD RD,1,286e95b5
TLQ8VM,EMS,Head injury,19460,Upper Providence,BLACK ROCK RD & S COLLEGEVILLE RD,1,0065b69b
TLQ8YW,EMS,Abdominal pains,19446,Lansdale,2ND ST & N CANNON AVE,1,07d3ae67
TLQ8ZN,Traffic,Disabled vehicle,19462,Plymouth,RIDGE PIKE & CONSHOHOCKEN RD,1,ac55b342
TLQ97V,EMS,Fall victim,19044,Horsham,WHITE BIRCH LN & TIMBER RD,1,e5ea5bed
TLQ99M,Traffic,Vehicle accident,19003,Lower Merion,COULTER AVE & ST JAMES PL,1,739c8704
TLQ9GI,Fire,Building fire,19464,Pottstown,E 2ND ST,1,f8962860
TLQ9GI-1,Fire,Building fire,19464,Pottstown,JOHNSON ST & BEECH ST,1,d3f17718
TLQ9PQ,Traffic,Disabled vehicle,19403,Worcester,VALLEY FORGE RD & TOWNSHIP LINE RD,1,5c56e8c8
TLQ9QQ,Traffic,Vehicle accident,19454,Montgomery,NORTH WALES RD & HARBOB LN,1,c2938df8
TLQ9VW,EMS,Head injury,19038,Abington,HIGHLAND AVE & CANTERBURY RD,1,40c7fabf
TLQ9X2,Fire,Gas-odor/leak,19046,Jenkintown,WEST AVE & GREENWOOD AVE,1,31f10687
TLQA1L,EMS,Allergic reaction,19428,Conshohocken,FAYETTE ST & W 7TH AVE,1,c5915dcb
TLQA51,Traffic,Disabled vehicle,19038,Springfield,CHELTENHAM AVE & PATTON RD,1,ed76ec2b
TLQABK,EMS,Subject in pain,19401,Norristown,PEARL ST & W LAFAYETTE ST,1,a3efe426
TLQACM,EMS,Cardiac emergency,19473,Perkiomen,SADDLE CT & MARTINGALE RD,1,c3ff43a8
TLQADZ,Fire,Fire investigation,19454,Montgomery,KNAPP RD & WITCHWOOD DR,1,6b36bd04
TLQAP9,EMS,Unknown medical emergency,19403,Lower Providence,RIDGE PIKE & EAGLEVILLE RD,1,31b51abb
TLQB46,Fire,Fire alarm,19001,Abington,SUSQUEHANNA RD & JERICHO RD,1,6bed88f4
TLQB5P,Fire,Carbon monoxide detector,19525,New Hanover,ST VICTORIA DR & SANTA MARIA DR,1,a02534cb
TLQB9L,EMS,Unknown medical emergency,19464,Pottstown,GRANDVIEW RD & BEECH ST,1,e92794f3
TLQB9L-1,Traffic,Vehicle accident,19027,Cheltenham,TOWANDA AVE & WOODLAWN AVE,1,9b740226
TLQBCD,Fire,Electrical fire outside,19405,Bridgeport,BUSH ST & CHERRY ALY,1,49b106c9
TLQBHM,EMS,Head injury,19038,Springfield,PAPER MILL RD & SKYLINE DR,1,983cd32b
TLQBII,EMS,Respiratory emergency,19405,Bridgeport,BUSH ST & CHERRY ALY,1,9e41d010
TLQC0N,Traffic,Disabled vehicle,19435,New Hanover,LAYFIELD RD & COLFLESH RD,1,457941d6
TLQC9C,Traffic,Vehicle accident,19464,Pottstown,ST JOHN ST & N CHARLOTTE ST,1,c17bf131
TLQCHF,EMS,Cardiac emergency,19426,Collegeville,MAIN ST & E 3RD AVE,1,9ddbe5cd
TLQDDC,EMS,Nausea/vomiting,19006,Abington,SHERMAN AVE & MANKIN AVE,1,6e54684e
TLQDE5,EMS,Back pains/injury,19090,Abington,MORELAND RD & ALLISON RD,1,6c57da90
TLQDGK,EMS,Respiratory emergency,19403,Lower Providence,SHANNONDELL DR & SHANNONDELL BLVD,1,3d35eb43
TLQDQ0,Traffic,Vehicle accident,19446,Hatfield Township,BROAD ST & COWPATH RD,1,4fd1d7c0
TLQDVN,Traffic,Road obstruction,19027,Cheltenham,OLD YORK RD & MEETINGHOUSE RD,1,bff3d339
TLQE0M,EMS,Abdominal pains,19464,Pottstown,OAK ST & LOCUST ALY,1,82cf1b4c
TLQEZ6,EMS,Medical alert alarm,19401,Norristown,MAIN ST & SELMA ST,1,667ed18a
TLQF64,EMS,Fall victim,19027,Abington,GLEN LN & VALLEY GLEN RD,1,f426e5a3
TLQGCZ,EMS,Altered mental status,19401,East Norriton,DEKALB PIKE & COLONIAL DR,1,2dd1131a
TLQGND,EMS,Head injury,19454,Horsham,HORSHAM RD & GREEN TREE TAVERN RD,1,b6b48695
TLQGRM,EMS,Hemorrhaging,19428,Conshohocken,3RD AVE & FAYETTE ST,1,38e34b13
TLQH3Z,EMS,Medical alert alarm,19401,Norristown,HAWS AVE & W OAK ST,1,acde9f4d
TLQH97,Fire,Fire alarm,19464,Lower Pottsgrove,HIGH ST & S SUNNYBROOK RD,1,6e5e460c
TLQHOF,Traffic,Disabled vehicle,19454,Montgomery,KNAPP RD & WITCHWOOD DR,1,a607099d
TLQIYB,EMS,Overdose,18969,Bucks County,CENTRAL AVE & S MAIN ST,1,1dab9921
TLQJ4Q,EMS,Fall victim,19460,Upper Providence,PERKIOMEN AVE & HIGHLAND AVE,1,1fbe97b7
TLQJHF,EMS,Respiratory emergency,19090,Upper Moreland,COMMERCE AVE & MARYLAND RD,1,b4933632
TLQJIB,EMS,Head injury,19444,Whitemarsh,FOX HOUND DR & MARBLE HL,1,72a41d59
TLQK70,EMS,Diabetic emergency,19464,West Pottsgrove,MANATAWNY ST & GROSSTOWN RD,1,a82abcdb
TLQK9F,EMS,Allergic reaction,19046,Abington,MOLLY CT & RHOADS AVE,1,5b71e151
TLQKBK,EMS,Unconscious subject,19464,Pottstown,KING ST & MANATAWNY ST,1,c33b9f95
TLQKCK,Traffic,Disabled vehicle,19428,Conshohocken,8TH AVE & JONES ST,1,98f47701
TLQKCT,EMS,Hemorrhaging,19038,Springfield,STENTON AVE & NEWTON ST,1,60921ea1
TLQLL3,Fire,Fire alarm,19090,Upper Moreland,CARLSON DR & MARGO LN,1,7d98d2c3
TLQLNO,EMS,Cardiac emergency,19426,Skippack,EVANSBURG RD & TOWNSHIP LINE RD,1,ca4a6f89
TLQMO2,EMS,Head injury,19426,Skippack,SWEETBRIAR DR & CRESTVIEW BLVD,1,3c3e8e6b
TLQMPC,Traffic,Disabled vehicle,19035,Lower Merion,CONSHOHOCKEN STATE RD & SCOTT RD,1,2a0fb4c7
TLQMTG,EMS,Cardiac emergency,19462,Plymouth,BELVOIR RD & VALLEY RD,1,d5d78b04
TLQNWF,EMS,CVA/stroke,19468,Limerick,EILEEN LN & ANNETTE DR,1,4e7b6caf
TLQO8P,EMS,Respiratory emergency,19090,Upper Moreland,MARYLAND RD & COMMERCE AVE,1,f2466c65
TLQPB7,EMS,Subject in pain,19403,Lower Providence,SHANNONDELL DR & SHANNONDELL BLVD,1,abbaee7b
TLQPN6,Fire,Fire investigation,19031,Springfield,GROVE AVE & SCHNELL AVE,1,b734f060
TLQQ3B,EMS,Abdominal pains,19454,Montgomery,WARWICK WAY & CASTLE DR,1,59c921fb
TLQQ6X,EMS,Syncopal episode,19468,Limerick,LIMERICK RD & SPRINGFORD RD,1,3305774b
TLQQBK,EMS,Respiratory emergency,19462,Plymouth,PLYMOUTH RD & RITTENHOUSE SQ,1,a5b404a9
TLQRGR,Fire,Carbon monoxide detector,19403,Worcester,BRISTOL CT & BERWICK PL,1,d6d59016
TLQRH1,EMS,Carbon monoxide detector,19403,Worcester,BRISTOL CT & BERWICK PL,1,1ba7c4e5
TLQTQO,EMS,Respiratory emergency,19440,Hatfield Township,WALNUT ST & GARDEN RD,1,5c7d3f84
TLQVA8,EMS,Cardiac arrest,19406,Upper Merion,AMERICAN AVE & 1ST AVE,1,cd0382d9
TLQVGL,Fire,Fire special service,19406,Upper Merion,AMERICAN AVE & 1ST AVE,1,d5b629ba
TLQVWY,EMS,Unknown medical emergency,19034,Upper Dublin,BETHLEHEM PIKE & WASHINGTON LN,1,72f21dbf
TLQW3T,Fire,Fire alarm,19464,Pottstown,KING ST & PENN ST,1,f3b975cc
TLQWGX,Fire,Fire special service,19034,Upper Dublin,BETHLEHEM PIKE & WASHINGTON LN,1,9f274ce7
TLQXBJ,Fire,Fire alarm,19464,Pottstown,KING ST & PENN ST,1,86948ab1
TLQYNT,EMS,Dizziness,18964,Souderton,CHESTNUT ST & N 4TH ST,1,4d03104b
TLQZOA,Fire,Fire special service,19464,Pottstown,HANOVER ST & WALNUT ST,1,63f50416
TLQZPH,Fire,Fire alarm,19428,Whitemarsh,HECTOR ST & LEE ST,1,6c0247f9
TLQZYQ,EMS,Fall victim,19464,Pottstown,HANOVER ST & WALNUT ST,1,e4411765
TLR04J,Traffic,Vehicle accident,19462,Plymouth,IRWINS LN & PLYMOUTH RD,1,e6e277b1
TLR13K,Fire,Building fire,19034,Whitemarsh,WILLIAMS RD & SHEAFF LN,1,310cd15d
TLR14Z,EMS,Cardiac emergency,19046,Abington,THE FAIRWAY  & RYDAL RD,1,72e4e30b
TLR15S,EMS,Cardiac emergency,19038,Springfield,HULL DR & CLARK RD,1,cc55d03a
TLR1EW,EMS,Altered mental status,19401,East Norriton,GERMANTOWN PIKE & HANNAH AVE,1,389150a6
TLR1OR,EMS,Head injury,19002,Ambler,BETHLEHEM PIKE & TENNIS AVE,1,362ed921
TLR29H,Traffic,Disabled vehicle,19464,Lower Pottsgrove,BUCHERT RD & N PLEASANT VIEW RD,1,017107f3
TLR2WN,Traffic,Disabled vehicle,19006,Lower Moreland,COUNTY LINE RD & BUCK RD,1,b7244b89
TLR3K9,EMS,Back pains/injury,19095,Cheltenham,WASHINGTON LN & TOWNSHIP LINE RD,1,954e07b5
TLR3NW,Traffic,Road obstruction,19072,Lower Merion,CONSHOHOCKEN STATE RD & N WOODBINE AVE,1,f04eae8d
TLR4FH,EMS,Respiratory emergency,19401,Norristown,ARCH ST & E FREEDLEY ST,1,ba136517
TLR4KI,Traffic,Vehicle accident,19006,Lower Moreland,BYBERRY RD & BILLGER DR,1,0344e09b
TLR4LQ,Fire,Fire alarm,19464,Upper Pottsgrove,HANOVER ST & MERVINE ST,1,2d4842c4
TLR4WK,EMS,Hemorrhaging,19446,Lansdale,MAIN ST & RIDGE ST,1,7f8d5937
TLR59D,EMS,Abdominal pains,19525,New Hanover,GARRETT LN & MIDDLE CREEK RD,1,c059387c
TLR5A1,EMS,Seizures,19464,Pottstown,FRANKLIN ST & HIGH ST,1,f446c4e8
TLR5CD,Traffic,Vehicle accident,19040,Upper Moreland,SHORT LN & BYBERRY RD,1,0a3c431e
TLR5KF,EMS,Seizures,19403,East Norriton,GERMANTOWN PIKE & BRIDLE PATH RD,1,1b9c956f
TLR5KH,Traffic,Vehicle accident,19006,Lower Moreland,COUNTY LINE RD & BUCK RD,1,5cd94d5f
TLR5KH-1,Traffic,Vehicle accident,19006,Lower Moreland,COUNTY LINE RD & BOBWHITE LN,1,ae8c5f36
TLR5NE,EMS,Fall victim,19440,Hatfield Boro,VINE ST & S FARVIEW AVE,1,eac70521
TLR5WX,Fire,Fire special service,19464,Pottstown,FRANKLIN ST & HIGH ST,1,d9c4c611
TLR6DA,EMS,Fever,19454,Montgomery,HILLSIDE CT & NESHAMINY FALLS CIR,1,97339011
TLR6DI,Traffic,Disabled vehicle,19428,Plymouth,RIDGE PIKE & INDUSTRIAL WAY,1,d59f8d4f
TLR6H7,Fire,Woods/field fire,19440,Hatfield Township,SCHWAB RD & ANDOVER RD,1,f9a140e4
TLR6QH,Fire,Fire alarm,19010,Lower Merion,THORNBROOK AVE & GREENBANK RD,1,bc6b0775
TLR6VM,Fire,Building fire,19454,Montgomery,RUTLEDGE CT & INDEPENDENCE DR,1,9ebc8f3a
TLR6YN,EMS,Building fire,19454,Montgomery,RUTLEDGE CT & INDEPENDENCE DR,1,db40a1e7
TLR78D,Fire,Fire investigation,19090,Upper Moreland,ANDREA DR & RUSSELL RD,1,af04ebff
TLR7IY,Traffic,Vehicle accident,19004,Lower Merion,CYNWYD RD & UNION AVE,1,6a433f0a
TLR7OL,EMS,Allergic reaction,19046,Jenkintown,HIGHLAND AVE,1,ab9d1a6c
TLR7QY,EMS,Nausea/vomiting,19428,Conshohocken,MAPLE ST & W 8TH AVE,1,44a053c1
TLR7RP,EMS,Back pains/injury,19405,Bridgeport,GREEN ST & W 6TH ST,1,af168769
TLR88Y,Traffic,Vehicle accident,19401,Norristown,DEKALB ST & E MAIN ST,1,cc7e579a
TLR8CL,EMS,Fever,19446,Lansdale,MAIN ST & S TOWAMENCIN AVE,1,67a66c7a
TLR8HV,Fire,Fire alarm,19422,Whitpain,DEAVER DR & TOPTON PL,1,3d07b128
TLR8TG,EMS,Vehicle accident,19046,Cheltenham,COTTMAN AVE & W LAUREL AVE,1,0a0e82c9
TLR8TH,Traffic,Vehicle accident,19012,Cheltenham,COTTMAN AVE & W LAUREL AVE,1,3d45ff37
TLR97W,Fire,Fire alarm,19426,Upper Providence,PLAZA DR & BROAD ST,1,b0061a6d
TLR9C3,EMS,Fall victim,19401,East Norriton,JEFFERSON CROSSING BLVD & SENTRY CT,1,b9d2c402
TLR9EJ,Traffic,Vehicle accident,19403,Worcester,GERMANTOWN PIKE & N PARK AVE,1,0405691d
TLR9P3,Traffic,Vehicle accident,19004,Lower Merion,W CITY AVE & BRYN MAWR AVE,1,23923132
TLR9PJ,Fire,Fire investigation,19010,Delaware County,SUMMIT DR & PARK AVE,1,c787e272
TLR9PJ-1,Traffic,Vehicle accident,19027,Cheltenham,CHELTENHAM AVE & EUSTON RD,1,905b43ee
TLR9QW,EMS,Respiratory emergency,19426,Collegeville,MAIN ST & E 9TH AVE,1,548a1575
TLR9U0,Traffic,Vehicle accident,19027,Cheltenham,BEECH AVE & OLD YORK RD,1,fbeaeaf3
TLR9UV,EMS,Vehicle accident,19027,Cheltenham,BEECH AVE,1,e5d0fbae
TLRA1G,Traffic,Vehicle accident,19027,Cheltenham,CHELTENHAM AVE & EUSTON RD,1,5a23c5d5
TLRA6H,Fire,Fire alarm,19034,Whitemarsh,BETHLEHEM PIKE & MATHERS LN,1,1319b2bd
TLRAA7,EMS,Fall victim,19027,Cheltenham,ASHBOURNE RD & PARK AVE,1,c101c54a
TLRABU,Traffic,Vehicle accident,19075,Springfield,CAMP HILL RD & WALNUT AVE,1,d710aa71
TLRAHM,Traffic,Vehicle accident,19075,Springfield,CAMP HILL RD & WALNUT AVE,1,6e7935e9
TLRAIW,Traffic,Vehicle accident,19006,Lower Moreland,HUNTINGDON PIKE & PHILMONT AVE,1,df201444
TLRAIW-1,Traffic,Vehicle accident,19006,Lower Moreland,HUNTINGDON PIKE & CHESTNUT ST,1,e16d3e4e
TLRAJU,EMS,Cardiac emergency,19010,Lower Merion,BRYN MAWR AVE & OLD LANCASTER RD,1,9c7e6fc6
TLRB70,EMS,Medical alert alarm,19454,Montgomery,RAMBLEWOOD LN & WILLOW LN,1,0b9cbb5a
TLRBFY,EMS,Altered mental status,19046,Abington,THE FAIRWAY  & RYDAL RD,1,558ea11d
TLRBPP,Traffic,Vehicle accident,19002,Horsham,HORSHAM RD & DAVIS GROVE RD,1,2d6e865f
TLRBW7,EMS,Respiratory emergency,19002,Lower Gwynedd,RT309 EXPY & RAMP RT309 SB TO NORRISTOWN RD,1,59dcc792
TLRCOG,EMS,Assault victim,19406,Upper Merion,DEKALB PIKE & KING OF PRUSSIA RD,1,cb6c010f
TLRCQW,Traffic,Road obstruction,19096,Lower Merion,TRENT RD & SURREY LN,1,1f46315a
TLRCS7,EMS,General weakness,19464,Lower Pottsgrove,BAHR RD & BROOKE RD,1,d88645a9
TLRCT2,EMS,Syncopal episode,19464,Pottstown,CHESTNUT ST & MANATAWNY ST,1,c3c9e750
TLRD2U,Fire,Fire alarm,19001,Abington,OLD YORK RD & SUSQUEHANNA RD,1,a4d32ab8
TLRDDI,EMS,Fall victim,19438,Lower Salford,MAIN ST & OLD SUMNEYTOWN PIKE,1,d5cf3dd9
TLRDEC,EMS,Medical alert alarm,19003,Lower Merion,LANCASTER AVE & CHATHAM RD,1,56464d2e
TLRDKG,EMS,Nausea/vomiting,19038,Cheltenham,EASTON RD & SPRINGHOUSE LN,1,e088e842
TLRDP8,Traffic,Vehicle accident,18041,East Greenville,MAIN ST & CHURCH ST,1,9231883b
TLRDVL,Traffic,Road obstruction,18041,East Greenville,STATE ST & 3RD ST,1,cc79d62d
TLRDYR,Traffic,Vehicle accident,18073,Marlborough,UPPER RIDGE RD & HIFFLETRAYER RD,1,d6a7e992
TLRE12,Traffic,Road obstruction,19040,Abington,BUXMONT,1,8356c0f6
TLREHQ,Fire,Fire alarm,19001,Abington,OLD YORK RD & SUSQUEHANNA RD,1,9eb290ff
TLREKG,EMS,Unconscious subject,19440,Hatfield Township,LINE LEXINGTON RD & TREWIGTOWN RD,1,fbb60007
TLRENW,Traffic,Vehicle accident,19096,Lower Merion,INDIAN CREEK RD & LANCASTER AVE,1,36dd1afe
TLREU1,Traffic,Vehicle accident,19034,Upper Dublin,OFFICE CENTER DR & VIRGINIA DR,1,242c0f7c
TLRF7Z,EMS,Subject in pain,19041,Lower Merion,MONTGOMERY AVE & GRAYS LN,1,8d444385
TLRF8T,EMS,Fall victim,19403,Lower Providence,PHEASANT RUN RD & SUNNYSIDE AVE,1,6faf9d00
TLRFCT,EMS,Abdominal pains,18969,Franconia,TELFORD PIKE & LINE DR,1,32ea2c9c
TLRFMD,EMS,Altered mental status,19041,Lower Merion,WALDRON PARK DR & MULBERRY LN,1,f86be4fe
TLRFN7,EMS,General weakness,19464,Pottstown,WALNUT ST & GREEN ST,1,af9e548a
TLRFO3,EMS,Cardiac emergency,19040,Hatboro,JACKSONVILLE RD & TANNER AVE,1,6c9bfd5e
TLRFZX,EMS,Cardiac emergency,19002,Horsham,BUTLER PIKE & NESBITT RD,1,bc87c87f
TLRG0Q,EMS,Subject in pain,19090,Upper Moreland,MANOR HOUSE LN & GREENHILL RD,1,0d3aecdf
TLRG1O,EMS,Fall victim,19025,Upper Dublin,KIRKS LN,1,d41d49b1
TLRG81,Fire,Carbon monoxide detector,19406,Upper Merion,B ST & VIKING RD,1,9e6949b5
TLRGHH,EMS,Cardiac arrest,19001,Abington,WOODLAND RD & ST CHARLES PL,1,f1167eca
TLRGXN,EMS,Medical alert alarm,19403,Lower Providence,SHANNONDELL DR & SHANNONDELL BLVD,1,1621031b
TLRH22,Traffic,Vehicle accident,19468,Limerick,N LIMERICK RD & W RIDGE PIKE,1,a2038a3e
TLRH45,EMS,Unknown medical emergency,19464,Pottstown,GRANDVIEW RD & BEECH ST,1,6c0240c1
TLRHI9,EMS,Fall victim,19403,West Norriton,OAKLAND DR & WAGON WHEEL RD,1,7db1bcd8
TLRHJE,EMS,CVA/stroke,19401,Norristown,CHERRY ST & W MARSHALL ST,1,c03e2a88
TLRHK5,EMS,Altered mental status,19504,Berks County,BARTO RD & MOHR LN,1,ec071210
TLRHKW,EMS,Dizziness,19002,Upper Dublin,RENFREW AVE & UNNAMED ALY,1,893c6f32
TLRHQ9,EMS,Dizziness,19002,Ambler,BUTLER AVE & YORK ST,1,dc4ec3bf
TLRHVI,EMS,Head injury,19422,Whitpain,TWIN SILO DR & MORRIS RD,1,27736632
TLRI6H,Traffic,Vehicle accident,19003,Lower Merion,LANCASTER AVE & ARDMORE AVE,1,f5b10318
TLRID0,Fire,Appliance fire,19096,Lower Merion,LANCASTER AVE & W OLD WYNNEWOOD RD,1,2ecd2657
TLRIHU,EMS,Medical alert alarm,19468,Limerick,BROOKE DR & JOSHUA DR,1,0223cd97
TLRIIK,EMS,Fall victim,19002,Upper Dublin,DILLON RD & SUSQUEHANNA RD,1,6167a895
TLRJ2B,EMS,Cardiac emergency,19406,Upper Merion,SPRING LN & ROSS RD,1,e35d8110
TLRJ4Y,EMS,Respiratory emergency,19428,Plymouth,CROSS COUNTY TRL & BROOK RD,1,befa5eed
TLRJBT,EMS,Cardiac emergency,19446,Montgomery,ANDREW LN & SPUR RD,1,838f17e7
TLRJDB,Traffic,Disabled vehicle,19438,Lower Salford,HARLEYSVILLE PIKE & MAIN ST,1,bdbdf915
TLRJG6,Traffic,Disabled vehicle,19401,Norristown,FOREST AVE & W AIRY ST,1,945ec056
TLRJG6-1,Traffic,Disabled vehicle,19401,Norristown,AIRY ST & SELMA ST,1,39709d75
TLRJHV,EMS,Overdose,19406,Upper Merion,AMERICAN AVE & 1ST AVE,1,6d4d9aee
TLRJIY,EMS,Hemorrhaging,19095,Cheltenham,CHURCH RD & BENT RD,1,125b5696
TLRJJT,Fire,Electrical fire outside,19090,Abington,HIGH AVE & RUBICAM AVE,1,37b8f113
TLRJMZ,EMS,Cardiac emergency,19090,Upper Moreland,BLAIR MILL RD & CARRELL LN,1,b672d45f
TLRJPD,EMS,Fall victim,19087,Upper Merion,DANELL RD & GULPH HILLS RD,1,e6ec9784
TLRJQI,EMS,General weakness,19002,Upper Dublin,DILLON RD & SUSQUEHANNA RD,1,61afd4a8
TLRJSG,EMS,Cardiac emergency,19001,Abington,SUSQUEHANNA RD & OLD YORK RD,1,979ebc98
TLRJX6,Fire,Woods/field fire,19422,Whitpain,DEKALB PIKE & BLUE BELL SPRINGS DR,1,e2301fb2
TLRK0B,EMS,Fall victim,19438,Franconia,MAPLEWOOD DR & CRESCENT CIR,1,7e1636dc
TLRK2U,Traffic,Vehicle accident,19066,Lower Merion,GLENWOOD RD & KENMORE RD,1,fdc396cd
TLRKA7,EMS,Fall victim,19512,Berks County,WALNUT ST & W PHILADELPHIA AVE,1,db32cb11
TLRKCF,Fire,Fire special service,19087,Upper Merion,DANELL RD & GULPH HILLS RD,1,a4d186f0
TLRKDE,Fire,Fire alarm,19401,Norristown,DARTMOUTH DR & E LOGAN ST,1,c7b1112b
TLRKM2,EMS,Seizures,19010,Lower Merion,BRYN MAWR AVE & OLD LANCASTER RD,1,911ac067
TLRKVM,Traffic,Vehicle accident,19403,Lower Providence,EAGLEVILLE RD & ARCOLA RD,1,1781e329
TLRKX6,EMS,CVA/stroke,19428,West Conshohocken,FRONT ST & BULLOCK AVE,1,db887349
TLRL1X,EMS,Subject in pain,19004,Lower Merion,CITY AVE & KINGS GRANT DR,1,e0667a2c
TLRL7N,EMS,Cardiac emergency,19460,Chester County,MAIN ST & GRIFFEN ST,1,69df5f74
TLRLES,EMS,Respiratory emergency,19446,Montgomery,MEADOWOOD DR & ROSEWOOD DR,1,c14e7c2e
TLRLO8,Traffic,Vehicle accident,19004,Lower Merion,BALA AVE & ABERDALE RD,1,66565bd5
TLRLTP,EMS,Syncopal episode,19031,Whitemarsh,VALLEY GREEN RD & CRICKET RD,1,79e2d5c4
TLRM7H,Fire,Woods/field fire,19468,Upper Providence,RIDGE PIKE & KLINE RD,1,87063947
TLRMSS,Traffic,Disabled vehicle,19003,Lower Merion,BLUEROUTE  & EMERGENCY CROSS OVER,1,96ec1d8e
TLRMXU,Traffic,Vehicle accident,19403,Lower Providence,RIDGE PIKE & N PARK AVE,1,fa983a03
TLRN57,EMS,Cardiac emergency,19422,Whitpain,DEKALB PIKE & BLUE BELL SPRINGS DR,1,7eb4ceee
TLRNB3,EMS,Overdose,19454,Montgomery,KNAPP RD & WITCHWOOD DR,1,edcb81bf
TLRNCT,EMS,Fall victim,19440,Hatfield Township,WALNUT ST & GARDEN RD,1,da937797
TLRNG4,EMS,Overdose,19403,West Norriton,BEECH DR & SPRUCE ST,1,8bf96361
TLRNIF,Fire,Fire special service,19454,Montgomery,KNAPP RD & WITCHWOOD DR,1,f758b91f
TLRNOL,EMS,Head injury,19001,Abington,OLD YORK RD & ROY AVE,1,281fe17e
TLRNWH,Fire,Fire alarm,19406,Upper Merion,GODDARD BLVD & VALLEY GREEN LN,1,85ab8272
TLRNY0,Traffic,Road obstruction,19046,Abington,SEWELL LN & SUSQUEHANNA RD,1,6dff2a0f
TLRO1X,EMS,Cardiac emergency,19004,Lower Merion,CONSHOHOCKEN STATE RD & E CITY AVE,1,f3d68ebc
TLRO7M,EMS,Cardiac emergency,19031,Springfield,WISSAHICKON AVE & ROSE LN,1,bda88399
TLROIA,Fire,Fire alarm,18964,Franconia,RELIANCE RD & OAK DR,1,ab6d25c1
TLROL3,EMS,Medical alert alarm,18076,Red Hill,5TH ST & BITTING ALY,1,db355497
TLROM5,Traffic,Vehicle accident,19422,Whitpain,SKIPPACK PIKE & UNION MEETING RD,1,ae6748c8
TLROMK,EMS,Cardiac emergency,19512,Berks County,WALNUT ST & W PHILADELPHIA AVE,1,8d444116
TLROOK,EMS,Syncopal episode,19426,Upper Providence,ARCOLA RD & GROFF CIR,1,52a4a187
TLROPX,EMS,Dehydration,19095,Cheltenham,WASHINGTON LN & TOWNSHIP LINE RD,1,96aedcc6
TLROYQ,EMS,General weakness,19525,Douglass,GILBERTSVILLE RD & BOW LN,1,0038b71f
TLRPHX,EMS,Altered mental status,19454,Montgomery,THORNTON CT & INDEPENDENCE DR,1,5ec4faed
TLRPP0,Traffic,Vehicle accident,19027,Cheltenham,OLD YORK RD & GREEN BRIAR RD,1,7d05c5e7
TLRPRO,EMS,Dizziness,19401,Norristown,ASTOR ST & W OAK ST,1,96f7c297
TLRPTB,EMS,Seizures,19464,Lower Pottsgrove,SUNNYBROOK RD & MULBERRY ST,1,1826387c
TLRPVT,EMS,Altered mental status,18964,Souderton,COUNTY LINE RD & E BROAD ST,1,aeec5953
TLRQBX,Traffic,Road obstruction,19468,Limerick,RT422  & RAMP RT422 WB TO N LEWIS RD,1,8a4cb65a
TLRQKB,EMS,Cardiac emergency,19040,Hatboro,SHIRLEY RD & CRESCENT RD,1,682b6434
TLRQU4,Traffic,Disabled vehicle,18969,Telford,N 3RD ST & PENN AVE,1,bc3ca92b
TLRR3B,Traffic,Vehicle accident,19002,Horsham,HORSHAM RD & KEITH VALLEY RD,1,a8ef9ce8
TLRR5E,Traffic,Vehicle accident,19040,Horsham,BLAIR MILL RD & W MORELAND AVE,1,9c487246
TLRRAC,EMS,Medical alert alarm,19010,Lower Merion,OLD LANCASTER RD & S MERION AVE,1,291d7d80
TLRRJ7,Traffic,Road obstruction,19422,Whitpain,NARCISSA RD & COPPER BEECH DR,1,6b1985d6
TLRRQJ,Fire,Fire alarm,19010,Lower Merion,MUIRFIELD RD & MT PLEASANT RD,1,7516b639
TLRRXB,Traffic,Disabled vehicle,19006,Bryn Athyn,HUNTINGDON PIKE & CATHEDRAL RD,1,8fb2ecef
TLRS08,Traffic,Disabled vehicle,19038,Cheltenham,W CHURCH RD & LIMEKILN PIKE,1,38d5b272
TLRS5W,EMS,Medical alert alarm,19438,Franconia,MAPLEWOOD DR & CRESCENT CIR,1,177bf767
TLRSAL,Traffic,Vehicle accident,19040,Horsham,EASTON RD & W MORELAND AVE,1,61dcd184
TLRSJF,Fire,Fire alarm,19468,Limerick,LEWIS RD & SPRING ST,1,24a34376
TLRSM1,Traffic,Vehicle accident,19446,Worcester,VALLEY FORGE RD & STEELMAN RD,1,680fe1bc
TLRSMG,Traffic,Road obstruction,19426,Worcester,VALLEY FORGE RD & SKIPPACK PIKE,1,e1e666d7
TLRSMK,Fire,Fire alarm,19446,Towamencin,SNYDER RD & VALLEY FORGE RD,1,3ab0b6f5
TLRSVF,EMS,Cardiac emergency,19403,Skippack,MOKYCHIC RD & PRISON RD,1,444a5043
TLRT53,Traffic,Disabled vehicle,19040,Bryn Athyn,BYBERRY RD & MASONS MILL RD,1,ba2a08d7
TLRT64,EMS,Heat exhaustion,19525,New Hanover,SWAMP PIKE & SANATOGA RD,1,430add3a
TLRTAH,EMS,Respiratory emergency,19525,Douglass,COUNTY LINE RD & SWAMP CREEK RD,1,500f29e1
TLRTDW,EMS,Head injury,19010,Lower Merion,MONTGOMERY AVE & MORRIS AVE,1,a458a5d7
TLRTIE,EMS,Fall victim,19462,Plymouth,GERMANTOWN PIKE & ATRIUM WAY,1,a7a7cb35
TLRTRX,EMS,Hemorrhaging,19401,Norristown,POWELL ST & E WOOD ST,1,196fe344
TLRTTI,EMS,Unknown medical emergency,19401,Norristown,GREEN ST & E BASIN ST,1,f2ad5752
TLRTV8,Traffic,Vehicle accident,19401,Norristown,ARCH ST & E JOHNSON HWY,1,a7b3b8fd
TLRTXE,EMS,Fall victim,19492,Upper Frederick,BIG RD & FREDERICK DR,1,4ffe5d49
TLRTZD,Traffic,Vehicle accident,19454,Montgomery,REGENCY DR & WORDSWORTH LN,1,2b4a6123
TLRU15,EMS,Syncopal episode,19446,Hatfield Township,FORTY FOOT RD & WELSH RD,1,3e9b7a9a
TLRU2J,EMS,Respiratory emergency,19464,Lower Pottsgrove,HIGH ST & S PARK RD,1,e8adaa55
TLRU6Y,Fire,Vehicle accident,19401,Norristown,ARCH ST,1,60f30e34
TLRUDH,Fire,Fire alarm,19012,Cheltenham,CHELTENHAM AVE & 7 OAKS DR,1,d7fd5d81
TLRUEA,Traffic,Vehicle accident,19403,Lower Providence,SHANNONDELL BLVD & EGYPT RD,1,faa3bca6
TLRUIO,Traffic,Vehicle accident,19468,Limerick,S TOWNSHIP LINE RD & BUCKWALTER RD,1,0b90acb6
TLRUKX,EMS,Fall victim,19044,Horsham,WHITE BIRCH LN & TIMBER RD,1,97ec607b
TLRV25,EMS,Respiratory emergency,19401,Norristown,SWEDE ST & E OAK ST,1,19b1a5fe
TLRV7B,Traffic,Vehicle accident,19401,Norristown,W JOHNSON HWY & MARKLEY ST,1,9a74e73a
TLRV7I,EMS,Vehicle accident,19401,Norristown,W JOHNSON HWY,1,175d211f
TLRV9A,Traffic,Vehicle accident,19095,Cheltenham,CHELTENHAM AVE & E MT PLEASANT AVE,1,a8f8abdd
TLRVW1,Fire,Fire alarm,19001,Abington,EASTON RD & PATANE AVE,1,c311e032
TLRVYB,Traffic,Vehicle accident,19001,Abington,OLD YORK RD & ROCKWELL RD,1,668c781c
TLRW89,Traffic,Disabled vehicle,19464,Lower Pottsgrove,BLEIM RD & RHOADS RD,1,29bc3e0e
TLRW89-1,Traffic,Disabled vehicle,19464,Lower Pottsgrove,BLEIM RD & N CHARLOTTE ST,1,c0baf23e
TLRWG2,Traffic,Disabled vehicle,19462,Plymouth,WALTON RD & W GERMANTOWN PIKE,1,9cbf1ef3
TLRX4Z,Traffic,Vehicle accident,19446,Worcester,BERKS RD & SKIPPACK PIKE,1,0b32c4fa
TLRXC1,Traffic,Vehicle accident,19095,Cheltenham,WASHINGTON LN & W CHURCH RD,1,e998e87e
TLRXFB,Fire,Woods/field fire,19027,Cheltenham,ASHBOURNE RD & OLD YORK RD,1,59456c2a
TLRXFB-1,Fire,Woods/field fire,19027,Cheltenham,OLD YORK RD & ASHBOURNE RD,1,8b5edb0a
TLRXLK,EMS,Choking,19090,Upper Moreland,EASTON RD & FITZWATERTOWN RD,1,0e45520f
TLRXXE,Fire,Fire alarm,19406,Upper Merion,GODDARD BLVD & VALLEY GREEN LN,1,68e5d312
TLRY54,EMS,Nausea/vomiting,19038,Abington,HIGHLAND AVE & GHOST RD,1,1c08dc79
TLRYA4,EMS,Vehicle accident,19095,Cheltenham,OGONTZ AVE & LIMEKILN PIKE,1,840cc5e5
TLRYCF,EMS,Dehydration,19040,Upper Moreland,GOODWIN RD & HIGH AVE,1,7d7a258a
TLRYH0,Traffic,Vehicle accident,19095,Cheltenham,OGONTZ AVE & LIMEKILN PIKE,1,cfdcd282
TLRYN4,Traffic,Road obstruction,18964,Franconia,HARLEYSVILLE PIKE & ALLENTOWN RD,1,a5b12869
TLRYQE,Traffic,Vehicle accident,19027,Cheltenham,OLD YORK RD & STAHR RD,1,5df27bec
TLRYYC,Traffic,Vehicle accident,19401,Norristown,W MAIN ST & STANBRIDGE ST,1,b0d54abc
TLRZ0J,Traffic,Vehicle accident,19401,Norristown,W MAIN ST & STANBRIDGE ST,1,e1dba3a0
TLRZ1C,EMS,Unconscious subject,19027,Abington,OLD YORK RD & E TOWNSHIP LINE RD,1,08158012
TLRZ29,EMS,Unknown medical emergency,19446,Lansdale,MAIN ST & S TOWAMENCIN AVE,1,82f353e7
TLRZ6Q,Traffic,Road obstruction,19426,Worcester,VALLEY FORGE RD & SKIPPACK PIKE,1,77e90f36
TLRZCR,EMS,Respiratory emergency,19406,Upper Merion,1ST AVE & FREEDOM DR,1,fb613fe4
TLRZHJ,Traffic,Vehicle accident,19462,Plymouth,EXTENSION PENNSYLVANIA TPKE & BLUEROUTE SB,1,a26cb453
TLRZRM,EMS,Fever,19464,Pottstown,HANOVER ST & WALNUT ST,1,ad638f67
TLRZXI,EMS,Respiratory emergency,19462,Plymouth,WOODBROOK LN & VIRGINIA RD,1,cd80c93c
TLS036,EMS,Dizziness,19446,Worcester,ORCHARD CIR & MEADOW VIEW LN,1,aeca1642
TLS08V,EMS,Eye injury,18041,Upper Hanover,GRAVEL PIKE & KRAUSSDALE RD,1,f3034714
TLS0A2,EMS,Cardiac emergency,19403,West Norriton,BEECH DR & SPRUCE ST,1,73b80a63
TLS0AZ,EMS,Head injury,19046,Abington,SUSQUEHANNA RD & MARIE RD,1,157b8bfa
TLS0FV,Fire,Fire alarm,19464,Lower Pottsgrove,LUDWIG LN & BARDS WAY,1,45925b22
TLS0L3,EMS,Cardiac arrest,19038,Springfield,STENTON AVE & E EVERGREEN AVE,1,265d289e
TLS10J,Traffic,Vehicle accident,19438,Lower Salford,GROFFS MILL RD & MEETINGHOUSE RD,1,88e191a9
TLS11H,EMS,Unknown medical emergency,19446,Towamencin,VALLEY FORGE RD & ALLENTOWN RD,1,ebcd47e0
TLS155,Traffic,Road obstruction,19454,Montgomery,WELSH RD & STUMP RD,1,666a0731
TLS16Q,Fire,Carbon monoxide detector,19401,Norristown,BLACKBERRY ALY & BODEY ALY,1,ec3fad48
TLS18L,EMS,Allergic reaction,19046,Abington,HUNTINGDON PIKE & OLD HUNTINGDON PIKE,1,439de7cd
TLS18Y,Traffic,Road obstruction,19438,Lower Salford,GROFFS MILL RD & INDIAN CREEK RD,1,41a55495
TLS1A7,Fire,Fire alarm,19066,Lower Merion,MERBROOK LN & MERBROOK BND,1,fbe83942
TLS1AO,Fire,Unknown type fire,19401,Norristown,LOGAN ST & MARKLEY ST,1,45394964
TLS1GK,EMS,Cardiac arrest,19525,Douglass,PHILADELPHIA AVE & WILLIAMS WAY,1,63df3a21
TLS1GU,Fire,Cardiac arrest,19525,Douglass,PHILADELPHIA AVE & WILLIAMS WAY,1,163f5a0d
TLS1R4,EMS,Subject in pain,19006,Lower Moreland,WELSH RD & PACKARD AVE,1,8c53f2f1
TLS1VD,EMS,EMS special service,19518,Berks County,MIDDLEMARCH RD & RANDOM RD,1,d6332bac
TLS1XB,Fire,Vehicle accident,19438,Lower Salford,GROFFS MILL RD & MEETINGHOUSE RD,1,eede7f5e
TLS1YW,EMS,Fall victim,19403,West Norriton,MARSHALL ST & N MONTGOMERY AVE,1,38634eaf
TLS22E,EMS,Respiratory emergency,19403,West Norriton,MAIN ST & LAWN AVE,1,2d248f2d
TLS29S,Traffic,Disabled vehicle,19454,Horsham,HORSHAM RD & LOWER STATE RD,1,cee091bd
TLS2HV,Fire,Building fire,19044,Horsham,MAPLE AVE & WAYNE AVE,1,5f6c61c4
TLS2MJ,Fire,Trash/dumpster fire,19044,Horsham,DRESHER RD & GIBRALTAR RD,1,24de5ea5
TLS2VD,EMS,Hemorrhaging,18964,Franconia,WESTMINSTER LN & KINGSFIELD DR,1,ad8dd9eb
TLS31W,Traffic,Vehicle accident,19031,Springfield,HAWS LN & BETHLEHEM PIKE,1,c26609e2
TLS37T,EMS,Dehydration,19072,Lower Merion,CONSHOHOCKEN STATE RD & N WOODBINE AVE,1,c09c0cfd
TLS397,EMS,Vehicle accident,19031,Springfield,HAWS LN & BETHLEHEM PIKE,1,26e3270e
TLS3AF,EMS,CVA/stroke,19401,East Norriton,STUART DR & PATTERSON AVE,1,2dcaa718
TLS3G4,EMS,Fall victim,19403,East Norriton,BARBARA DR & DENISE RD,1,f49944ce
TLS3HD,EMS,Abdominal pains,19454,North Wales,WALNUT ST & S 7TH ST,1,c1a41b1f
TLS3S3,Traffic,Vehicle accident,19403,West Norriton,MARSHALL ST & N MONTGOMERY AVE,1,be9c77e2
TLS3W3,Traffic,Road obstruction,19001,Abington,OLD YORK RD & WOODLAND RD,1,313b83f3
TLS4GC,Fire,Fire alarm,19027,Abington,TOWNSHIP LINE RD & ROLLING HILL RD,1,4dacc4bd
TLS4X1,Fire,Unknown type fire,19462,Whitemarsh,MARPLE LN & GERMANTOWN PIKE,1,cbdec5ba
TLS4YS,EMS,Overdose,19405,Bridgeport,4TH ST & MILL ST,1,f01b4df9
TLS52B,Traffic,Vehicle accident,19031,Springfield,HAWS LN & BETHLEHEM PIKE,1,7e3ca467
TLS52Y,Fire,Carbon monoxide detector,19096,Lower Merion,BEECH HILL RD & HEMLOCK RD,1,2cfa623c
TLS55L,EMS,Unknown medical emergency,19464,Pottstown,CHESTNUT ST & PENN ST,1,376f0167
TLS56T,EMS,Cardiac emergency,19403,Lower Providence,EAGLEVILLE RD & SUNDERLAND DR,1,f2a70a74
TLS59D,EMS,EMS special service,19038,Springfield,PAPER MILL RD & CHELTENHAM AVE,1,8c7819bb
TLS62I,EMS,Subject in pain,19403,Lower Providence,SHANNONDELL DR & SHANNONDELL BLVD,1,1b5c383b
TLS67P,EMS,Unconscious subject,19403,West Norriton,BEECH DR & SPRUCE ST,1,ab4b0dfc
TLS6JR,Traffic,Road obstruction,19426,Lower Providence,GERMANTOWN PIKE & N GRANGE AVE,1,b0e9fcc3
TLS75E,Fire,Gas-odor/leak,19405,Upper Merion,JEFFERSON ST & ROOSEVELT AVE,1,29b46fe0
TLS7B9,EMS,Fever,19403,Lower Providence,EAGLEVILLE RD & SUNDERLAND DR,1,6adb7df0
TLS7FA,Traffic,Disabled vehicle,19003,Lower Merion,WOODSIDE RD & W LANCASTER AVE,1,08cdfb9c
TLS7FZ,Fire,Electrical fire outside,19438,Lower Salford,HALDEMAN RD & CAMP WAWA RD,1,5a3f6d8b
TLS7K8,EMS,Subject in pain,19095,Cheltenham,WASHINGTON LN & W CHURCH RD,1,d44d034d
TLS7UJ,EMS,Cardiac emergency,19422,Whitpain,PENLLYN BLUE BELL PIKE & VILLAGE CIR,1,d9a09093
TLS805,Fire,Fire alarm,19438,Lower Salford,MAPLE AVE & YODER RD,1,d1e5a5e0
TLS8H5,EMS,Dizziness,19002,Ambler,BETHLEHEM PIKE & ARGYLE AVE,1,41c4d514
TLS8J1,Traffic,Vehicle accident,19004,Lower Merion,W CITY AVE & MAPLE AVE,1,abd19154
TLS8LP,EMS,Subject in pain,18076,Red Hill,MAIN ST & W 6TH ST,1,324369bc
TLS8MU,Fire,Fire alarm,19446,Lansdale,PENN ST & PARK DR,1,f9021c8d
TLS8UL,Traffic,Vehicle accident,18969,Salford,RIDGE RD & N ALLENTOWN RD,1,59c9ca52
TLS92F,Traffic,Vehicle accident,19403,Worcester,VALLEY FORGE RD & WATER STREET RD,1,04c9e044
TLS9GQ,Fire,Woods/field fire,19525,New Hanover,SWAMP PIKE & WAGNER RD,1,ff9822a3
TLS9I5,EMS,Building fire,19438,Lower Salford,MAPLE AVE & YODER RD,1,c3a04389
TLS9OB,EMS,Seizures,19006,Lower Moreland,WELSH RD & WALTON RD,1,2f90ccf8
TLS9Q8,Traffic,Vehicle accident,19004,Lower Merion,CORNELL RD & CONSHOHOCKEN STATE RD,1,8e0d33ce
TLSA24,EMS,Cardiac emergency,19462,Whitemarsh,JOSHUA RD & GERMANTOWN PIKE,1,d8016777
TLSA4E,EMS,Seizures,19072,Lower Merion,BOBARN DR & CHERMAR LN,1,61beb705
TLSA5D,EMS,Cardiac emergency,19406,Upper Merion,VALLEY FORGE RD & GENERAL STEUBEN RD,1,0e611821
TLSARO,EMS,EMS special service,19473,Skippack,BRIDGE RD & SERENDIPITY WAY,1,e1f3c620
TLSASB,Fire,Fire alarm,19438,Lower Salford,NORTHFIELD LN & WESTBOURNE RD,1,8bcf8f12
TLSAT9,Traffic,Vehicle accident,19087,Upper Merion,RIVER RD & JOSEPH PLUMB MARTIN TRL,1,fc03a518
TLSATG,Traffic,Vehicle accident,19087,Upper Merion,RIVER RD & JOSEPH PLUMB MARTIN TRL,1,030fe41f
TLSAXY,Traffic,Vehicle accident,19046,Abington,OLD YORK RD & THE FAIRWAY,1,5b86fd1c
TLSB63,Fire,Building fire,19464,Pottstown,BEECH ST & MANATAWNY ST,1,7613a746
TLSBAV,EMS,EMS special service,19006,Lower Moreland,RED LION RD & MURRAY AVE,1,6fa0e8ff
TLSBI3,EMS,Subject in pain,19072,Lower Merion,BOBARN DR & CHERMAR LN,1,0a596550
TLSC98,EMS,Subject in pain,19010,Lower Merion,ROBERTS RD & WYNDON AVE,1,3e65411f
TLSCMY,EMS,Subject in pain,19403,East Norriton,GERMANTOWN PIKE & BRIDLE PATH RD,1,f0afe449
TLSCQ5,EMS,Unknown medical emergency,19464,Pottstown,BEECH ST & MANATAWNY ST,1,0b38f80a
TLSCUN,EMS,Respiratory emergency,19401,East Norriton,DEKALB PIKE & COLONIAL DR,1,7e6acc97
TLSD63,EMS,Fever,19401,East Norriton,JOHNSON HWY & DEKALB ST,1,06c330c8
TLSD9P,EMS,Dehydration,19525,New Hanover,HEATHER LN & CHERRY CT,1,d086b7dc
TLSERQ,Fire,Carbon monoxide detector,19046,Jenkintown,FLORENCE AVE & GREENWOOD AVE,1,d216ec26
TLSERZ,EMS,Carbon monoxide detector,19046,Jenkintown,FLORENCE AVE & GREENWOOD AVE,1,c1ea17fa
TLSEWO,EMS,Fall victim,19401,East Norriton,DEKALB PIKE & COLONIAL DR,1,d54cfda7
TLSG0B,EMS,Fall victim,19473,Skippack,ERIC DR & WENDY WAY,1,ce7c526a
TLSG1E,EMS,Back pains/injury,19440,Hatfield Township,RICHMOND RD & UNIONVILLE PIKE,1,64d99b29
TLSG7R,EMS,Subject in pain,19001,Abington,WUNDERLAND RD & TURNER AVE,1,1808d6b2
TLSGPX,EMS,Dizziness,19454,North Wales,MAIN ST & SCHOOL ST,1,3bfbddae
TLSGYK,EMS,Allergic reaction,19403,Lower Providence,CONESTOGA WAY & EAGLE STREAM DR,1,6dd46e84
TLSHD2,Fire,Fire alarm,19468,Limerick,LIGHTCAP RD & SANATOGA SPRINGS DR,1,25e4b74f
TLSIER,EMS,Cardiac emergency,19462,Plymouth,GERMANTOWN PIKE & ATRIUM WAY,1,099fa714
TLSIK9,EMS,Fall victim,19403,Lower Providence,SHANNONDELL DR & SHANNONDELL BLVD,1,505bab6d
TLSILW,EMS,Diabetic emergency,19405,Bridgeport,GROVE ST & CHERRY ALY,1,c7b6a1e3
TLSKG5,EMS,Overdose,19034,Upper Dublin,HARTRANFT AVE & MADISON AVE,1,9dd14b29
TLSKN8,EMS,Cardiac emergency,19438,Towamencin,INDEPENDENCE DR & LIBERTY BELL DR,1,5541da6a
TLSKRL,EMS,Diabetic emergency,19406,Upper Merion,GULPH RD & TURN LANE,1,a6398869
TLSL2F,EMS,Unknown medical emergency,19035,Lower Merion,CROSBY BROWN RD & MILL CREEK RD,1,bee22841
TLSLN4,EMS,Syncopal episode,19401,East Norriton,SWEDE RD & WOODLYN AVE,1,d6d61329
TLSLRO,Fire,Fire investigation,19003,Lower Merion,WYOMING AVE & W LANCASTER AVE,1,d8e45f35
TLSOSN,EMS,Seizures,19525,New Hanover,SWAMP PICNIC RD & N CHARLOTTE ST,1,2bf03c92
TLSPC5,EMS,Unconscious subject,19438,Towamencin,OLD FORTY FOOT RD,1,91917989
TLSPDF,EMS,Cardiac emergency,19095,Cheltenham,WASHINGTON LN & CHELTENHAM AVE,1,1a7141b6
TLSPFY,Traffic,Disabled vehicle,19090,Upper Moreland,EASTON RD & HOME DEPOT DR,1,5401f3d8
TLSQDE,EMS,Diabetic emergency,19464,West Pottsgrove,GROSSTOWN RD & ROBERTS DR,1,9c85e5f5
TLSQEF,Fire,Fire alarm,19464,Pottstown,HIGH ST & ARMAND HAMMER BLVD,1,ac90dd08
TLSQO5,EMS,Fall victim,18915,Hatfield Township,WALNUT ST & LENHART RD,1,c3600fa1
TLSQSH,EMS,Cardiac emergency,19446,Towamencin,OBERLIN TER & BANCROFT RD,1,0ba26e57
TLSQUF,Fire,Fire alarm,19034,Upper Dublin,VIRGINIA DR & DELAWARE AVE,1,81d28a76
TLSRJ4,Fire,Building fire,19040,Hatboro,LEHMAN AVE & SPRING ST,1,e76fdb26
TLSRLI,EMS,Medical alert alarm,18964,Hatfield Township,WATERFORD DR & STOCKTON DR,1,161875e5
TLSS1I,EMS,Subject in pain,19040,Hatboro,MORELAND AVE & S YORK RD,1,5e242e76
TLSSEF,Fire,Fire alarm,19034,Upper Dublin,VIRGINIA DR & DELAWARE AVE,1,9c242a39
TLST4G,EMS,Cardiac emergency,18073,Upper Hanover,11TH ST & BROOKVIEW DR,1,bcec3810
TLST5Z,Traffic,Road obstruction,19046,Abington,FILLMORE ST & MAYFIELD AVE,1,f6a5a7d4
TLST7F,Fire,Fire investigation,19446,Lansdale,PENN ST & PARK DR,1,b648bf3b
TLST98,EMS,Fall victim,19438,Lower Salford,MAIN ST & OLD SUMNEYTOWN PIKE,1,ea139c70
TLSTAX,Traffic,Road obstruction,19401,Norristown,HIGH ST & E OAK ST,1,d19ee50f
TLSTTH,EMS,Fall victim,19438,Lower Salford,MAIN ST & MAPLE AVE,1,59383627
TLSTUL,Fire,Fire special service,19401,Norristown,HIGH ST & E OAK ST,1,b6658bde
TLSU22,Fire,Fire alarm,19401,Norristown,WILLOW ST & SCOTT ALY,1,d9e22484
TLSUF1,EMS,Unknown medical emergency,19002,Upper Dublin,STOUT RD,1,4f9b5d56
TLSUF1-1,EMS,Unknown medical emergency,19002,Upper Dublin,STOUT RD & N BEECHAM DR,1,08e80b3b
TLSUGI,Traffic,Vehicle accident,19454,Montgomery,WELSH RD & RT202 PKWY,1,a8a36b70
TLSUJE,Traffic,Vehicle accident,19454,Montgomery,WELSH RD & RT202 PKWY,1,30f6e76c
TLSW3A,EMS,Respiratory emergency,19401,Norristown,WASHINGTON ST & SELMA ST,1,62a561bb
TLSW5P,Fire,Fire alarm,19401,Norristown,WILLOW ST & SCOTT ALY,1,54c698f9
TLSW74,Fire,Electrical fire outside,19038,Cheltenham,S EASTON RD,1,1485e14d
TLSWD7,EMS,Diabetic emergency,19403,West Norriton,SCHUYLKILL AVE & BUTLER AVE,1,b1b80f4f
TLSWG0,EMS,Fall victim,19040,Hatboro,MORELAND AVE & S YORK RD,1,f2848221
TLSWJC,Fire,Woods/field fire,19034,Upper Dublin,VIRGINIA DR & CAMP HILL RD,1,460d8e5f
TLSWU0,Traffic,Road obstruction,18969,Telford,MAIN ST & E SUMMIT AVE,1,e5d3bda0
TLSX80,EMS,Cardiac emergency,19464,Pottstown,SOUTH ST & DAUB ALY,1,6051a318
TLSXJE,EMS,Cardiac emergency,19401,Norristown,OAK ST & HOPE ALY,1,5005e2cf
TLSXK5,EMS,Medical alert alarm,19403,Lower Providence,SHANNONDELL DR & SHANNONDELL BLVD,1,795c373a
TLSXWF,EMS,Subject in pain,19025,Horsham,WELSH RD & W PRUDENTIAL DR,1,7d81e32b
TLSY9B,Traffic,Vehicle accident,19035,Lower Merion,YOUNGS FORD LN & YOUNGS FORD RD,1,2b116c4d
TLSYO4,EMS,Abdominal pains,19403,East Norriton,FELTON RD & W GERMANTOWN PIKE,1,bff695e9
TLSZ4J,EMS,Fall victim,19003,Lower Merion,CRICKET AVE & E LANCASTER AVE,1,594ce52b
TLSZ65,EMS,Fall victim,19403,Lower Providence,WOODLYN AVE & CLEARFIELD AVE,1,4c5e169e
TLSZB3,Traffic,Vehicle accident,19422,Upper Gwynedd,OLD MORRIS RD & NORTH WALES RD,1,ee61d7f3
TLSZBR,Traffic,Vehicle accident,19422,Upper Gwynedd,OLD MORRIS RD & NORTH WALES RD,1,cdb9dffc
TLSZFY,Traffic,Vehicle accident,19422,Upper Gwynedd,OLD MORRIS RD & NORTH WALES RD,1,aa2e7795
TLSZFY-1,Traffic,Vehicle accident,19422,Upper Gwynedd,OLD MORRIS RD & NORTH WALES RD,1,aa2e7795
TLSZN3,EMS,Fall victim,19090,Upper Moreland,YORK RD & CHERRY ST,1,3369e815
TLSZT4,EMS,Fall victim,19454,Upper Gwynedd,SHANNON DR & WEXFORD DR,1,7bfff800
TLSZW1,EMS,Altered mental status,19446,Lansdale,WALNUT ST & W 9TH ST,1,2bf9df35
TLT03D,EMS,Fall victim,19403,Lower Providence,SHANNONDELL DR & SHANNONDELL BLVD,1,66ba070a
TLT05V,EMS,Altered mental status,19422,Whitpain,CHERRY LN & GRANT AVE,1,07d527db
TLT06Z,EMS,Seizures,19001,Abington,WOODLAND RD & ST CHARLES PL,1,6dd43047
TLT0LN,EMS,Heat exhaustion,19401,Norristown,CHAIN ST & W LAFAYETTE ST,1,2da58933
TLT0QS,EMS,Respiratory emergency,19046,Jenkintown,YORK RD & HOMESTEAD RD,1,f998b4d8
TLT157,Fire,Woods/field fire,19406,Upper Merion,GULPH RD & KIRK AVE,1,012d6914
TLT19U,Traffic,Disabled vehicle,19462,Plymouth,PLYMOUTH RD & BUTLER PIKE,1,f80009c3
TLT1L1,Fire,Fire investigation,19401,Norristown,AIRY ST & RAPP ALY,1,26f648bc
TLT1OM,Traffic,Vehicle accident,19464,Pottstown,REYNOLDS AVE & STATE ST,1,7247a5f0
TLT1SK,EMS,Head injury,19006,Upper Moreland,CREEK RD & HUNTINGDON RD,1,a43f5d23
TLT26G,Traffic,Disabled vehicle,19046,Jenkintown,WASHINGTON LN & GREENWOOD AVE,1,fb9f51b1
TLT2IL,EMS,Seizures,19440,Hatfield Township,COWPATH RD & HIGH ST,1,dfda7b50
TLT2K4,Fire,Fire alarm,19401,Norristown,MARSHALL ST & MARKLEY ST,1,e34acd8f
TLT2NF,EMS,Altered mental status,19040,Upper Moreland,DAVISVILLE RD & PENNYPACK RD,1,bdc964cf
TLT2WL,Traffic,Disabled vehicle,19446,Hatfield Township,WELSH RD & GRIST MILL DR,1,e7d73467
TLT3F6,EMS,Respiratory emergency,19406,Upper Merion,AMERICAN AVE & 1ST AVE,1,9d466fb3
TLT3JZ,Traffic,Vehicle accident,19462,Plymouth,W GERMANTOWN PIKE & PLYMOUTH RD,1,deec289e
TLT3RV,EMS,Altered mental status,19031,Springfield,WISSAHICKON AVE & ROSE LN,1,9e747390
TLT3TC,Traffic,Vehicle accident,19002,Horsham,CHARTER LN & CONSTITUTION WAY,1,3f22cbd8
TLT3UO,Fire,Elevator emergency,19406,Upper Merion,VALLEY FORGE CIR & OLD VALLEY FORGE RD,1,3bec7bdf
TLT4AZ,Fire,Fire alarm,19027,Cheltenham,CHELSEA RD & EUSTON RD,1,a5ebe9b6
TLT4GF,EMS,Respiratory emergency,19403,Lower Providence,FORGE AVE & S TROOPER RD,1,512a2743
TLT4T9,EMS,Subject in pain,19446,Hatfield Township,WAVERLY CT & LYNWOOD DR,1,2af4e766
TLT4X9,EMS,Fall victim,19025,Horsham,WELSH RD & W PRUDENTIAL DR,1,2f9d67f3
TLT522,EMS,Cardiac arrest,19464,Lower Pottsgrove,SUNNYBROOK RD & E HIGH ST,1,d922a72e
TLT528,Fire,Cardiac arrest,19464,Lower Pottsgrove,SUNNYBROOK RD & E HIGH ST,1,bc98129e
TLT594,EMS,Cardiac emergency,19468,Upper Providence,BLACK ROCK RD & S TRAPPE RD,1,8506f582
TLT5D6,EMS,Dizziness,18073,Upper Hanover,KLINERD RD & LAYFIELD RD,1,8c3a5c58
TLT5F4,EMS,Fever,19006,Upper Moreland,EDGEHILL RD & TERWOOD RD,1,7d6bad1e
TLT5K2,EMS,Lacerations,19444,Springfield,ANDORRA RD & ANDORRA HILL RD,1,45197ebe
TLT5O6,Fire,Woods/field fire,19454,Montgomery,BETHLEHEM PIKE & PARK DR,1,17bc38c9
TLT5OE,Traffic,Road obstruction,19422,Whitpain,GOLFVIEW DR & SHOAL CREEK DR,1,eae077e0
TLT5U0,Traffic,Vehicle accident,19438,Lower Salford,HARLEYSVILLE PIKE & PIONEER CIR,1,77c6e5dd
TLT63E,EMS,Respiratory emergency,19401,Norristown,CHERRY ST & W AIRY ST,1,bdf08bbe
TLT67R,EMS,Syncopal episode,19525,New Hanover,SWAMP PIKE & DOTTERER RD,1,d4003db1
TLT6GE,Traffic,Vehicle accident,19464,Upper Pottsgrove,MAUGERS MILL RD & GILBERTSVILLE RD,1,e55956bd
TLT6MY,EMS,Fall victim,19438,Franconia,MAPLE AVE & YODER RD,1,ad2cbcb7
TLT6NN,Fire,Fire investigation,19454,Montgomery,RUTLEDGE CT & INDEPENDENCE DR,1,2d2258bb
TLT6O0,Fire,Woods/field fire,19428,Whitemarsh,RIVER RD & HARTS LN,1,5376a36d
TLT6SD,Traffic,Disabled vehicle,19090,Abington,EASTON RD & LAMOTT AVE,1,0fdfd16e
TLT6T6,Traffic,Vehicle accident,19006,Lower Moreland,PHILMONT AVE & MAPLE RD,1,f364fbf2
TLT6ZL,EMS,Altered mental status,19401,East Norriton,NEW HOPE ST & SAW MILL CT,1,1b6efe62
TLT723,Fire,Electrical fire outside,19401,Plymouth,NEW ELM ST & W ELM ST,1,28b22998
TLT74A,Fire,Electrical fire outside,19428,Conshohocken,WASHINGTON ST,1,f78ec266
TLT7G4,EMS,Fracture,19454,Montgomery,PARLIAMENT CIR & WESTMINSTER DR,1,3ed28635
TLT7GM,Traffic,Disabled vehicle,19422,Plymouth,TOWNSHIP LINE RD & WALTON RD,1,67642e48
TLT7HL,Traffic,Vehicle accident,19027,Cheltenham,OLD YORK RD & MEETINGHOUSE RD,1,86b13248
TLT7JZ,Traffic,Disabled vehicle,19464,Pottstown,7TH ST & STATE ST,1,822212fe
TLT7TY,EMS,CVA/stroke,19003,Lower Merion,ELM AVE & WALNUT AVE,1,053f6f91
TLT811,EMS,Fall victim,19438,Lower Salford,MAIN ST & OLD SUMNEYTOWN PIKE,1,78f56998
TLT86A,Traffic,Road obstruction,19464,Upper Pottsgrove,MAUGERS MILL RD & YARNALL RD,1,179644d5
TLT8AF,Fire,Fire alarm,19428,Plymouth,CONSHOHOCKEN RD & OLD ELM ST,1,86cd1e10
TLT8FI,EMS,Fall victim,19027,Cheltenham,ASHBOURNE RD & PARK AVE,1,20054eb9
TLT8K4,Traffic,Hazardous road conditions,19464,Pottstown,BEECH ST & N EVANS ST,1,107e14d3
TLT8SM,EMS,Subject in pain,19001,Abington,FERNDALE AVE & ROY AVE,1,1d12b580
TLT97W,EMS,Medical alert alarm,19438,Towamencin,OLD FORTY FOOT RD & OLD MORRIS RD,1,4bc41e04
TLT9EZ,EMS,Nausea/vomiting,19401,East Norriton,HANCOCK AVE & 2ND ST,1,4a060722
TLT9FQ,EMS,Fever,19006,Lower Moreland,HUNTINGDON PIKE & CALVIN RD,1,876d3748
TLT9GK,Fire,Fire alarm,19446,Upper Gwynedd,VALLEY FORGE RD & BOYD AVE,1,c0a6c514
TLT9QT,EMS,Respiratory emergency,19464,Pottstown,GRANDVIEW RD & BEECH ST,1,cd56f55f
TLT9QW,Fire,Electrical fire outside,19428,Whitemarsh,HECTOR ST & SANDY ST,1,a16e1bb8
TLT9TZ,EMS,Subject in pain,19401,Norristown,DEKALB ST & E MARSHALL ST,1,d5f27bf3
TLTA3O,EMS,Seizures,19403,Lower Providence,MONROE BLVD & MADISON AVE,1,fce5b3a3
TLTA4Q,EMS,Respiratory emergency,19087,Upper Merion,VALLEY FORGE LOOKOUT PL & TIMOTHY CIR,1,2cd75bfb
TLTAIE,EMS,Hemorrhaging,19046,Abington,THE FAIRWAY  & RYDAL RD,1,977fe889
TLTAOI,Traffic,Vehicle accident,19040,Hatboro,EARL LN & OVERBROOK RD,1,bbf91ded
TLTARZ,Traffic,Vehicle accident,19027,Cheltenham,MASSEY WAY & S JOHN RUSSELL CIR,1,9e27076c
TLTATV,Traffic,Vehicle accident,19438,Lower Salford,MAIN ST & CLEMENS RD,1,2faaea3e
TLTAVJ,Traffic,Vehicle accident,19438,Lower Salford,MAIN ST & CLEMENS RD,1,a525107f
TLTAVR,Traffic,Disabled vehicle,18041,East Greenville,BANK ST & WASHINGTON ST,1,06c45ec1
TLTAX6,Fire,Electrical fire outside,19401,Conshohocken,WASHINGTON ST & CHERRY ST,1,e7cfccd5
TLTB1L,Fire,Vehicle accident,19438,Lower Salford,MAIN ST,1,14544e47
TLTB2S,EMS,Head injury,19403,Lower Providence,WOODLYN AVE & CLEARFIELD AVE,1,1662cc36
TLTBCB,EMS,Hemorrhaging,19090,Upper Moreland,YORK RD & CENTER AVE,1,036123bc
TLTBLJ,EMS,General weakness,19040,Hatboro,MORELAND AVE & S CHESTER AVE,1,d099bb28
TLTBT2,EMS,Altered mental status,19040,Horsham,COUNTY LINE RD & MEETINGHOUSE RD,1,290fe281
TLTBU2,EMS,Fall victim,19401,Norristown,WALNUT ST & E MAIN ST,1,8e574c60
TLTBUR,EMS,Diabetic emergency,19438,Upper Salford,POTATO RD & OLD SKIPPACK RD,1,6ef706e1
TLTBZS,Traffic,Vehicle accident,19004,Lower Merion,CITY AVE & N 51ST ST,1,038a4dbc
TLTC9K,Traffic,Vehicle accident,19428,Whitemarsh,BUTLER PIKE & E NORTH LN,1,bdd5045b
TLTCCY,Fire,Fire alarm,19002,Horsham,LANDIS DR & LOWER STATE RD,1,612041db
TLTCEC,EMS,Unconscious subject,19468,Upper Providence,RIDGE PIKE & KLINE RD,1,2b5fd051
TLTCHH,Fire,Fire special service,19468,Upper Providence,RIDGE PIKE & KLINE RD,1,32be9cfd
TLTD2L,EMS,Altered mental status,19464,Lower Pottsgrove,EVERGREEN RD & W LIGHTCAP RD,1,25a57dfb
TLTD3F,EMS,General weakness,19454,Upper Gwynedd,KEARNEY DR & ARBOUR CT,1,3449098c
TLTD4Q,EMS,Back pains/injury,19401,Norristown,MARSHALL ST & FRANKLIN ALY,1,0f581716
TLTD5M,EMS,Dizziness,19010,Lower Merion,MONTGOMERY AVE & N MERION AVE,1,37692e71
TLTD6U,EMS,Unconscious subject,19040,Upper Moreland,TERWOOD RD & DAVISVILLE RD,1,c0cff250
TLTDE1,EMS,Subject in pain,19454,Horsham,HORSHAM RD & GREEN TREE TAVERN RD,1,623f9cf8
TLTDEY,Traffic,Vehicle accident,19426,Collegeville,PARK AVE & 2ND AVE,1,66418c4d
TLTDJD,Traffic,Vehicle accident,19403,Lower Providence,EGYPT RD & SCHA-RA LN,1,b7690f17
TLTDM1,Traffic,Disabled vehicle,19462,Plymouth,GALLAGHER RD & CHEMICAL RD,1,6576cac6
TLTDPV,Traffic,Vehicle accident,19440,Towamencin,ALLENTOWN RD & THORNDALE DR,1,11b174d9
TLTDQS,EMS,Heat exhaustion,19464,Pottstown,WALNUT ST & N WASHINGTON ST,1,9b36d638
TLTDY4,EMS,Head injury,19041,Lower Merion,CHESWOLD LN & W MONTGOMERY AVE,1,56a7801c
TLTE1O,EMS,Hemorrhaging,19403,West Norriton,MAIN ST & S MONTGOMERY AVE,1,48a7fdd0
TLTE2S,EMS,Seizures,19406,Upper Merion,GULPH RD & KIRK AVE,1,57527a28
TLTEC8,EMS,Abdominal pains,19090,Abington,LAMOTT AVE & OSBOURNE AVE,1,d5bdb3bf
TLTEFN,EMS,Nausea/vomiting,19001,Abington,SHOEMAKER RD & AMBLER RD,1,7e97e838
TLTEJA,EMS,Syncopal episode,19406,Upper Merion,SWEDELAND RD & TRINITY LN,1,993a0ce0
TLTELA,Fire,Gas-odor/leak,19040,Upper Moreland,EXTON RD,1,50f3ee55
TLTEMV,Traffic,Vehicle accident,19044,Horsham,EASTON RD & RUTH AVE,1,c6624bf3
TLTEOA,Traffic,Road obstruction,19454,North Wales,SHEARER ST & S CENTER ST,1,09553736
TLTEP9,Fire,Debris/fluids on highway,19401,East Norriton,GERMANTOWN PIKE & HILLCREST AVE,1,27375c46
TLTEPG,EMS,Fall victim,19446,Upper Gwynedd,BRITTANY PT & VALLEY FORGE RD,1,25a6547f
TLTEVK,Traffic,Vehicle accident,19462,Whitemarsh,BUTLER PIKE & MILITIA HILL RD,1,0a35cd8e
TLTEXH,EMS,Vehicle accident,19428,Conshohocken,JONES ST,1,7c64a49e
TLTEY1,Traffic,Vehicle accident,19428,Conshohocken,JONES ST & E 7TH AVE,1,4f3adbd5
TLTF3C,Fire,Building fire,19464,Limerick,JONES BLVD & BROOKE RD,1,a79bca2a
TLTF4Z,EMS,Respiratory emergency,19422,Lower Gwynedd,CULPEPPER DR & STAFFORD DR,1,ffdcdd49
TLTF9Z,EMS,Unknown medical emergency,19462,Plymouth,GERMANTOWN PIKE & LAUNFALL RD,1,92d23c97
TLTFCI,EMS,Unknown medical emergency,19401,Norristown,MAIN ST & PEARL ST,1,1d3f4659
TLTFIW,Traffic,Vehicle accident,19002,Ambler,PARK AVE & MATTISON AVE,1,72ad7810
TLTFJ9,EMS,Unconscious subject,19027,Abington,TOWNSHIP LINE RD & CHURCH RD,1,42306050
TLTFQS,EMS,Cardiac emergency,19403,Lower Providence,SHANNONDELL DR & SHANNONDELL BLVD,1,cd1b6a88
TLTFRR,EMS,Cardiac emergency,19034,Upper Dublin,JENNIFER DR & S LIMEKILN PIKE,1,15bed47e
TLTFXF,Fire,Fire alarm,19468,Limerick,WALDEN CT & LAKESIDE DR,1,4dd574d2
TLTG1C,EMS,Subject in pain,19006,Abington,HUNTINGDON PIKE & MOREDON RD,1,42a481cf
TLTG43,Traffic,Disabled vehicle,18964,Franconia,ALLENTOWN RD & HALTEMAN RD,1,d6ef5e5b
TLTG95,Fire,Fire investigation,19426,Trappe,FAIRWAY DR & W 5TH AVE,1,ff7e68cb
TLTG9F,EMS,Unconscious subject,18073,Upper Hanover,FRYE RD & GRAMM RD,1,d65d6911
TLTGCX,EMS,Seizures,19406,Upper Merion,DEKALB PIKE & BRANDYWINE LN,1,45f4a35a
TLTGEY,EMS,Respiratory emergency,19422,Lower Gwynedd,CULPEPPER DR & STAFFORD DR,1,f831a811
TLTGPI,Traffic,Disabled vehicle,19464,West Pottsgrove,RT422 BYP & RAMP S GROSSTOWN RD TO RT422 WB,1,cb5821d6
TLTGVP,Traffic,Vehicle accident,19010,Lower Merion,LANCASTER AVE & WATER ST,1,68bd0188
TLTGW4,Traffic,Vehicle accident,19422,Lower Gwynedd,PLYMOUTH RD & TOWNSHIP LINE RD,1,b63fea70
TLTGWS,Traffic,Vehicle accident,19044,Horsham,NORRISTOWN RD & SAWYERS WAY,1,07e5ded6
TLTGXS,Traffic,Vehicle accident,19072,Lower Merion,OAKWOOD DR & OAKWOOD TER,1,63126258
TLTH17,EMS,General weakness,19401,Norristown,DEKALB ST & E BASIN ST,1,9ff4c0dd
TLTH3R,Traffic,Vehicle accident,19401,West Norriton,N FORREST AVE & W MAIN ST,1,06d25892
TLTH3T,Fire,Fire alarm,19027,Cheltenham,OLD YORK RD & MEETINGHOUSE RD,1,65efe40f
TLTH5O,Traffic,Vehicle accident,19401,Norristown,MAIN ST & FOREST AVE,1,0c7412f2
TLTHC7,EMS,Allergic reaction,18936,Horsham,GLENDEVON DR & DEAD END,1,7668da9d
TLTHCZ,EMS,Unknown medical emergency,19464,Pottstown,KING ST & MANATAWNY ST,1,0e853e9c
TLTHEL,EMS,Medical alert alarm,19403,West Norriton,BRANDON RD & S SCHUYLKILL AVE,1,791896df
TLTHGI,Traffic,Vehicle accident,19401,Norristown,CHERRY ST & W MARSHALL ST,1,622ed14d
TLTHPK,Traffic,Vehicle accident,19422,Lower Gwynedd,PLYMOUTH RD & TOWNSHIP LINE RD,1,04af52af
TLTHWQ,Fire,Fire police needed,19464,Upper Pottsgrove,GILBERTSVILLE RD,1,7a0095ae
TLTI70,EMS,Cardiac arrest,19454,Montgomery,UPPER STATE RD & CLAREMONT DR,1,d46efc26
TLTIDY,EMS,Cardiac emergency,19473,Limerick,STEINMETZ RD & BRAGG RD,1,310957e2
TLTIET,Traffic,Vehicle accident,19006,Lower Moreland,HUNTINGDON PIKE & CATHEDRAL RD,1,28dbb2be
TLTIH0,EMS,Respiratory emergency,19464,Pottstown,YORK ST & HIGH ST,1,98e5aee1
TLTIIG,Fire,Vehicle fire,19006,Lower Moreland,HUNTINGDON PIKE & CATHEDRAL RD,1,7e68516a
TLTIJV,Fire,Cardiac arrest,19454,Montgomery,UPPER STATE RD & CLAREMONT DR,1,90d0d0c9
TLTILV,EMS,Unresponsive subject,19401,Norristown,PEARL ST & W LAFAYETTE ST,1,513b1fe5
TLTIO3,EMS,Heat exhaustion,19150,Cheltenham,CHELTENHAM AVE & 79TH AVE,1,a1fcf591
TLTIT3,Fire,Fire alarm,19428,Conshohocken,ELM ST & FAYETTE ST,1,134ac2f2
TLTIVN,Traffic,Vehicle accident,19001,Abington,OLD YORK RD & SUSQUEHANNA RD,1,0ba8bfa6
TLTJ2D,EMS,Altered mental status,19462,Plymouth,GERMANTOWN PIKE,1,171b6ab9
TLTJ2D-1,EMS,Altered mental status,19462,Plymouth,GERMANTOWN PIKE & WALTON RD,1,037cc0e0
TLTJ2V,Traffic,Vehicle accident,19446,Hatfield Township,BROAD ST & LYNWOOD DR,1,fc7cf49f
TLTJ4V,Traffic,Vehicle accident,19401,Norristown,CHERRY ST & W MARSHALL ST,1,5a24e473
TLTJDO,Fire,Fire alarm,19464,Pottstown,HIGH ST & S FRANKLIN ST,1,7f4310c2
TLTJL3,EMS,Cardiac emergency,19003,Lower Merion,MONTGOMERY AVE & EDGEWOOD RD,1,5c3239aa
TLTJT2,EMS,Respiratory emergency,19006,Abington,BUCK HILL DR & LEE LYNN LN,1,7ebce1dd
TLTJX0,EMS,Fall victim,19406,Upper Merion,EDWARDS DR & BERNARD DR,1,68324080
TLTK00,Traffic,Disabled vehicle,19096,Lower Merion,LANCASTER AVE & REMINGTON RD,1,e51fd08e
TLTK0T,EMS,Heat exhaustion,19438,Towamencin,RITTENHOUSE RD & CLEMENS RD,1,e3e25155
TLTKA2,EMS,Subject in pain,19044,Horsham,GREEN MEADOW LN & SAWYERS WAY,1,27b8f51f
TLTL2N,Fire,Fire alarm,19010,Lower Merion,MT PLEASANT RD & MUIRFIELD RD,1,2b12ff77
TLTLB0,EMS,CVA/stroke,19438,Skippack,CLONMEL RD & FORT BEVON RD,1,0425ba0d
TLTLFU,EMS,Respiratory emergency,19422,Whitpain,FERGUSON LN & MARA DR,1,96b15ee8
TLTLGF,Traffic,Disabled vehicle,19446,Towamencin,ALLENTOWN RD & WEIKEL RD,1,215e3b94
TLTLJV,EMS,General weakness,19401,Norristown,MAIN ST & STANBRIDGE ST,1,64b89899
TLTLO7,Traffic,Vehicle accident,19428,West Conshohocken,BALLIGOMINGO RD & PORTLAND RD,1,6b4b7755
TLTLPZ,Fire,Fire alarm,19038,Springfield,PAPER MILL RD & SKYLINE DR,1,cdc53de7
TLTLRT,EMS,Subject in pain,19035,Lower Merion,WAVERLY RD & YOUNGS FORD RD,1,5f1dfca2
TLTM2G,Traffic,Disabled vehicle,19401,East Norriton,DEKALB PIKE & COLONIAL DR,1,322967d9
TLTM73,Fire,S/B at helicopter landing,19031,Springfield,BETHLEHEM PIKE & COLLEGE AVE,1,e0e07bf4
TLTM82,EMS,Fall victim,18073,Marlborough,CAMPBELL RD & UPPER RIDGE RD,1,0b87684d
TLTM96,EMS,Subject in pain,19046,Abington,THE FAIRWAY  & RYDAL RD,1,f95c639e
TLTMCB,Traffic,Vehicle accident,19090,Upper Moreland,FITZWATERTOWN RD & N YORK RD,1,8fbfdf91
TLTMPO,Traffic,Road obstruction,19403,East Norriton,TAFT RD & EISENHOWER DR,1,85f7beed
TLTN0M,Fire,Fire alarm,19038,Springfield,PAPER MILL RD & SKYLINE DR,1,966e2fa3
TLTNAQ,EMS,Allergic reaction,18936,Horsham,GLENDEVON DR & DEAD END,1,d0279706
TLTNNA,Fire,Fire alarm,19012,Cheltenham,ASHBOURNE RD & FOSTER RD,1,92d05af3
TLTO35,EMS,Hemorrhaging,19401,Norristown,FOREST AVE & W AIRY ST,1,4d96a8d4
TLTOA2,Traffic,Road obstruction,19525,Douglass,BUCHERT RD & GILBERTSVILLE RD,1,e399aeca
TLTOCJ,Traffic,Vehicle accident,19462,Plymouth,GERMANTOWN PIKE & ATRIUM WAY,1,6378d71f
TLTOCV,Traffic,Vehicle accident,19401,Norristown,HAWS AVE & W MAIN ST,1,a1b11801
TLTOG6,EMS,Lacerations,19401,Norristown,NOBLE ST & DEAD END,1,27c21142
TLTOHR,EMS,Respiratory emergency,19464,Pottstown,SPRUCE ST & WEST ST,1,eb1ebee2
TLTOK0,Traffic,Vehicle fire,19468,Royersford,MAIN ST & N 6TH AVE,1,0c202f07
TLTOMU,Fire,Vehicle fire,19468,Royersford,MAIN ST & N 6TH AVE,1,9b0a3a09
TLTOO4,Traffic,Vehicle accident,19462,Plymouth,W GERMANTOWN PIKE & PLYMOUTH RD,1,bb7177a5
TLTOPQ,Traffic,Road obstruction,19085,Lower Merion,W MONTGOMERY AVE & SPRING MILL RD,1,f102a0a6
TLTORI,Traffic,Road obstruction,19525,Douglass,WILSON AVE & E PHILADELPHIA AVE,1,de7527da
TLTORI-1,Traffic,Road obstruction,19525,Douglass,SWAMP CREEK RD & WILSON AVE,1,9129eb94
TLTOSW,Fire,Fire alarm,19422,Whitpain,SULLIVAN DR & YOST RD,1,97eee826
TLTOWT,Traffic,Vehicle accident,19046,Abington,VALLEY RD & OLD VALLEY RD,1,6309e516
TLTOWT-1,Traffic,Vehicle accident,19046,Abington,MILL RD & OLD VALLEY RD,1,7775e3f9
TLTOXT,EMS,Fall victim,19403,Lower Providence,SHANNONDELL DR & SHANNONDELL BLVD,1,88b22ce7
TLTP16,EMS,Head injury,19027,Cheltenham,OLD YORK RD & STAHR RD,1,eb3f3831
TLTP4G,Traffic,Vehicle accident,19468,Limerick,RIDGE PIKE & N TOWNSHIP LINE RD,1,9c52d059
TLTP6H,EMS,Altered mental status,19462,Plymouth,BELVOIR RD & ROMANO DR,1,3f45c79a
TLTP6N,EMS,General weakness,18964,Souderton,COUNTY LINE RD & E BROAD ST,1,06129798
TLTP6O,Traffic,Vehicle accident,19468,Limerick,RIDGE PIKE & N TOWNSHIP LINE RD,1,b0a3bd5c
TLTP7K,EMS,Fall victim,19075,Springfield,CHURCH RD & SANDY HILL RD,1,03f2856f
TLTPFL,Traffic,Road obstruction,19426,Trappe,3RD AVE & COLLEGE AVE,1,556afa78
TLTPKW,Traffic,Vehicle accident,19444,Whitemarsh,GERMANTOWN PIKE & S WARNER RD,1,a87528b5
TLTPN6,Traffic,Road obstruction,19087,Chester County,WILSON RD & CHESTERBROOK BLVD,1,4bc8d343
TLTPNI,Traffic,Road obstruction,19087,Chester County,WILSON RD & CHESTERBROOK BLVD,1,cd9588cd
TLTPQX,Fire,Fire alarm,19426,Worcester,QUARRY HALL RD & DELL RD,1,fa6fc75d
TLTPU3,Fire,Fire alarm,19464,Pottstown,HANOVER ST & BEECH ST,1,ffcd14ee
TLTPVD,Traffic,Road obstruction,19446,Towamencin,MORRIS RD & HENNING WAY,1,c899654b
TLTPYD,Fire,Fire alarm,18969,Telford,RIDGE AVE & OXFORD ALY,1,349d41b5
TLTQ6L,Traffic,Road obstruction,19034,Upper Dublin,BETHLEHEM PIKE & W PENNSYLVANIA AVE,1,49390de7
TLTQF7,Traffic,Road obstruction,19002,Ambler,TENNIS AVE & REIFFS MILL RD,1,8dd7c899
TLTQHS,EMS,Head injury,19401,Norristown,LAFAYETTE ST & SWEDE ST,1,cbe3b3f4
TLTQIH,Fire,Fire alarm,18936,Montgomery,COMMERCE DR & STUMP RD,1,3198ec7e
TLTQJP,Fire,Electrical fire outside,18964,Towamencin,WAMBOLD RD & SCHOOLHOUSE RD,1,71749191
TLTQLD,Fire,Elevator emergency,19025,Horsham,WELSH RD & W PRUDENTIAL DR,1,2ccce9ae
TLTQMZ,Traffic,Road obstruction,18964,Souderton,S FRONT ST & CHERRY LN,1,146a4b87
TLTQMZ-1,Traffic,Road obstruction,18964,Souderton,S FRONT ST & MONTGOMERY AVE,1,1a6ca2ab
TLTQP7,Fire,Fire investigation,19025,Upper Dublin,DERRY DR & KENMARE DR,1,4a7e0e04
TLTQUX,Fire,Fire alarm,19454,Lower Gwynedd,MEETINGHOUSE RD & DEKALB PIKE,1,ef171bc2
TLTQXF,Fire,Electrical fire outside,19006,Lower Moreland,BUCK RD & WOODWARD DR,1,617b9127
TLTQZM,Traffic,Road obstruction,19426,Trappe,3RD AVE & COLLEGE AVE,1,e821817a
TLTR39,Traffic,Road obstruction,19446,Lansdale,MAIN ST & N CANNON AVE,1,699c1c91
TLTR8K,Traffic,Road obstruction,19446,Lansdale,WEDGEWOOD DR & ANDOVER RD,1,9f62777b
TLTRB3,Traffic,Disabled vehicle,19468,Limerick,N LEWIS RD & RAMP N LEWIS RD TO RT422 EB,1,223dcf65
TLTREL,Traffic,Disabled vehicle,19422,Whitpain,DEKALB PIKE & YOST RD,1,aa4e936f
TLTRJY,EMS,CVA/stroke,19027,Cheltenham,CADWALADER AVE & WESTVIEW RD,1,f1699874
TLTRLK,EMS,Cardiac emergency,19446,Lansdale,LANSDALE AVE & E 7TH ST,1,222b4614
TLTRMP,Fire,Fire alarm,19038,Springfield,ARDMORE AVE & MORELAND AVE,1,324931e3
TLTRSV,Traffic,Vehicle accident,18964,Franconia,MIDDLE PARK DR & LONGCHAMP DR,1,ce2c248c
TLTRUV,EMS,Syncopal episode,19406,Upper Merion,DEKALB PIKE & S HENDERSON RD,1,6f767b44
TLTS0Q,EMS,Cardiac arrest,19438,Franconia,MAPLE AVE & YODER RD,1,f3bd791c
TLTS0V,Fire,Cardiac arrest,19438,Franconia,MAPLE AVE & YODER RD,1,efc69bad
TLTS7B,Fire,Fire police needed,19446,Lansdale,WEDGEWOOD DR & ANDOVER RD,1,686538c4
TLTSE6,Traffic,Road obstruction,19006,Abington,MOREDON RD & OLD FORD RD,1,823795a4
TLTSEA,Fire,Fire alarm,19401,Norristown,WILLOW ST & SCOTT ALY,1,0d2b6f82
TLTSF3,Traffic,Disabled vehicle,19426,Upper Providence,ARCOLA RD & PERKIOMEN TRL,1,710bc1d0
TLTSLE,EMS,Vehicle accident,19027,Cheltenham,OLD YORK RD & STAHR RD,1,b484ea61
TLTSMA,Fire,Electrical fire outside,19403,Lower Providence,EGYPT RD,1,e4164f6f
TLTSN3,Traffic,Vehicle accident,19027,Cheltenham,OLD YORK RD & STAHR RD,1,87e67f4f
TLTSNL,Traffic,Disabled vehicle,19002,Lower Gwynedd,NORRISTOWN RD & N BETHLEHEM PIKE,1,46846173
TLTSQS,EMS,Subject in pain,19001,Abington,BLUE JAY RD & THUNDERHEAD RD,1,fabda920
TLTT10,Traffic,Road obstruction,19446,Montgomery,MCLAUGHLIN RD & COUNTRY CLUB DR,1,0f8ba6df
TLTT3V,Traffic,Vehicle accident,19025,Upper Dublin,E PRUDENTIAL DR & WELSH RD,1,38c4a6bf
TLTT4J,Traffic,Vehicle accident,19468,Limerick,LIMERICK CENTER RD & FERNDALE LN,1,0d54d94b
TLTTBS,EMS,Respiratory emergency,19040,Upper Moreland,DOROTHY ST & CASTELLO AVE,1,1e4d0e87
TLTTMO,Fire,Fire alarm,19422,Lower Gwynedd,REGENCY CIR & DEAD END,1,adfa8217
TLTTUD,Traffic,Road obstruction,19046,Abington,COX RD & WASHINGTON LN,1,824f569a
TLTTY1,Traffic,Road obstruction,19446,Upper Gwynedd,BROWNING CT & GWYNEDALE WAY,1,c47d08b1
TLTTZL,EMS,Fracture,19406,Upper Merion,AMERICAN AVE & 1ST AVE,1,32575ea1
TLTU1J,Traffic,Road obstruction,19040,Hatboro,BYBERRY AVE & S WARMINSTER RD,1,a511de60
TLTU1O,Traffic,Vehicle accident,19406,Upper Merion,DEKALB PIKE & W BORO LINE RD,1,f53c08b5
TLTU1R,Traffic,Vehicle accident,19464,Pottstown,OAK ST & N EVANS ST,1,f5389555
TLTU1R-1,Traffic,Vehicle accident,19464,Pottstown,EVANS ST & JEFFERSON AVE,1,afd665f1
TLTU4C,Traffic,Road obstruction,19006,Lower Moreland,HEATON RD & BYBERRY RD,1,e1dee99c
TLTU8V,Fire,Fire alarm,19454,Lower Gwynedd,MEETINGHOUSE RD & DEKALB PIKE,1,725cff7b
TLTUD5,Fire,Carbon monoxide detector,19085,Lower Merion,MT PLEASANT RD & MEADOWBANK RD,1,7a181a52
TLTUDQ,Traffic,Disabled vehicle,19438,Franconia,HARLEYSVILLE PIKE & SCHOOLHOUSE RD,1,2e5f818d
TLTUEJ,Fire,Gas-odor/leak,19446,Lansdale,3RD ST & UNNAMED ALY,1,0c45ef7e
TLTUFN,Fire,Fire alarm,19446,Towamencin,OBERLIN TER & BANCROFT RD,1,20643d05
TLTUK3,Fire,Fire alarm,19010,Lower Merion,CAVERSHAM RD & POTTS LN,1,d2ffcf14
TLTULW,Fire,Electrical fire outside,19473,Skippack,PERKIOMEN CREEK RD & HOLLYWOOD DR,1,361c75fe
TLTUPG,EMS,Allergic reaction,19428,West Conshohocken,MATSONFORD RD & CHURCH ST,1,f74bc044
TLTUQE,EMS,Head injury,19446,Towamencin,WOODS DR & DETWILER RD,1,4496174e
TLTUX1,EMS,Syncopal episode,19462,Plymouth,RIDGE PIKE & LUCETTA ST,1,6dcd5b6b
TLTV1X,Traffic,Disabled vehicle,19525,Douglass,HOLLY RD & INDUSTRIAL DR,1,6ddc02af
TLTV53,EMS,Vehicle accident,19038,Cheltenham,EASTON RD & W GLENSIDE AVE,1,865eadc7
TLTV5G,Traffic,Vehicle accident,19038,Cheltenham,EASTON RD & W GLENSIDE AVE,1,270563f7
TLTV6A,Fire,Fire investigation,19046,Rockledge,HUNTINGDON PIKE & CHURCH RD,1,c571c3ca
TLTV6N,Traffic,Vehicle accident,19038,Springfield,PAPER MILL RD & SWADE RD,1,755b4cca
TLTW8B,Traffic,Hazardous road conditions,19464,Pottstown,RT100 SB & SHOEMAKER RD,1,710411af
TLTWJ9,Fire,Electrical fire outside,19464,Upper Pottsgrove,PINEFORD RD & FARVIEW LN,1,dc9ecb23
TLTWK4,Traffic,Road obstruction,19446,Towamencin,MORRIS RD & HENNING WAY,1,7c8799b1
TLTWZJ,EMS,Medical alert alarm,19438,Franconia,MAPLEWOOD DR & CRESCENT CIR,1,a8e0e52a
TLTXKC,Fire,Fire alarm,18936,Montgomery,COMMERCE DR & STUMP RD,1,e34dc6f9
TLTXXS,EMS,Cardiac arrest,19475,Chester County,LATSHAW RD & PENNHURST RD,1,e34ba169
TLTY24,Fire,Fire investigation,19446,Montgomery,ASHLEY CIR & MONTGOMERY GLEN DR,1,3053ed0f
TLTY8Z,EMS,Assault victim,19468,Upper Providence,ORCHARD CT & VAUGHN RD,1,69761901
TLTYMC,EMS,Subject in pain,19446,Montgomery,DOUGLASS RD & SPUR RD,1,ce8f3890
TLTYMJ,Traffic,Road obstruction,19002,Upper Dublin,E BUTLER PIKE & MORRIS RD,1,0c8eb037
TLTYSC,Traffic,Vehicle accident,19126,Cheltenham,CHELTENHAM AVE & OLD YORK RD,1,03ed835c
TLTZ3M,EMS,Cardiac emergency,19003,Lower Merion,CRICKET AVE & E LANCASTER AVE,1,1a8bbee4
TLTZ5I,EMS,Unknown medical emergency,19406,Upper Merion,HAMLET DR & N HENDERSON RD,1,0e8b8690
TLTZ94,EMS,Cardiac emergency,19406,Upper Merion,COATES LN & EVERGREEN LN,1,899d272a
TLTZA5,Fire,Fire alarm,19027,Abington,TOWNSHIP LINE RD & ROLLING HILL RD,1,10d567c0
TLTZJQ,Fire,Fire alarm,19446,Towamencin,OBERLIN TER & BANCROFT RD,1,fd204a05
TLU01G,Traffic,Vehicle accident,19446,Towamencin,VALLEY FORGE RD & SUMNEYTOWN PIKE,1,1b4350e6
TLU0EV,Traffic,Road obstruction,19438,Lower Salford,STORE RD & RITTENHOUSE RD,1,1bf01a1a
TLU0SK,Fire,Fire alarm,19422,Whitpain,TULIP TREE CT & COPPER BEECH DR,1,7441b4f0
TLU0TN,Fire,Fire police needed,19438,Lower Salford,STORE RD,1,b88b58ae
TLU11J,EMS,Fall victim,19454,Upper Gwynedd,KEARNEY DR & ARBOUR CT,1,0f1d33a4
TLU1DO,EMS,Fall victim,19405,Upper Merion,JEFFERSON ST & ROOSEVELT AVE,1,583d389b
TLU1HP,Fire,Fire special service,19405,Upper Merion,JEFFERSON ST & ROOSEVELT AVE,1,3fcb5fa4
TLU27A,EMS,Unknown medical emergency,19401,Norristown,AIRY ST & SWEDE ST,1,31b1e59a
TLU27A-1,EMS,Unknown medical emergency,19401,Norristown,DEKALB ST & E MARSHALL ST,1,7cd9aca9
TLU2K7,EMS,Cardiac emergency,19003,Lower Merion,CRICKET AVE & E LANCASTER AVE,1,57347f70
TLU2NL,EMS,Respiratory emergency,19401,Norristown,BUTTONWOOD ST & W WASHINGTON ST,1,4fc81629
TLU2YO,EMS,Overdose,19401,Norristown,LOCUST ST & W WOOD ST,1,4f1e2ad8
TLU32W,EMS,Unresponsive subject,19406,Upper Merion,INDEPENDENCE RD & TANGLEWOOD LN,1,3aba5393
TLU343,Fire,Unknown type fire,19044,Horsham,BARK HOLLOW LN,1,f8a8bbbc
TLU37U,Fire,Fire special service,19406,Upper Merion,INDEPENDENCE RD & TANGLEWOOD LN,1,d342cfed
TLU3A9,Traffic,Disabled vehicle,19038,Springfield,ARDMORE AVE & E GRAVERS LN,1,701bdcf7
TLU3CX,EMS,Fall victim,19403,Lower Providence,SHANNONDELL DR & SHANNONDELL BLVD,1,e6cfd2f2
TLU3JM,EMS,Unresponsive subject,19027,Cheltenham,OLD YORK RD & MEETINGHOUSE RD,1,c2099917
TLU3VA,Traffic,Vehicle accident,19002,Horsham,COLBY LN & HORSHAM RD,1,dfb21155
TLU46U,Traffic,Vehicle accident,19038,Springfield,STENTON AVE & S PAPER MILL RD,1,77976298
TLU4EV,Fire,Fire investigation,19401,East Norriton,SENTRY CT & JEFFERSON CROSSING BLVD,1,f320a73f
TLU4G5,Traffic,Disabled vehicle,19038,Springfield,STENTON AVE & E BIRCH LN,1,75d33b0d
TLU4G9,EMS,Fall victim,19446,Towamencin,ALLENTOWN RD & WOODLAWN DR,1,52fd6dea
TLU4LX,EMS,Cardiac arrest,19090,Upper Moreland,MARYLAND RD & COMPUTER AVE,1,bf0dc2da
TLU4OS,Fire,Vehicle fire,18074,Lower Frederick,GRAVEL PIKE & SALFORD STATION RD,1,1faa295d
TLU4OS-1,Traffic,Vehicle fire,18074,Lower Frederick,GRAVEL PIKE & SALFORD STATION RD,1,c684d624
TLU4P4,Traffic,Vehicle fire,18074,Lower Frederick,GRAVEL PIKE & SALFORD STATION RD,1,f114d123
TLU50T,EMS,Unknown medical emergency,19038,Abington,EDGE HILL RD & LIMEKILN PIKE,1,5a3fd7b1
TLU5L4,Fire,Unknown type fire,19446,Lansdale,S BROAD ST,1,861ca7a7
TLU5VZ,Traffic,Vehicle accident,19118,Springfield,STENTON AVE & W WISSAHICKON AVE,1,7b3b1cde
TLU5VZ-1,Traffic,Vehicle accident,19444,Springfield,NORTHWESTERN AVE & GERMANTOWN PIKE,1,0c01a66b
TLU5VZ-2,Traffic,Vehicle accident,19118,Springfield,STENTON AVE & NORTHWESTERN AVE,1,1fd7fec7
TLU5ZZ,Traffic,Vehicle accident,19118,Springfield,STENTON AVE & W WISSAHICKON AVE,1,003e5229
TLU5ZZ-1,Traffic,Vehicle accident,19444,Springfield,NORTHWESTERN AVE & GERMANTOWN PIKE,1,dc586940
TLU5ZZ-2,Traffic,Vehicle accident,19118,Springfield,STENTON AVE & NORTHWESTERN AVE,1,a843741c
TLU68L,EMS,Allergic reaction,19403,Lower Providence,FORGE AVE & S TROOPER RD,1,bc77e548
TLU6VS,EMS,Fall victim,19075,Springfield,LYSTER RD & DALE RD,1,0d6c52b2
TLU71A,EMS,Medical alert alarm,19003,Lower Merion,LANCASTER AVE & CHATHAM RD,1,cd13a26c
TLU789,Traffic,Vehicle accident,19444,Springfield,NORTHWESTERN AVE & GERMANTOWN PIKE,1,f175c9be
TLU789-1,Traffic,Vehicle accident,19118,Springfield,STENTON AVE & NORTHWESTERN AVE,1,dbb0c39a
TLU7GS,Fire,Fire alarm,19403,West Norriton,PORT INDIAN RD & EGYPT RD,1,fe45ea9e
TLU7U8,Fire,Electrical fire outside,19006,Lower Moreland,MAPLE RD & PHILMONT AVE,1,21f0099e
TLU7U9,Traffic,Vehicle accident,19444,Springfield,GERMANTOWN PIKE & THOMAS RD,1,49d874f3
TLU7ZS,EMS,Nausea/vomiting,19426,Perkiomen,HAMILTON RD & RED COAT RD,1,8d582d29
TLUAKM,EMS,Subject in pain,19401,Norristown,MARKLEY ST & STERIGERE ST,1,1b7388cb
TLUAV2,Traffic,Vehicle accident,19473,Skippack,BRIDGE RD & CREAMERY RD,1,ed25aecc
TLUBAT,Fire,Vehicle accident,19473,Skippack,BRIDGE RD & CREAMERY RD,1,a88ef184
TLUBB0,EMS,Vehicle accident,19473,Skippack,BRIDGE RD & CREAMERY RD,1,8d00027d
TLUCE4,Traffic,Disabled vehicle,19150,Cheltenham,CHELTENHAM AVE & 79TH AVE,1,b0cad995
TLUDSM,Traffic,Disabled vehicle,19403,Lower Providence,S PARK AVE & MIAMI AVE,1,48029242
TLUEVJ,EMS,EMS special service,19038,Springfield,PAPER MILL RD & CHELTENHAM AVE,1,a4e91b61
TLUH0N,EMS,Head injury,19446,Lansdale,BROAD ST & E 6TH ST,1,c3066716
TLUHDW,EMS,Unconscious subject,19027,Abington,GLEN PL & VALLEY GLEN RD,1,7aa2df1f
TLUHOW,EMS,Lacerations,19464,Pottstown,MANATAWNY ST & BEECH ST,1,b40ef14b
TLUI1W,Fire,Fire investigation,19446,Towamencin,OBERLIN TER & BANCROFT RD,1,66711ef9
TLUILS,Fire,Fire alarm,19090,Upper Moreland,MANOR HOUSE LN & GREENHILL RD,1,23a235dd
TLUKWN,EMS,Fall victim,19462,Plymouth,BELVOIR RD & PARK DR,1,36657e32
TLUL0V,EMS,Overdose,19464,Pottstown,HIGH ST & BEECH ST,1,5a4ef8bc
TLULSH,Traffic,Disabled vehicle,19401,Norristown,STANBRIDGE ST & STERIGERE ST,1,cfd206fc
TLULUI,EMS,Cardiac emergency,18073,Upper Hanover,FINLAND RD & GERYVILLE PIKE,1,f0b122b8
TLUMLK,EMS,Abdominal pains,19002,Horsham,LOWER STATE RD & SQUIRE DR,1,19ee118f
TLUMNO,Traffic,Road obstruction,19473,Limerick,GREBE RD & STEINMETZ RD,1,54c9c1df
TLUMOM,EMS,CVA/stroke,19403,Lower Providence,EAGLEVILLE RD & SUNDERLAND DR,1,48045b7e
TLUNYW,EMS,Dehydration,19468,Upper Providence,AUBREY LN & ARBORWOOD DR,1,9c16f922
TLUOA2,EMS,Unknown medical emergency,19031,Springfield,BETHLEHEM PIKE & E WISSAHICKON AVE,1,75851e51
TLUOSE,Fire,Fire alarm,19010,Lower Merion,LANCASTER AVE & CENTRAL AVE,1,6fbbd460
TLUP1I,Fire,Fire alarm,19090,Abington,EASTON RD & HAMILTON AVE,1,5d637b2e
TLUPXV,EMS,Overdose,19046,Lower Moreland,WELSH RD & LIEBERMAN DR,1,01635084
TLUQ0Y,EMS,Head injury,19525,New Hanover,LUDWIG RD & MIDDLE CREEK RD,1,1048e44a
TLUQ0Y-1,EMS,Head injury,19525,New Hanover,LUDWIG RD,1,9fbff783
TLUQ50,EMS,Respiratory emergency,19406,Upper Merion,AMERICAN AVE & 1ST AVE,1,b662818e
TLUQLH,Traffic,Road obstruction,19468,Limerick,N TOWNSHIP LINE RD & GRATERFORD RD,1,08cd6254
TLUQLH-1,Traffic,Road obstruction,19473,Limerick,GRATERFORD RD & SUNSET RD,1,3ce8745a
TLUQNH,Fire,Electrical fire outside,18073,Pennsburg,WASHINGTON ST & W 3RD ST,1,d4936838
TLUQUY,EMS,Unconscious subject,19468,Royersford,WALNUT ST & S 4TH AVE,1,1fa389c8
TLUQYS,EMS,Syncopal episode,19044,Horsham,LEARY DR & SUMMER AVE,1,c89f0376
TLURAH,EMS,Head injury,19001,Abington,EAST AVE & EASTON RD,1,486a6033
TLURC9,EMS,Respiratory emergency,19464,Pottstown,WASHINGTON ST & KING ST,1,102b8a68
TLUS2M,EMS,Respiratory emergency,19038,Springfield,STENTON AVE & NEWTON ST,1,17f2d6f9
TLUS3S,EMS,Nausea/vomiting,19004,Lower Merion,CORNELL RD & FORDHAM RD,1,5a028372
TLUSA2,EMS,Subject in pain,19473,Schwenksville,PERKIOMEN AVE & 3RD ST,1,83bcca4e
TLUSG4,EMS,Respiratory emergency,19446,Upper Gwynedd,MAHOGANY WAY & PRIMROSE DR,1,51a3a4ed
TLUSL0,EMS,Unresponsive subject,19422,Whitpain,VALLEY RD & SKIPPACK PIKE,1,62428138
TLUT0H,Fire,Fire alarm,19462,Plymouth,GERMANTOWN PIKE & LAUNFALL RD,1,cd8cdd4a
TLUTDF,Traffic,Vehicle accident,19006,Lower Moreland,PHILMONT AVE & RED LION RD,1,c5b4035b
TLUTNK,EMS,Cardiac emergency,19473,Schwenksville,PERKIOMEN AVE & 3RD ST,1,ab2aae18
TLUU2F,EMS,Subject in pain,19460,Upper Providence,CALDER WAY & BERMAN CT,1,0aa488ef
TLUU6N,EMS,Respiratory emergency,19446,Hatfield Township,BROAD ST & HATFIELD ST,1,15296e39
TLUUA3,Traffic,Vehicle accident,19002,Lower Gwynedd,BETHLEHEM PIKE & SUMNEYTOWN PIKE,1,3c0eb913
TLUUCC,EMS,Fall victim,18041,Upper Hanover,FRUITVILLE RD & WATER ST,1,5f12f6a2
TLUUEV,Traffic,Vehicle accident,19403,West Norriton,MAIN ST & LAWN AVE,1,9180a483
TLUUJP,Traffic,Disabled vehicle,19462,Plymouth,CHEMICAL RD & W GERMANTOWN PIKE,1,0db48a70
TLUULX,EMS,Fall victim,19440,Hatfield Township,WALNUT ST & GARDEN RD,1,267ecb03
TLUUTS,EMS,Respiratory emergency,19090,Upper Moreland,YORK RD & CENTER AVE,1,52f414e6
TLUUUO,EMS,Fall victim,19454,Lower Gwynedd,MEETINGHOUSE RD & DEKALB PIKE,1,b027db8c
TLUVCV,EMS,Respiratory emergency,19006,Lower Moreland,WOODWARD DR & WOODWARD RD,1,388242dc
TLUVTT,EMS,General weakness,19006,Abington,OLIVER RD & WINGATE RD,1,c590cf47
TLUW29,Traffic,Road obstruction,19401,Norristown,DEKALB ST & E OAK ST,1,ddd5b6a0
TLUW71,Fire,Fire alarm,19027,Cheltenham,TOWNSHIP LINE RD & HOLME AVE,1,c70f347e
TLUW97,EMS,Hemorrhaging,19446,Towamencin,DOCK DR & DETWILER RD,1,f1a261eb
TLUWIR,Traffic,Road obstruction,19041,Lower Merion,WOODSIDE RD & W MONTGOMERY AVE,1,2890eff9
TLUWVY,Traffic,Disabled vehicle,19095,Cheltenham,LIMEKILN PIKE & OGONTZ AVE,1,ea2f7cf8
TLUX2O,Fire,Fire investigation,19072,Lower Merion,CENTENNIAL RD & HELEN CIR,1,f7928676
TLUX5P,Traffic,Vehicle accident,19401,Norristown,W MAIN ST & CHERRY ST,1,82a382a2
TLUX7V,Fire,Fire alarm,19428,Plymouth,BROOK RD & COLWELL LN,1,c664ba8e
TLUXBP,EMS,Fall victim,19446,Towamencin,WINDING RD & ERIE DR,1,8a5b5024
TLUXKD,Fire,Elevator emergency,19046,Abington,OLD YORK RD & E TOWNSHIP LINE RD,1,01552a38
TLUXMX,Traffic,Road obstruction,19087,Upper Merion,VALLEY FORGE PARK RD & VALLEY CREEK RD,1,7b037787
TLUXTL,Traffic,Vehicle accident,19006,Lower Moreland,HUNTINGDON PIKE & WELSH RD,1,07025a94
TLUY35,Traffic,Road obstruction,19087,Upper Merion,VALLEY FORGE PARK RD & VALLEY CREEK RD,1,8a1c924e
TLUY3J,Traffic,Road obstruction,19454,Upper Gwynedd,NORTH WALES RD & HANCOCK RD,1,63291a7b
TLUY57,Traffic,Road obstruction,19406,Upper Merion,N GULPH RD & W DEKALB PIKE,1,7f7e1f16
TLUY9V,EMS,Abdominal pains,19428,Plymouth,BUTLER PIKE & CARDINAL DR,1,a72aab02
TLUYCJ,EMS,Head injury,19406,Upper Merion,HORIZON DR & RENAISSANCE BLVD,1,32717de2
TLUYEF,EMS,Respiratory emergency,19001,Abington,ROBERTA AVE & CLEVELAND AVE,1,44e7c93a
TLUYFA,Fire,Fire alarm,19044,Horsham,ENTERPRISE RD & PROGRESS DR,1,c5e32c49
TLUYGC,EMS,Dizziness,19040,Upper Moreland,KAREN LN & DAVISVILLE RD,1,e77e799d
TLUYHV,EMS,Respiratory emergency,19403,Lower Providence,SHANNONDELL DR & SHANNONDELL BLVD,1,b4b346b7
TLUYQH,Traffic,Vehicle accident,19464,Pottstown,RT100 SB & W KING ST,1,d5197246
TLUYTH,EMS,Unconscious subject,19464,Pottstown,CHARLOTTE ST & NIGHTINGALE ST,1,5e3e81b4
TLUYYY,EMS,Altered mental status,19468,Upper Providence,BLACK ROCK RD & S TRAPPE RD,1,c1be478b
TLUYZU,EMS,Fall victim,19096,Lower Merion,WYNNEWOOD RD & PENN RD,1,6a9ba15e
TLUZO9,Traffic,Vehicle accident,19006,Lower Moreland,WELSH RD & HUNTINGDON PIKE,1,1267efbd
TLUZXZ,Fire,Fire investigation,19046,Abington,KINGSLEY RD & DEVON RD,1,f26868e3
TLUZY6,Traffic,Vehicle accident,19006,Bryn Athyn,ALNWICK RD & QUARRY RD,1,62cba8d1
TLUZZP,Traffic,Vehicle accident,19095,Cheltenham,CHELTENHAM AVE & GREENWOOD ST,1,a1d81f5b
TLV04R,EMS,Fall victim,19518,Berks County,MIDDLEMARCH RD & WESTIN RD,1,08e8ffb3
TLV0D3,EMS,Cardiac emergency,19072,Lower Merion,HAVERFORD AVE & SHIRLEY RD,1,98f4564f
TLV0JD,EMS,Cardiac emergency,19401,Norristown,HIGH ST & E OAK ST,1,13713196
TLV0TD,Traffic,Vehicle accident,19095,Cheltenham,CHELTENHAM AVE & GREENWOOD ST,1,94bb4f98
TLV1FH,EMS,General weakness,19401,Norristown,E OAK ST,1,2711bea0
TLV1M4,EMS,Syncopal episode,19406,Upper Merion,VALLEY FORGE CIR & OLD VALLEY FORGE RD,1,7968f2b4
TLV1U9,Traffic,Vehicle accident,19454,Montgomery,KNAPP RD & WITCHWOOD DR,1,0a239c68
TLV1UW,EMS,Vehicle accident,19454,Montgomery,KNAPP RD & WITCHWOOD DR,1,27bfe455
TLV20P,Traffic,Disabled vehicle,19464,Limerick,AIRPORT RD & RIDGE PIKE,1,d9148d3a
TLV24O,EMS,Cardiac emergency,19403,Lower Providence,BRIMFIELD RD & SANDOWN RD,1,606e23ff
TLV29P,EMS,Fever,19046,Abington,ZANE AVE & SHELMIRE ST,1,3825fd80
TLV2E9,Fire,Fire alarm,19406,Upper Merion,CHURCH RD & S HENDERSON RD,1,a0220d98
TLV2L1,Traffic,Road obstruction,19403,Lower Providence,DEERFIELD DR & MARTHA LN,1,39a06e44
TLV2M1,EMS,Building fire,18944,Bucks County,HILLTOWN PIKE & GREEN ST,1,7138d2af
TLV2U5,Traffic,Vehicle accident,19003,Lower Merion,RITTENHOUSE PL & E LANCASTER AVE,1,3d8e5006
TLV3HO,EMS,Head injury,19428,West Conshohocken,CONSHOHOCKEN STATE RD & BARR HARBOR DR,1,5660eceb
TLV3MY,Fire,Fire investigation,19072,Narberth,MONTGOMERY AVE & MAPLEWOOD AVE,1,66c34058
TLV3OI,EMS,Fall victim,18964,Franconia,SUMMIT ST & COLONIAL AVE,1,b3252056
TLV3Q2,Traffic,Vehicle accident,19446,Hatfield Township,COWPATH RD & N BROAD ST,1,d74e78e0
TLV3WX,EMS,General weakness,19040,Upper Moreland,PLEASANT HILL RD & COUNTRYWOOD LN,1,18bfe155
TLV3XL,Traffic,Vehicle accident,19046,Abington,OLD YORK RD & RODMAN AVE,1,03341577
TLV3YJ,EMS,Fall victim,19006,Lower Moreland,BARNSWALLOW LN & WARFIELD DR,1,79125875
TLV3ZO,EMS,Hemorrhaging,18964,Franconia,BRIGHTON PL & DEERFIELD DR,1,0fa91699
TLV4OD,EMS,Unknown medical emergency,18964,Souderton,2ND ST & UNNAMED ALY,1,4ff04755
TLV4P0,Traffic,Disabled vehicle,19027,Cheltenham,TOWNSHIP LINE RD & E CHURCH RD,1,97211d62
TLV4UA,Fire,Fire alarm,19038,Springfield,STENTON AVE & E EVERGREEN AVE,1,248d8893
TLV526,EMS,Back pains/injury,19422,Whitpain,VALLEY RD & SKIPPACK PIKE,1,f759c0cc
TLV546,Traffic,Disabled vehicle,19035,Lower Merion,CONSHOHOCKEN STATE RD & MAPLECREST CIR,1,d6bc1ca2
TLV57W,Traffic,Vehicle accident,19406,Upper Merion,1ST AVE & MOORE RD,1,9e29240f
TLV5B6,EMS,Unknown medical emergency,19403,East Norriton,GREEN RIDGE RD & BRAMBLING LN,1,28fd3ca0
TLV5OE,Traffic,Disabled vehicle,19464,Bucks County,RAMP STOW,1,65dd6aff
TLV5OE-1,Traffic,Disabled vehicle,19464,West Pottsgrove,RT422 BYP EB & RAMP RT422 EB TO S GROSSTOWN RD,1,68bbc79d
TLV5Q9,EMS,Fever,19401,Norristown,STANBRIDGE ST & W WASHINGTON ST,1,12bec8a1
TLV5VJ,Fire,Carbon monoxide detector,19035,Lower Merion,DODDS LN & OLD GULPH RD,1,33bdbb64
TLV616,EMS,Cardiac arrest,19464,Upper Pottsgrove,MOCK RD & NEEDHAMMER RD,1,a8ac9e4e
TLV61G,Fire,Cardiac arrest,19464,Upper Pottsgrove,MOCK RD & NEEDHAMMER RD,1,e8d54cca
TLV66L,Traffic,Vehicle accident,19468,Upper Providence,MENNONITE RD & S TRAPPE RD,1,3e3ec8a4
TLV69S,EMS,Seizures,19002,Horsham,BUTLER PIKE & NESBITT RD,1,2b2d35f9
TLV6AC,Traffic,Vehicle accident,19004,Lower Merion,E CITY AVE & CONSHOHOCKEN STATE RD,1,b0a6fbce
TLV6E0,EMS,Head injury,19446,Lansdale,MAIN ST & WOODLAND DR,1,9426ae6b
TLV6QD,EMS,Head injury,19090,Upper Moreland,BLAIR MILL RD & CARRELL LN,1,b48cc826
TLV6RB,EMS,Subject in pain,19010,Lower Merion,BRYN MAWR AVE & OLD LANCASTER RD,1,0a506a0d
TLV6S6,Fire,Fire alarm,19038,Abington,MEYER AVE & MAPLE AVE,1,96890de7
TLV6TW,Fire,Fire alarm,19096,Lower Merion,FAIRHILL RD & KENT RD,1,067f5365
TLV6U4,Traffic,Road obstruction,19002,Lower Gwynedd,RT309 EXPY & RAMP RT309 SB TO NORRISTOWN RD,1,6d355519
TLV6UH,Traffic,Road obstruction,19002,Lower Gwynedd,RT309 EXPY & RAMP RT309 SB TO NORRISTOWN RD,1,9ce7c4bb
TLV79I,EMS,Head injury,19468,Limerick,KUGLER RD & W RIDGE PIKE,1,4d7a20b1
TLV7AH,EMS,Seizures,18036,Lehigh County,SCHOOL HOUSE LN & ORCHARD RD,1,aa272958
TLV7BB,EMS,Head injury,19401,Norristown,POWELL ST & E WOOD ST,1,2c139427
TLV7DA,EMS,Fracture,18054,Salford,KNOCKEL RD & PAYNE RD,1,2db1b0b1
TLV7E5,Fire,Electrical fire outside,19426,Collegeville,MAIN ST & RIDGE PIKE,1,1275595e
TLV7G0,EMS,Unknown medical emergency,19095,Cheltenham,LIMEKILN PIKE & GREENWOOD AVE,1,87ff310a
TLV7V9,Traffic,Vehicle accident,19401,Norristown,MARKLEY ST & W ROBERTS ST,1,e0199ae0
TLV7YV,Fire,Fire alarm,19006,Lower Moreland,PHILMONT AVE & DUELL ST,1,5ea766c2
TLV81H,EMS,Abdominal pains,19401,Norristown,GEORGE ST & W AIRY ST,1,f4550909
TLV89R,EMS,Seizures,19438,Lower Salford,MAIN ST & OLD SUMNEYTOWN PIKE,1,cd07098f
TLV8IU,EMS,Cardiac emergency,19468,Upper Providence,KNOLL DR & GREENWOOD AVE,1,584bed02
TLV8PE,Fire,Fire alarm,19010,Lower Merion,BLACK ROCK RD & OLD GULPH RD,1,b1c3842b
TLV8RX,EMS,Fall victim,19440,Hatfield Township,WALNUT ST & GARDEN RD,1,6c2311d7
TLV8WE,EMS,CVA/stroke,19403,West Norriton,HARVEST CIR & OAKLAND DR,1,0ba1661e
TLV9D6,Traffic,Vehicle accident,19027,Cheltenham,OLD YORK RD & TOWNSHIP LINE RD,1,cd598b8b
TLV9ER,Fire,Fire alarm,19403,West Norriton,CHRISTOPHER LN & JOSEPH ST,1,f51e202e
TLV9JU,EMS,Vehicle accident,19012,Cheltenham,NO LOCATION - NEIGHBORING COUNTY,1,3073a012
TLV9TO,Fire,Vehicle accident,18054,Upper Frederick,SNYDER RD & HAUCK RD,1,c8e80ad6
TLV9TW,EMS,Vehicle accident,18054,Upper Frederick,SNYDER RD & HAUCK RD,1,b57d84ee
TLV9XZ,Traffic,Vehicle accident,19446,Hatfield Township,BROAD ST & COWPATH RD,1,f0f4e4c7
TLV9ZQ,Traffic,Vehicle accident,19034,Upper Dublin,BETHLEHEM PIKE & W PENNSYLVANIA AVE,1,498a4162
TLVA1J,EMS,General weakness,19095,Cheltenham,ROYAL AVE & MULFORD RD,1,bbdb97ed
TLVA3Q,EMS,Fall victim,19403,West Norriton,COLONIAL AVE,1,f2cc3c66
TLVA4K,EMS,Fall victim,19002,Lower Gwynedd,GWYNEDD VALLEY DR & KINGS MILL RD,1,e039aef2
TLVA6F,Traffic,Vehicle accident,18054,Upper Frederick,SNYDER RD & HAUCK RD,1,fa846484
TLVAA6,EMS,Cardiac emergency,19426,Skippack,COLLEGEVILLE RD & CREAMERY RD,1,fe8ba978
TLVAC8,EMS,Subject in pain,19090,Upper Moreland,SUMMIT AVE & EASTON RD,1,410b520c
TLVAFZ,EMS,CVA/stroke,19426,Upper Providence,COLLEGEVILLE RD & ARCOLA RD,1,1bcdc5f8
TLVALP,EMS,Respiratory emergency,19444,Whitemarsh,GERMANTOWN PIKE & CENTER AVE,1,5a7a5fd3
TLVAR6,EMS,Cardiac emergency,19040,Hatboro,CRESCENT RD & BARBARA RD,1,e2d45b9b
TLVAYO,EMS,Overdose,19131,Lower Merion,CITY AVE & CONSHOHOCKEN AVE,1,b0877e8e
TLVB0F,Traffic,Vehicle accident,19464,Pottstown,SOUTH ST & S EVANS ST,1,7d1f8c7a
TLVB0K,EMS,Vehicle accident,19464,Pottstown,SOUTH ST,1,86cce6d7
TLVB0K-1,EMS,Vehicle accident,19464,Pottstown,SOUTH ST & S EVANS ST,1,79f28686
TLVB4T,EMS,Fever,18964,Souderton,ADAMS AVE & MEADOW ALY,1,e3169f12
TLVBG0,Traffic,Disabled vehicle,19401,Norristown,MAIN ST & FRANKLIN ST,1,34afa001
TLVBLC,EMS,Altered mental status,19403,East Norriton,GERMANTOWN PIKE & BRIDLE PATH RD,1,7905f343
TLVBOR,Traffic,Vehicle accident,19403,Lower Providence,RIDGE PIKE & EAGLE STREAM DR,1,b5fbafa9
TLVBOT,Traffic,Disabled vehicle,19006,Bryn Athyn,HUNTINGDON PIKE & CATHEDRAL RD,1,7bf7786f
TLVBQM,Fire,Fire investigation,19406,Upper Merion,SARATOGA RD & LOGAN RD,1,f49485e0
TLVBYD,EMS,General weakness,18964,Telford,LINCOLN AVE & WOOD ALY,1,9fe60c47
TLVBZO,EMS,General weakness,19446,Towamencin,DOCK DR & DETWILER RD,1,b33621fa
TLVC2P,EMS,Fever,18964,Telford,LINCOLN AVE & WOOD ALY,1,cd01f586
TLVC70,EMS,Cardiac emergency,19401,East Norriton,GERMANTOWN PIKE & HANNAH AVE,1,d4462e58
TLVC7P,EMS,CVA/stroke,19044,Horsham,DAVIS GROVE RD & BABYLON RD,1,3bef5387
TLVCJW,Traffic,Vehicle accident,19035,Lower Merion,CONSHOHOCKEN STATE RD & MILL CREEK RD,1,e0073995
TLVCOZ,Traffic,Vehicle accident,19010,Lower Merion,FISHERS RD & CARISBROOKE RD,1,535e0187
TLVD0Q,Traffic,Vehicle accident,19426,Skippack,COLLEGEVILLE RD & CREAMERY RD,1,91425212
TLVDDL,EMS,Cardiac emergency,19464,Pottstown,ROBINSON ST & TUCKER CT,1,1b7785cd
TLVDF6,Traffic,Vehicle accident,18073,Pennsburg,MAIN ST & E 6TH ST,1,a841fe5d
TLVDN5,EMS,Subject in pain,19422,Whitpain,MEADOW DR & WICK LN,1,766f7f97
TLVDON,EMS,Unknown medical emergency,19046,Abington,OLD YORK RD & WYNCOTE RD,1,764e512b
TLVDUI,EMS,Unknown medical emergency,19401,Norristown,WILLOW ST & HEAVNER ALY,1,ef37cb29
TLVDXA,Fire,Fire alarm,19003,Lower Merion,CHURCH RD & MARLBORO RD,1,bee6ac25
TLVDYF,EMS,Cardiac emergency,19468,Upper Providence,PROVIDENCE FORGE  & VAUGHN RD,1,d62f0746
TLVE4D,EMS,Cardiac emergency,19003,Lower Merion,LANCASTER AVE & CHATHAM RD,1,a42fb6f9
TLVEA6,Traffic,Vehicle accident,19426,Trappe,MAIN ST & E 1ST AVE,1,a1f0d7ec
TLVEL1,EMS,Fall victim,19428,Conshohocken,3RD AVE & HARRY ST,1,711b200a
TLVEPF,Traffic,Vehicle accident,19440,Hatfield Township,COWPATH RD & MOYER RD,1,af73efaa
TLVERO,Traffic,Vehicle accident,19090,Upper Moreland,MORELAND RD & ALLISON RD,1,407d7554
TLVES5,EMS,Altered mental status,19095,Cheltenham,WASHINGTON LN & TOWNSHIP LINE RD,1,d3f6ae5e
TLVES7,Traffic,Vehicle accident,19027,Cheltenham,CHELTENHAM AVE & N BROAD ST,1,c6ea00b8
TLVEWZ,Traffic,Vehicle accident,19006,Lower Moreland,BYBERRY RD & HUNTINGDON PIKE,1,3b7a9eb2
TLVEXG,EMS,CVA/stroke,19003,Lower Merion,LLANFAIR RD & ROBERTS RD,1,c3c9bf0b
TLVEZ2,EMS,Overdose,19454,Montgomery,BETHLEHEM PIKE & PARK DR,1,d3fcdca1
TLVF32,Traffic,Vehicle accident,19001,Abington,ROCKWELL RD & EDGE HILL RD,1,f4c16488
TLVF4Q,EMS,Medical alert alarm,19403,Lower Providence,SHANNONDELL DR & SHANNONDELL BLVD,1,5b66833b
TLVF5W,EMS,Fall victim,19405,Bridgeport,6TH ST & MILL ST,1,67de422d
TLVFFG,EMS,Cardiac emergency,19046,Abington,SUSQUEHANNA RD & MARIE RD,1,8cc7f78c
TLVFKE,Traffic,Disabled vehicle,19090,Upper Dublin,WELSH RD & CARLSON DR,1,aaaab453
TLVFKI,Traffic,Road obstruction,19438,Towamencin,DORCHESTER WAY & CANDLEWOOD WAY,1,c87f161c
TLVFKI-1,Traffic,Road obstruction,19438,Towamencin,SPRINGER RD & KRIEBEL RD,1,263284e9
TLVFL1,EMS,Medical alert alarm,19403,Lower Providence,SHANNONDELL DR & SHANNONDELL BLVD,1,0d46847c
TLVFM1,Fire,Fire alarm,19426,Collegeville,2ND AVE & CHESTNUT ST,1,d25118d4
TLVFR7,EMS,Cardiac arrest,19454,Horsham,HORSHAM RD & GREEN TREE TAVERN RD,1,66623222
TLVFVD,Traffic,Vehicle accident,19464,Pottstown,SHOEMAKER RD & ROBINSON ST,1,7f11bb7e
TLVFYD,Fire,Fire investigation,19446,Hatfield Township,FORTY FOOT RD & CLEMENS RD,1,f3fa5741
TLVFYY,EMS,Fall victim,19462,Plymouth,BELVOIR RD & PARK DR,1,ae237af1
TLVG30,Traffic,Vehicle accident,19004,Lower Merion,LEVERING MILL RD & BALA AVE,1,6241a577
TLVG73,Traffic,Disabled vehicle,19090,Upper Dublin,WELSH RD & CARLSON DR,1,3ef2894c
TLVG8I,Traffic,Vehicle accident,18974,Upper Moreland,DAVISVILLE RD & E COUNTY LINE RD,1,f81cb779
TLVG91,Traffic,Vehicle accident,19440,Hatfield Township,COWPATH RD & MOYER RD,1,5fcd2990
TLVGBQ,Traffic,Vehicle accident,19038,Abington,EASTON RD & FAIRHILL AVE,1,e84993fc
TLVGOW,EMS,Cardiac emergency,19002,Lower Gwynedd,BETHLEHEM PIKE & ROBERTS RD,1,a5034f84
TLVGR6,Traffic,Vehicle accident,19401,Norristown,W MAIN ST & NOBLE ST,1,17ccdb56
TLVGU9,Traffic,Vehicle accident,19438,Towamencin,SUMNEYTOWN PIKE & FORTY FOOT RD,1,13275a0e
TLVGVO,Fire,Fire alarm,19403,Lower Providence,EAGLEVILLE RD & SUNDERLAND DR,1,20c0fce1
TLVGY9,EMS,Fracture,19004,Lower Merion,BELMONT AVE & COLWYN LN,1,6a2a2733
TLVH58,Traffic,Vehicle accident,19066,Lower Merion,E WYNNEWOOD RD & BOWMAN AVE,1,9adacf8c
TLVH8W,EMS,Head injury,19403,Lower Providence,SHANNONDELL DR & SHANNONDELL BLVD,1,324bcdda
TLVHFJ,Traffic,Disabled vehicle,19525,New Hanover,BIG RD & LAYFIELD RD,1,fee285ce
TLVHI9,Traffic,Vehicle accident,19006,Lower Moreland,BUCK RD & WOODWARD DR,1,7fa3e2ba
TLVHNI,Fire,Fire alarm,19001,Abington,EASTON RD & ARLINGTON AVE,1,5eed1fb7
TLVHOF,Traffic,Disabled vehicle,18964,Franconia,ALLENTOWN RD & LOWER RD,1,e29f0861
TLVHPS,EMS,Fall victim,19460,Upper Providence,AMANDA LN & SCARLET OAK DR,1,ab2ab4a9
TLVHV3,EMS,General weakness,19403,Norristown,CIRCLE DR & LOWER FARM RD,1,9615f0f9
TLVI4L,EMS,Fall victim,18073,Pennsburg,VALLEY CT & 10TH ST,1,336fd786
TLVI9K,Traffic,Vehicle accident,19403,West Norriton,MAIN ST & S SCHUYLKILL AVE,1,3913a605
TLVIFJ,EMS,Assault victim,19464,Pottstown,BEECH ST & PENN ST,1,20bc7ae1
TLVIFJ-1,Traffic,Vehicle accident,19096,Lower Merion,WYNNEWOOD RD & PENN RD,1,12691a60
TLVIGB,EMS,Vehicle accident,19096,Lower Merion,WYNNEWOOD RD & PENN RD,1,3da6e152
TLVII3,EMS,Cardiac emergency,19401,Norristown,FORNANCE ST & GREEN VALLEY RD,1,04e40824
TLVIKC,Traffic,Disabled vehicle,19406,Upper Merion,SCHUYLKILL EXPY & RAMP I76 WB TO S GULPH RD,1,c7932d03
TLVILB,EMS,Cardiac emergency,19512,Berks County,EDGEHILL RD & POPLAR RD,1,55bd8d6b
TLVILY,Traffic,Disabled vehicle,19406,Upper Merion,SCHUYLKILL EXPY & RAMP I76 WB TO S GULPH RD,1,e485ac46
TLVIO6,EMS,CVA/stroke,19041,Lower Merion,MONTGOMERY AVE & WOODSIDE RD,1,5a63e81c
TLVITV,EMS,EMS special service,19473,Skippack,BRIDGE RD & SERENDIPITY WAY,1,147a9cb0
TLVJ6Z,EMS,Fall victim,19090,Upper Moreland,PARK AVE & MORELAND RD,1,b679b9f1
TLVJ88,Traffic,Vehicle accident,19468,Upper Providence,RIDGE PIKE & KLINE RD,1,aa8d9009
TLVJ9O,EMS,Respiratory emergency,19525,Douglass,ONYX LN & PINE LN,1,d0459519
TLVJDO,Fire,Fire alarm,19426,Trappe,MAIN ST & W 5TH AVE,1,1cbbf9ce
TLVJRE,EMS,Altered mental status,19403,East Norriton,TROOPER RD & GERMANTOWN PIKE,1,f52fe5a7
TLVK03,Traffic,Disabled vehicle,18936,Montgomery,BETHLEHEM PIKE & STUMP RD,1,77928d12
TLVKA5,Traffic,Road obstruction,19446,Upper Gwynedd,TOWAMENCIN AVE & WHITES RD,1,059449aa
TLVKCA,EMS,Cardiac emergency,19438,Lower Salford,MAPLE AVE & ALUMNI AVE,1,fdad247c
TLVKPG,Traffic,Road obstruction,19001,Abington,SUSQUEHANNA RD & BOONE AVE,1,52c2911f
TLVKXD,Traffic,Vehicle accident,19040,Hatboro,BYBERRY AVE & S YORK RD,1,bbe1be6b
TLVL4Y,EMS,Abdominal pains,19027,Abington,TOWNSHIP LINE RD & TULPEHOCKEN AVE,1,ad23f3f5
TLVL9V,EMS,Head injury,19446,Lansdale,FRANKLIN ST & E HANCOCK ST,1,2d185a57
TLVLG3,EMS,Head injury,19090,Abington,MORELAND RD & EASTON RD,1,1d7809c0
TLVLHJ,EMS,Syncopal episode,19031,Springfield,WISSAHICKON AVE & ROSE LN,1,a47836f5
TLVLKR,Traffic,Vehicle accident,19027,Cheltenham,PENROSE AVE & GRAHAM LN,1,708a3474
TLVLLE,EMS,Fall victim,19403,Worcester,REINER RD & SPRING HILL RD,1,35751ab1
TLVLM2,Traffic,Vehicle accident,19462,Plymouth,WALTON RD & APACHE LN,1,ff5f761c
TLVLSX,EMS,Altered mental status,18969,Franconia,MORWOOD RD & COWPATH RD,1,03753e19
TLVLUV,Traffic,Vehicle accident,19038,Cheltenham,CHELTENHAM AVE & S EASTON RD,1,b51a56b3
TLVLV7,Traffic,Disabled vehicle,19468,Upper Providence,RIDGE PIKE & KLINE RD,1,c4e3ac61
TLVLX0,EMS,Dizziness,19044,Horsham,BUSINESS CENTER DR & DRESHER RD,1,e256f5c4
TLVM4J,Fire,Unknown type fire,19072,Narberth,N NARBERTH AVE,1,546c3543
TLVMPV,EMS,Animal bite,19468,Royersford,WALNUT ST & S 3RD AVE,1,54413d69
TLVMR3,Traffic,Vehicle accident,19438,Franconia,EXTENSION PENNSYLVANIA TPKE & SCHOOLHOUSE RD ACCESS GATE,1,3fc34d7f
TLVMYF,EMS,Fall victim,19002,Lower Gwynedd,NORRISTOWN RD & RADCLIFF LN,1,40cb564a
TLVNB3,EMS,Assault victim,19401,Norristown,CHERRY ST & W CHESTNUT ST,1,ad1be7ce
TLVNE6,Fire,Carbon monoxide detector,08628,Upper Gwynedd,WASHINGTON AVE & S WEST ST,1,02775ace
TLVNGY,Fire,Fire alarm,19446,Lansdale,MAIN ST & N BROAD ST,1,cf503f53
TLVNIU,Traffic,Vehicle accident,19040,Upper Moreland,BYBERRY RD & MASONS MILL RD,1,54d8d393
TLVNO4,Fire,Fire alarm,19046,Jenkintown,WEST AVE & MAPLE ST,1,a96dba21
TLVNQ4,Traffic,Vehicle accident,19040,Upper Moreland,BYBERRY RD & MASONS MILL RD,1,ae2feae7
TLVO8Z,Fire,Fire alarm,19454,Montgomery,RAVEN HOLLOW DR & HOLL CT,1,698983b6
TLVOAC,EMS,Subject in pain,19001,Abington,HESTON ST & EASTON RD,1,2365c69e
TLVOBA,Traffic,Road obstruction,19001,Abington,BOONE AVE & SUSQUEHANNA RD,1,7da7864b
TLVOBA-1,Traffic,Road obstruction,19001,Abington,SUSQUEHANNA RD & MAPLE AVE,1,a128af65
TLVOG9,EMS,Fall victim,19002,Ambler,BETHLEHEM PIKE & ARGYLE AVE,1,728dafd4
TLVOHN,EMS,Cardiac emergency,19038,Cheltenham,BICKLEY RD & WESLEY AVE,1,c5411d43
TLVOJ6,EMS,Unconscious subject,19072,Narberth,ESSEX AVE & WINDSOR AVE,1,014e0b1f
TLVOK9,Traffic,Disabled vehicle,19454,Horsham,WELSH RD & BETHLEHEM PIKE,1,914db345
TLVOYO,EMS,Fall victim,19454,North Wales,MAIN ST & W WALNUT ST,1,320558e3
TLVP7C,Traffic,Vehicle accident,19131,Lower Merion,CITY AVE & MERION RD,1,638526a6
TLVP8O,EMS,Allergic reaction,19426,Trappe,COLONELS PL & COLLEGE AVE,1,e213014a
TLVPIX,Fire,Carbon monoxide detector,19401,Norristown,FRANKLIN ST & E LAFAYETTE ST,1,60deb7ab
TLVPJ2,EMS,Carbon monoxide detector,19401,Norristown,FRANKLIN ST & E LAFAYETTE ST,1,ccb3d335
TLVQ5G,EMS,Unknown medical emergency,19446,Towamencin,VALLEY FORGE RD & WHITES RD,1,52ee9e45
TLVQDB,EMS,Unknown medical emergency,19426,Skippack,CRESSMAN RD & MOKYCHIC RD,1,ecbeceac
TLVQGM,Traffic,Vehicle fire,19038,Springfield,STENTON AVE & E EVERGREEN AVE,1,6ee720ae
TLVQGM-1,Traffic,Vehicle fire,19038,Springfield,STENTON AVE & E BIRCH LN,1,d7b49723
TLVQIH,Fire,Gas-odor/leak,19096,Lower Merion,AUBREY RD & KENT RD,1,76fbbcb4
TLVQK5,Traffic,Vehicle accident,19464,Lower Pottsgrove,VALLEY RD & BUCHERT RD,1,1490cb67
TLVQRM,Traffic,Vehicle accident,19006,Lower Moreland,MORELAND RD & PACKARD AVE,1,7d993ab4
TLVQSC,EMS,Fall victim,19446,Towamencin,NORTH BEND CT & JACOBS HALL LN,1,c26c9d12
TLVQTN,EMS,Vehicle accident,19006,Lower Moreland,MORELAND RD & PACKARD AVE,1,1378b0a1
TLVQUA,Traffic,Vehicle accident,19006,Lower Moreland,MORELAND RD & PACKARD AVE,1,4a51c9b8
TLVQUJ,EMS,Fall victim,19464,West Pottsgrove,FAIRVIEW ST & SCHOOL LN,1,b9c257cb
TLVQZL,Fire,Vehicle accident,19006,Lower Moreland,MORELAND RD & PACKARD AVE,1,bac10969
TLVR1G,EMS,Lacerations,19401,Norristown,SWEDE ST & W ELM ST,1,e03f19cb
TLVR31,Traffic,Road obstruction,19001,Abington,SUSQUEHANNA RD & MAPLE AVE,1,c5dd0208
TLVR31-1,Traffic,Road obstruction,19001,Abington,SUSQUEHANNA RD & BOONE AVE,1,f78b6e2c
TLVR7V,EMS,Cardiac emergency,19464,Lower Pottsgrove,BUCHERT RD & LAUREL WAY,1,a8a8d0fe
TLVRQ6,EMS,Fall victim,19010,Lower Merion,CURWEN RD & CURWEN CIR,1,9c622408
TLVRRH,Fire,Carbon monoxide detector,19002,Upper Dublin,SENECA RUN & ARROWHEAD TRL,1,f875c485
TLVRSW,EMS,Fall victim,19426,Collegeville,MAIN ST & E 3RD AVE,1,b2c0af4f
TLVRTH,Traffic,Road obstruction,19468,Limerick,LINFIELD TRAPPE RD & KEYSTONE DR,1,f939c331
TLVRYH,Fire,Building fire,18964,Franconia,ELROY RD & MININGER RD,1,890fd6ff
TLVS8Y,EMS,Cardiac emergency,19406,Upper Merion,AMERICAN AVE & 1ST AVE,1,90c7111c
TLVSK8,EMS,Respiratory emergency,19046,Abington,SUSQUEHANNA RD & MARIE RD,1,99b1677c
TLVSRC,EMS,Fall victim,19027,Abington,HOLME AVE & GLENMORE AVE,1,827ab247
TLVSSU,EMS,General weakness,19464,Pottstown,HANOVER ST & WALNUT ST,1,04d2a825
TLVSUF,EMS,Subject in pain,19401,East Norriton,STANBRIDGE ST & DOGWOOD LN,1,472be8b4
TLVSY2,EMS,Syncopal episode,19096,Lower Merion,ROSLYN LN & REMINGTON RD,1,43b97418
TLVTTH,EMS,Fracture,19046,Jenkintown,YORK RD & HILLSIDE AVE,1,b9bf27d5
TLVU2A,Fire,Appliance fire,19003,Lower Merion,WALNUT AVE & ELM AVE,1,918f78cd
TLVU6J,Fire,Carbon monoxide detector,19004,Lower Merion,CHESTNUT AVE & BALA AVE,1,79dbb382
TLVUHL,EMS,Altered mental status,19038,Springfield,PAPER MILL RD & SKYLINE DR,1,9729b821
TLVUNB,Traffic,Disabled vehicle,19464,West Pottsgrove,GROSSTOWN RD & MANATAWNY ST,1,d1347e46
TLVUQE,Fire,Fire special service,19401,East Norriton,STANBRIDGE ST & DOGWOOD LN,1,2e87049a
TLVUSE,EMS,CVA/stroke,19428,West Conshohocken,RIVERVIEW LN & SPRING GARDEN LN,1,78704374
TLVUZB,EMS,Unresponsive subject,19002,Horsham,GLENDEVON DR & GREYSTONE DR,1,cc1abe28
TLVV3T,Traffic,Hazardous road conditions,19046,Abington,OLD YORK RD & WYNCOTE RD,1,832ec2b7
TLVVDC,Traffic,Vehicle accident,19075,Springfield,WALNUT AVE & CAMP HILL RD,1,ffcf1ef4
TLVVOV,Traffic,Vehicle accident,19075,Springfield,WALNUT AVE & CAMP HILL RD,1,7ff567be
TLVW4J,EMS,Abdominal pains,19426,Collegeville,MAIN ST & E 9TH AVE,1,9282c01f
TLVWCW,Traffic,Road obstruction,18073,Pennsburg,WASHINGTON ST & POTTSTOWN AVE,1,495f80c4
TLVWRJ,EMS,Unresponsive subject,19038,Springfield,STENTON AVE & E EVERGREEN AVE,1,daa5ac15
TLVWU7,EMS,EMS special service,19027,Cheltenham,OLD YORK RD & GREEN BRIAR RD,1,ddb862ce
TLVXV0,EMS,Seizures,19426,Trappe,LAFAYETTE CT & WILLIAMS WAY,1,2ec9056d
TLVY7O,EMS,Cardiac emergency,19003,Lower Merion,ARDMORE AVE & W ATHENS AVE,1,847e6386
TLVYBN,EMS,Fall victim,19044,Upper Moreland,BLAIR MILL RD & W MORELAND AVE,1,2e8fbbea
TLVYLN,EMS,Cardiac emergency,19406,Upper Merion,5TH AVE & W VALLEY FORGE RD,1,7bd4026a
TLVYTC,EMS,Fall victim,19438,Lower Salford,MAIN ST & OLD SUMNEYTOWN PIKE,1,5015dcd4
TLVZ5S,EMS,Fall victim,19464,Lower Pottsgrove,EVERGREEN RD & W LIGHTCAP RD,1,b0efe3e7
TLVZ8I,EMS,Medical alert alarm,19010,Lower Merion,POND LN & MIDDLE RD,1,28d8daf0
TLVZP0,EMS,Altered mental status,18074,New Hanover,SCHUBELISH RD & FACET DR,1,b82f7d13
TLW01U,EMS,Head injury,19446,Lansdale,WALNUT ST & W 5TH ST,1,bda306e9
TLW02X,EMS,Subject in pain,19464,Pottstown,PENN ST & CHESTNUT ST,1,0ddb3c26
TLW0FB,Traffic,Vehicle accident,19446,Towamencin,WELSH RD & GRIST MILL DR,1,5c10e64c
TLW164,Traffic,Disabled vehicle,19464,Upper Pottsgrove,RT100 NB & N STATE ST,1,4baf2a65
TLW2TX,Fire,Electrical fire outside,19012,Cheltenham,RYERS AVE & MYRTLE AVE,1,08f0e60e
TLW2ZJ,EMS,General weakness,19405,Bridgeport,6TH ST & MILL ST,1,07a99f02
TLW30F,EMS,Choking,19525,New Hanover,SANATOGA RD & JASPER FARMER RD,1,7d398d62
TLW3FE,Fire,Fire alarm,19002,Ambler,BUTLER AVE & E RACE ST,1,f3e4253d
TLW3JZ,EMS,Fall victim,19460,Upper Providence,PERKIOMEN AVE & HIGHLAND AVE,1,92a1583f
TLW3PO,Fire,Fire alarm,19002,Upper Dublin,SEMINOLE GDNS & ARROWHEAD TRL,1,79bd89a9
TLW5MH,Traffic,Hazardous road conditions,19446,Lansdale,WEDGEWOOD DR & MOYERS RD,1,b9093d40
TLW5TB,EMS,Respiratory emergency,19027,Abington,TOWNSHIP LINE RD & CHURCH RD,1,5eccf5e7
TLW633,Traffic,Hazardous road conditions,19440,Hatfield Township,COWPATH RD & PINE ST,1,842bd8ce
TLW7NC,EMS,Hemorrhaging,19403,Lower Providence,OAKDALE AVE & S TROOPER RD,1,8669b308
TLW7O4,Fire,Fire alarm,19046,Jenkintown,WEST AVE & MAPLE ST,1,7ff07e66
TLW7Q1,Traffic,Hazardous road conditions,18915,Hatfield Township,WALNUT ST & DISCOVERY DR,1,dc205286
TLW89N,EMS,Cardiac arrest,19401,Norristown,SANDY ST & ANGELO ST,1,bcf4914f
TLW8CX,EMS,Fall victim,19440,Hatfield Township,ARBOUR GREEN CT & ELROY RD,1,b139c6d8
TLW9JA,EMS,Diabetic emergency,19468,Limerick,DUCHESS CT & CROWN POINTE DR,1,814856a3
TLW9Y3,Traffic,Disabled vehicle,19401,Norristown,STERIGERE ST & MARKLEY ALY,1,9c20a979
TLWAH4,EMS,Fall victim,19405,Bridgeport,6TH ST & MILL ST,1,2e12e5ee
TLWCI4,EMS,Respiratory emergency,19464,Pottstown,YORK ST & LESHER ALY,1,82c089d6
TLWD12,EMS,Cardiac emergency,19006,Abington,MOREDON RD & MOREDUN AVE,1,f1f9bf1c
TLWDG0,EMS,Unconscious subject,19044,Horsham,SUMMER AVE & CEDAR AVE,1,99dbc59b
TLWE18,EMS,Respiratory emergency,19096,Lower Merion,WYNNEWOOD RD & W OLD WYNNEWOOD RD,1,ce036142
TLWF9X,EMS,General weakness,19464,Pottstown,SOUTH ST & DAUB ALY,1,61483a16
TLWFGC,Traffic,Vehicle accident,19027,Cheltenham,CHELTENHAM AVE & N BROAD ST,1,0d4c6ef0
TLWFGJ,Fire,Vehicle accident,19027,Cheltenham,CHELTENHAM AVE & N BROAD ST,1,49654e02
TLWFGT,EMS,Vehicle accident,19027,Cheltenham,CHELTENHAM AVE & N BROAD ST,1,da19e5d8
TLWG8J,EMS,Overdose,19454,Upper Gwynedd,HAZELWOOD DR & EVERGREEN DR,1,a772f962
TLWGCI,EMS,Vehicle accident,19446,Upper Gwynedd,MORRIS RD & GLENVIEW DR,1,d01b08fe
TLWGD6,Traffic,Vehicle accident,19446,Upper Gwynedd,MORRIS RD & GLENVIEW DR,1,c30baaa3
TLWGE9,EMS,Assault victim,19464,Pottstown,KING ST & MANATAWNY ST,1,879d2b77
TLWH56,EMS,Nausea/vomiting,19405,Bridgeport,HURST ST & FRALEY ST,1,d80e31cd
TLWJGU,EMS,Overdose,19002,,ROSE,1,6d3cd557
TLWJGU-1,EMS,Overdose,19002,Ambler,ROSEMARY AVE & POPLAR ST,1,b8e0701a
TLWJLG,Traffic,Road obstruction,19446,Worcester,SCHULTZ RD & SHEARER RD,1,6334456c
TLWKQ7,EMS,Altered mental status,19002,Upper Dublin,DURHAM CT & MANCHESTER DR,1,bdbfe3cb
TLWKS0,Traffic,Road obstruction,19446,Lansdale,N LINE ST & ELM DR,1,ad61e5c6
TLWLFJ,Fire,Fire police needed,19446,Worcester,SCHULTZ RD & SHEARER RD,1,cbad2f05
TLWLFY,Traffic,Hazardous road conditions,19446,Montgomery,COWPATH RD & MORGAN ST,1,830ce002
TLWLIJ,Traffic,Road obstruction,19464,Upper Pottsgrove,ORLANDO RD & MAUGERS MILL RD,1,d44c3462
TLWLUT,EMS,Medical alert alarm,19403,Lower Providence,SHANNONDELL DR & SHANNONDELL BLVD,1,fe24de79
TLWLY6,EMS,Vehicle accident,19012,Cheltenham,TOOKANY CREEK PKWY & JOHNS RD,1,bbc6d87c
TLWM6R,Traffic,Vehicle accident,19012,Cheltenham,TOOKANY CREEK PKWY & JOHNS RD,1,dfb11355
TLWMCR,Traffic,Vehicle accident,19440,Hatfield Township,MAPLE AVE & CHESTNUT ST,1,fd8aeeeb
TLWMKP,EMS,Fall victim,19464,Lower Pottsgrove,BAHR RD & BROOKE RD,1,80487791
TLWMUL,EMS,Vehicle accident,19010,Lower Merion,LANCASTER AVE,1,ef5e21c8
TLWMUO,Traffic,Vehicle accident,19096,Lower Merion,LANCASTER AVE & REMINGTON RD,1,458520f2
TLWNHS,Traffic,Disabled vehicle,19131,Lower Merion,E CITY AVE & MONUMENT RD,1,f22743a9
TLWNI7,Traffic,Vehicle accident,19001,Abington,OLD WELSH RD & OLD YORK RD,1,06dd8506
TLWNI7-1,Traffic,Vehicle accident,19001,Abington,OLD YORK RD & OLD WELSH RD,1,149d7aa6
TLWNQP,Traffic,Vehicle accident,19096,Lower Merion,LANCASTER AVE & REMINGTON RD,1,07fd91b1
TLWNX8,EMS,Vehicle accident,19010,Lower Merion,LANCASTER AVE,1,8083f529
TLWO70,EMS,Subject in pain,19003,Lower Merion,SPRING AVE & SUTTON RD,1,4194e903
TLWO90,Fire,Fire alarm,19444,Whitemarsh,RIDGE PIKE & BARREN HILL RD,1,ed173b3c
TLWP4B,Traffic,Vehicle accident,18969,Salford,RIDGE RD & BELTZ RD,1,dfca4c6f
TLWPAR,Traffic,Vehicle accident,19401,Norristown,MARKLEY ST & W ELM ST,1,86f71c3d
TLWPAX,EMS,CVA/stroke,19040,Upper Moreland,BARBARA RD & CRESCENT RD,1,f623285a
TLWPJM,EMS,General weakness,19428,Conshohocken,FAYETTE ST & W 11TH AVE,1,66e0d2d1
TLWQ3D,Traffic,Road obstruction,19046,Abington,PAPER MILL RD & MEADOWBROOK RD,1,b1b55318
TLWQP8,Traffic,Vehicle accident,19401,Norristown,MAIN ST & GREEN ST,1,117a728b
TLWRGW,Traffic,Vehicle accident,19438,Towamencin,WAMBOLD RD & INDUSTRIAL BLVD,1,30530752
TLWRS9,EMS,Hemorrhaging,19468,Limerick,PRESIDENTIAL DR & FRANKLIN CT,1,ded2f9fe
TLWRXU,EMS,Fall victim,19012,Cheltenham,ROWLAND AVE & LAWNSIDE RD,1,b13e864b
TLWS9U,EMS,Fall victim,18969,Telford,WASHINGTON AVE & FULTON AVE,1,7d3dd7b0
TLWSBQ,Traffic,Vehicle accident,19403,West Norriton,N WHITEHALL RD & EAGLE DR,1,9572ecd9
TLWSDS,EMS,Nausea/vomiting,19464,Pottstown,FRANKLIN ST & OAK ST,1,75042d2f
TLWSEE,EMS,Fall victim,19406,Upper Merion,GULPH RD & KIRK AVE,1,6086655e
TLWSF9,EMS,Cardiac emergency,19464,Pottstown,HIGH ST & RICE ST,1,e149c0f2
TLWSQ4,Fire,Fire alarm,19002,Ambler,BUTLER AVE & S SPRING GARDEN ST,1,f1a453af
TLWSQE,Traffic,Vehicle accident,19464,Pottstown,WALNUT ST & N FRANKLIN ST,1,0bae9384
TLWSTN,Fire,Fire alarm,19038,Cheltenham,BROOKE RD & LIMEKILN PIKE,1,f7dac27b
TLWT60,EMS,Respiratory emergency,19468,Upper Providence,BLACK ROCK RD & S TRAPPE RD,1,9d4a22cf
TLWTTH,EMS,Cardiac emergency,18041,Upper Hanover,MACK RD & W BUCK RD,1,221e8630
TLWTUV,EMS,Unconscious subject,19464,Lower Pottsgrove,CREEKSIDE DR & BROOKVIEW LN,1,d60a99d5
TLWTZQ,Traffic,Vehicle accident,19095,Cheltenham,SHOPPERS LN & OGONTZ AVE,1,8bfd80de
TLWU9R,Traffic,Road obstruction,19454,North Wales,2ND ST & SCHOOL ST,1,694d93a4
TLWUB0,Fire,Fire alarm,19464,Pottstown,KING ST & MANATAWNY ST,1,810b4b3c
TLWUFC,EMS,General weakness,19422,Whitpain,QUAIL CT & VILLAGE CIR,1,fa0ad2a8
TLWV0F,EMS,General weakness,19468,Upper Providence,BLACK ROCK RD & S TRAPPE RD,1,3002f880
TLWV1T,EMS,Respiratory emergency,19406,Upper Merion,WAYNE DR & CLUBHOUSE RD,1,f049add3
TLWV3B,EMS,Back pains/injury,19446,Upper Gwynedd,BRITTANY PT & VALLEY FORGE RD,1,5a27d4d1
TLWVBX,Fire,Fire alarm,19038,Springfield,GORDON RD & WHITEMARSH AVE,1,c29525ec
TLWVF5,Fire,Gas-odor/leak,19046,Rockledge,ROBBINS AVE & HUNTINGDON PIKE,1,ffef8f40
TLWVG7,Fire,Gas-odor/leak,19428,Whitemarsh,BUTLER PIKE & E 15TH AVE,1,a3bd990d
TLWVR5,Fire,Fire alarm,19406,Upper Merion,RIVER RD & MCCOYS LN,1,bf89bc33
TLWVUT,Traffic,Vehicle accident,19150,Cheltenham,CHELTENHAM AVE & 79TH AVE,1,0a4c15e7
TLWVV4,EMS,Medical alert alarm,19403,Lower Providence,SHANNONDELL DR & SHANNONDELL BLVD,1,9c5c5213
TLWW0L,EMS,Subject in pain,19001,Abington,WUNDERLAND RD & TURNER AVE,1,afe8ddf6
TLWW4L,EMS,Unknown medical emergency,19422,Whitpain,YORKSHIRES DR & NORWICK PL,1,746a4262
TLWW5W,EMS,Cardiac emergency,19044,Horsham,LOGGER MILL RD & LUMBER JACK CIR,1,b8580cd2
TLWWCL,EMS,Back pains/injury,19401,Norristown,NEW HOPE ST & LINDA LN,1,1e70fd54
TLWWES,EMS,Syncopal episode,19003,Lower Merion,COULTER AVE & ST JAMES PL,1,e6111c79
TLWWFL,EMS,Fall victim,19401,Norristown,SELMA ST & W ELM ST,1,29e47522
TLWWN8,EMS,Allergic reaction,19038,Abington,HIGHLAND AVE & CROSS RD,1,0901032f
TLWWO3,EMS,Cardiac arrest,19462,Plymouth,GERMANTOWN PIKE & HALLOWELL RD,1,2d40550e
TLWWT7,Traffic,Road obstruction,19464,West Pottsgrove,LINDEN ST & FAIRVIEW ST,1,8db83dad
TLWX5Z,Traffic,Disabled vehicle,19405,Bridgeport,DEKALB ST & W 4TH ST,1,6a78003f
TLWXGJ,EMS,Back pains/injury,19464,Pottstown,YORK ST & UNNAMED ALY,1,ca9b6650
TLWXM7,EMS,Fall victim,19438,Lower Salford,MAIN ST & OLD SUMNEYTOWN PIKE,1,73da8a7e
TLWXRE,Fire,Fire alarm,19031,Springfield,WISSAHICKON AVE & ROSE LN,1,eed28d71
TLWXVA,EMS,Subject in pain,19401,Norristown,ELM ST & CHAIN ST,1,eed237e8
TLWXWD,EMS,Cardiac arrest,19462,Plymouth,GERMANTOWN PIKE & HALLOWELL RD,1,8bbf928b
TLWXYP,EMS,Abdominal pains,19403,Worcester,CONESTOGA LN & DEAD END,1,54aff86b
TLWY4F,EMS,Subject in pain,19462,Whitemarsh,BLACK WALNUT LN & SPRING MILL RD,1,5cc2c77d
TLWY80,Fire,Elevator emergency,19003,Lower Merion,COBBLESTONE DR & W SPRING AVE,1,049dfb51
TLWYE4,EMS,Medical alert alarm,19403,Lower Providence,SHANNONDELL DR & SHANNONDELL BLVD,1,b7c3d66f
TLWYGV,EMS,Respiratory emergency,19462,Plymouth,PLYMOUTH RD & IRWINS LN,1,d1f55907
TLWYI1,EMS,Elevator emergency,19003,Lower Merion,COBBLESTONE DR & W SPRING AVE,1,a4241da0
TLWYKE,Fire,Vehicle accident,19426,Worcester,STUMP HALL RD,1,1fd66cc0
TLWYKJ,EMS,Vehicle accident,19426,Worcester,STUMP HALL RD,1,0032cb90
TLWYMO,EMS,Fall victim,19405,Bridgeport,6TH ST & MILL ST,1,fb19c4ce
TLWYO9,Traffic,Vehicle accident,19426,Worcester,STUMP HALL RD & KRIEBEL MILL RD,1,e4e8b726
TLWYON,Traffic,Vehicle accident,19403,Upper Providence,NEW MILL RD & EGYPT RD,1,418d5f27
TLWYPY,EMS,Lacerations,18969,Franconia,FAIRWAY DR & ALEXANDER DR,1,80978a2a
TLWYQD,Traffic,Hazardous road conditions,19446,Lansdale,E MAIN ST & CHURCH RD,1,3efcc78d
TLWYQX,Traffic,Vehicle accident,19525,Douglass,PHILADELPHIA AVE & CONGO RD,1,935ded80
TLWYRL,Traffic,Vehicle accident,19040,Hatboro,S YORK RD & HORSHAM RD,1,1e91ab33
TLWYVV,Traffic,Vehicle accident,19403,Upper Providence,NEW MILL RD & EGYPT RD,1,9f07beac
TLWYX6,Fire,Burn victim,19046,Abington,ELIZABETH RD & OLD HUNTINGDON PIKE,1,7e82b533
TLWYXA,EMS,Burn victim,19046,Abington,ELIZABETH RD & OLD HUNTINGDON PIKE,1,4498790c
TLWYYT,EMS,CVA/stroke,19403,East Norriton,HAYES RD & KELLY DR,1,45583247
TLWYZP,EMS,Head injury,18969,Telford,4TH ST & ERIE AVE,1,01c9b9ff
TLWZ4F,Traffic,Vehicle accident,19426,Trappe,E 7TH AVE & W MAIN ST,1,9cca363a
TLWZ8P,EMS,General weakness,19446,Towamencin,ALLENTOWN RD & WOODLAWN DR,1,6ee8a029
TLWZBJ,EMS,General weakness,19040,Upper Moreland,HORSHAM RD & MOREBORO RD,1,ed681fb3
TLWZCS,EMS,Respiratory emergency,19462,Plymouth,GERMANTOWN PIKE & LAUNFALL RD,1,be5dd6e0
TLWZEX,EMS,Seizures,19090,Upper Moreland,YORK RD & DUFFIELD ST,1,6a9e57d9
TLWZH6,Traffic,Road obstruction,19454,Montgomery,ENCLAVE BLVD & HARTMAN RD,1,481b8759
TLWZOI,Traffic,Vehicle accident,19090,Upper Moreland,YORK RD & EVANS AVE,1,d197b46e
TLWZOU,EMS,Respiratory emergency,18964,Franconia,SUMMIT ST & COLONIAL AVE,1,387abb85
TLWZU6,EMS,Altered mental status,19001,Abington,WOODLAND RD & ST CHARLES PL,1,2d274257
TLX034,EMS,Seizures,19010,Lower Merion,BRYN MAWR AVE & OLD LANCASTER RD,1,333dccf5
TLX0H0,Traffic,Disabled vehicle,19426,Trappe,W MAIN ST & E 3RD AVE,1,ec004978
TLX0PU,Traffic,Vehicle accident,19468,Limerick,W RIDGE PIKE & S TOWNSHIP LINE RD,1,0548d827
TLX0VA,Traffic,Vehicle accident,19027,Cheltenham,ASHBOURNE RD & MONTGOMERY AVE,1,2d0a4a3c
TLX0VH,Fire,Fire investigation,19006,Lower Moreland,HEATHER RD & DEAD END,1,99400dcd
TLX0W1,Traffic,Disabled vehicle,19438,Towamencin,SUMNEYTOWN PIKE & OLD FORTY FOOT RD,1,2ceb1bf3
TLX10E,EMS,Unconscious subject,19044,Horsham,LOGGER MILL RD & SAWYERS WAY,1,fe62f126
TLX116,EMS,Fall victim,19428,Conshohocken,FAYETTE ST & W 11TH AVE,1,2fe6d8af
TLX12U,Traffic,Vehicle accident,19464,New Hanover,MOYER RD & N CHARLOTTE ST,1,f8462250
TLX1C4,EMS,Syncopal episode,18964,Franconia,SUMMIT ST & COLONIAL AVE,1,9619178d
TLX1RR,Traffic,Vehicle accident,19401,Norristown,W MAIN ST & CHERRY ST,1,2ca6c881
TLX23N,Fire,Fire alarm,19090,Upper Moreland,PARK AVE & MORELAND RD,1,dbb3dde5
TLX266,EMS,Subject in pain,19095,Cheltenham,EASTON RD & GREENWOOD AVE,1,8fffea77
TLX284,EMS,Nausea/vomiting,19464,Pottstown,HIGH ST & N CHARLOTTE ST,1,7f0a5640
TLX2N0,Traffic,Vehicle accident,19446,Upper Gwynedd,BLOOMFIELD CIR & HILL DR,1,d9442442
TLX2X0,EMS,Nausea/vomiting,19403,West Norriton,BRANDON RD & S SCHUYLKILL AVE,1,b285099e
TLX2XN,EMS,General weakness,19401,Norristown,WILLOW ST & E BASIN ST,1,c3c5b977
TLX350,EMS,Head injury,19406,Upper Merion,GULPH RD & KIRK AVE,1,1313e2a0
TLX35Y,Fire,Fire alarm,19454,Montgomery,AMY CT & GENERAL HANCOCK BLVD,1,05f091a0
TLX39K,Traffic,Vehicle accident,19426,Worcester,SKIPPACK PIKE & VALLEY FORGE RD,1,0c62298c
TLX3DZ,Fire,Fire alarm,19403,Lower Providence,MT KIRK AVE & RIDGE PIKE,1,c7bdd90f
TLX3H6,Traffic,Vehicle accident,19426,Lower Providence,N GRANGE AVE & CHERRY TREE BLVD N,1,b5a1e851
TLX3VR,Fire,Elevator emergency,19041,Lower Merion,OLD LANCASTER RD & W MONTGOMERY AVE,1,e72b82c8
TLX421,Fire,Building fire,19072,Narberth,PRICE AVE & N ESSEX AVE,1,0d1cb25f
TLX4CI,Traffic,Vehicle accident,19446,Towamencin,STONYBROOK LN & CONESTOGA LN,1,6fe9f5aa
TLX4FH,Traffic,Vehicle accident,19131,Lower Merion,CITY AVE & CONSHOHOCKEN AVE,1,4adeb2e1
TLX4H2,EMS,Allergic reaction,19046,Rockledge,HUNTINGDON PIKE & S SYLVANIA AVE,1,800ca654
TLX4KZ,EMS,Syncopal episode,19044,Horsham,HORSHAM RD & NORRISTOWN RD,1,cb128a17
TLX4LS,EMS,Medical alert alarm,19438,Franconia,MAPLEWOOD DR & CRESCENT CIR,1,87db79ec
TLX4ME,Traffic,Road obstruction,19002,Upper Dublin,E BUTLER PIKE & MORRIS RD,1,ed551985
TLX4PS,EMS,Medical alert alarm,19464,Pottstown,HARMONY DR & SPRING ALY,1,1e7be82d
TLX54T,Traffic,Vehicle accident,19403,Lower Providence,1ST ST & ELM AVE,1,2a978bac
TLX5EV,EMS,Altered mental status,19403,West Norriton,LIBERTY AVE & NEW ST,1,a552b8be
TLX5GD,Traffic,Vehicle accident,19027,Cheltenham,OLD YORK RD & STAHR RD,1,a95642c8
TLX5GW,Fire,Fire alarm,19027,Cheltenham,BREYER DR & LINDEN DR,1,ebe0cbe7
TLX5MW,EMS,Medical alert alarm,19401,Norristown,MAIN ST & BARBADOES ST,1,c4cf5220
TLX5NF,Traffic,Vehicle accident,19090,Abington,OLD WELSH RD & SUMMIT AVE,1,33ddeb82
TLX5ZB,EMS,Diabetic emergency,19401,East Norriton,DEKALB PIKE & COLONIAL DR,1,6058823d
TLX643,EMS,Medical alert alarm,19001,Abington,WHEATSHEAF LN & SUSQUEHANNA RD,1,fefb84bd
TLX689,EMS,Respiratory emergency,19090,Upper Moreland,SHELDON RD & ELLIS RD,1,5a259d78
TLX69C,Traffic,Vehicle accident,19454,Worcester,EXTENSION PENNSYLVANIA TPKE & DEKALB PIKE ACCESS GATE,1,41bed521
TLX6BG,EMS,Nausea/vomiting,19010,Lower Merion,OLD GULPH RD & AIRDALE RD,1,6084f02b
TLX6C6,Fire,Fire alarm,19406,Upper Merion,WARNER RD & CONTINENTAL DR,1,9556507e
TLX6DO,EMS,Altered mental status,19027,Cheltenham,VALLEY RD & MILL RD,1,65bdde1d
TLX6JQ,Fire,Fire alarm,19401,Norristown,STANBRIDGE ST & STERIGERE ST,1,87a3a863
TLX6L0,EMS,Assault victim,19002,Horsham,BUTLER PIKE & NESBITT RD,1,2ae8be21
TLX6NW,EMS,Nausea/vomiting,19406,Upper Merion,ALLENDALE RD & 1ST AVE,1,d86aca90
TLX6QE,EMS,Lacerations,19525,Douglass,OAK ST & MAPLE ST,1,5619371a
TLX6RQ,Fire,Fire alarm,19468,Limerick,KEYSTONE DR & S REED RD,1,b2b19e7e
TLX6YB,EMS,Vehicle accident,19454,Worcester,EXTENSION PENNSYLVANIA TPKE & DEKALB PIKE ACCESS GATE,1,5fdc59b4
TLX6YB-1,Traffic,Vehicle accident,19072,Narberth,STEPNEY PL & MONTGOMERY AVE,1,56a733f7
TLX6YB-2,Traffic,Vehicle accident,19096,Narberth,MONTGOMERY AVE & N ESSEX AVE,1,ee27b843
TLX6Z7,Fire,Gas-odor/leak,19428,Conshohocken,ELM ST & MAPLE ST,1,79fc6ef5
TLX70I,Traffic,Vehicle accident,19446,Hatfield Township,BETHLEHEM PIKE & N BROAD ST,1,50447325
TLX72D,Fire,Fire special service,19001,Abington,WHEATSHEAF LN & SUSQUEHANNA RD,1,f862a122
TLX73S,EMS,General weakness,19468,Limerick,COUNTRY CLUB RD & REIFSNYDER RD,1,e834163d
TLX76V,EMS,Unknown medical emergency,19464,Pottstown,HIGH ST & VANBUSKIRK ALY,1,dcf86747
TLX77M,EMS,Subject in pain,19492,Upper Frederick,BIG RD & FREDERICK DR,1,0f45d078
TLX78B,EMS,Altered mental status,19464,Lower Pottsgrove,HIGH ST & S PARK RD,1,a4c54507
TLX797,EMS,Cardiac emergency,18073,Upper Hanover,GERYVILLE PIKE & JOHN FRIES HWY,1,3b4e78ca
TLX7DC,Traffic,Vehicle accident,19444,Springfield,GERMANTOWN PIKE & THOMAS RD,1,3e13ff34
TLX7IC,Traffic,Vehicle accident,19422,Whitpain,MORRIS RD & PLYMOUTH RD,1,85c20ba3
TLX7L1,Traffic,Vehicle accident,19422,Plymouth,TOWNSHIP LINE RD & NARCISSA RD,1,8760bc6e
TLX7T1,Traffic,Disabled vehicle,19428,Plymouth,RIDGE PIKE & ALAN WOOD RD,1,03ee3683
TLX7VN,EMS,Fall victim,19438,Lower Salford,MAIN ST & OLD SUMNEYTOWN PIKE,1,04da2df5
TLX7Y1,EMS,Cardiac emergency,19464,Pottstown,WALNUT ST & PENN ST,1,5e03419f
TLX7YB,Traffic,Vehicle accident,19462,Whitemarsh,BUTLER PIKE & SPRING MILL RD,1,0331e5e5
TLX83L,EMS,Fall victim,19040,Horsham,BRUMAR DR & LATCHSTRING LN,1,f2350ac9
TLX89G,EMS,Cardiac emergency,19075,Springfield,BRUCE RD & BRIDGE ST,1,f086c798
TLX8DI,EMS,Subject in pain,19426,Trappe,ELIO CIR & HARVARD DR,1,f846e2cd
TLX8OK,EMS,Cardiac emergency,19038,Cheltenham,BROOKE RD & LIMEKILN PIKE,1,f2f919f1
TLX8R4,EMS,Head injury,19438,Lower Salford,MAIN ST & OLD SUMNEYTOWN PIKE,1,1a297636
TLX8S3,EMS,Cardiac emergency,19446,Towamencin,DOCK DR & DETWILER RD,1,8dc6d4d2
TLX93B,Traffic,Disabled vehicle,19468,Upper Providence,RIDGE PIKE & N TOWNSHIP LINE RD,1,6a68542e
TLX93B-1,Traffic,Disabled vehicle,19468,Limerick,W RIDGE PIKE & S TOWNSHIP LINE RD,1,4020ed87
TLX969,Traffic,Vehicle accident,19004,Lower Merion,BELMONT AVE & JEFFERSON ST,1,149097d6
TLX9BW,EMS,Hemorrhaging,19440,Hatfield Boro,WAYNE AVE & W LINCOLN AVE,1,dd04293e
TLX9J6,EMS,General weakness,19401,East Norriton,NEW HOPE ST & SAW MILL CT,1,462d2a68
TLX9U0,EMS,General weakness,19446,Upper Gwynedd,VALLEY FORGE RD & BOYD AVE,1,42083650
TLXA3V,Traffic,Vehicle accident,19118,Springfield,STENTON AVE & NORTHWESTERN AVE,1,2f698716
TLXADD,EMS,Abdominal pains,19401,Norristown,RUSSWOOD DR & NORTH HILLS DR,1,ec25b104
TLXAM0,EMS,Vehicle accident,19012,Cheltenham,CHELTENHAM AVE & 7 OAKS DR,1,3332c702
TLXAM1,Traffic,Vehicle accident,19012,Cheltenham,CHELTENHAM AVE & 7 OAKS DR,1,af1a8ed1
TLXAMV,Traffic,Road obstruction,19473,Skippack,CREAMERY RD & BRIDGE RD,1,8efb7bd0
TLXANS,Traffic,Vehicle accident,19440,Hatfield Township,BETHLEHEM PIKE & LINE LEXINGTON RD,1,74690fc9
TLXB0A,EMS,Cardiac emergency,19006,Abington,LYNAM RD & HAMPTON RD,1,4d59e680
TLXB9Y,EMS,Seizures,19462,Plymouth,GERMANTOWN PIKE & HALLOWELL RD,1,51f6f786
TLXBAP,EMS,Subject in pain,19438,Lower Salford,MAIN ST & GODSHALL DR,1,2b62830c
TLXBMM,EMS,Medical alert alarm,18076,Red Hill,5TH ST & BITTING ALY,1,ffaaaf8f
TLXBPO,Traffic,Vehicle accident,19012,Cheltenham,CHELTENHAM AVE & COVINGTON RD,1,68c3e55e
TLXBQY,EMS,Fever,19440,Hatfield Township,MAPLE AVE & CHESTNUT ST,1,a7e46d10
TLXBS4,Traffic,Vehicle accident,19464,Pottstown,KING ST & N WARREN ST,1,d6ed1247
TLXBUT,EMS,Cardiac emergency,19462,Plymouth,GERMANTOWN PIKE & ATRIUM WAY,1,c6912d6d
TLXC06,Traffic,Road obstruction,19072,Lower Merion,HOLLOW RD & HAGYS FORD RD N,1,01c39903
TLXC61,Fire,Fire alarm,19010,Delaware County,WYNTRE LEA DR & COUNTRYVIEW DR,1,de4f6a16
TLXC9A,EMS,Cardiac emergency,19003,Lower Merion,LANCASTER AVE & GREENFIELD AVE,1,6ec92523
TLXCIT,Fire,Fire alarm,19401,Norristown,HAWS AVE & W WASHINGTON ST,1,ccca6338
TLXCKK,EMS,Lacerations,19446,Towamencin,ORVILLA RD & WEIKEL RD,1,83369286
TLXCOK,EMS,Fever,19040,Upper Moreland,DAVISVILLE RD & PENNYPACK RD,1,f20360a4
TLXCPP,EMS,Head injury,19401,East Norriton,GERMANTOWN PIKE & HANNAH AVE,1,9fae590f
TLXD2H,Traffic,Vehicle accident,19027,Cheltenham,W CHURCH RD & OLD YORK RD,1,48ddc64a
TLXD2Z,EMS,Unknown medical emergency,19438,Lower Salford,MAIN ST & OLD SUMNEYTOWN PIKE,1,4de5fa8f
TLXD6M,Fire,Fire alarm,19034,Upper Dublin,SUMMIT AVE & W PENNSYLVANIA AVE,1,77189f92
TLXDGA,EMS,Unknown medical emergency,19401,Norristown,LAFAYETTE ST & HAMILTON ST,1,427ea3b2
TLXDGH,Traffic,Vehicle accident,19464,Upper Pottsgrove,RT100 NB & W MOYER RD,1,51b4fb5c
TLXDGY,EMS,CVA/stroke,19403,Skippack,MOKYCHIC RD & PRISON RD,1,b1bcfa73
TLXDKP,Traffic,Vehicle accident,19440,Hatfield Township,COWPATH RD & HIGH ST,1,8cbbdd2e
TLXDYO,Fire,Fire alarm,19462,Plymouth,CHEMICAL RD & RAMP I476 NB TO CHEMICAL RD,1,0c9b3223
TLXDZW,EMS,Medical alert alarm,18073,Upper Hanover,BERKELEY DR & OTTS RD,1,c2a9b976
TLXE4M,EMS,Cardiac emergency,19462,Plymouth,GERMANTOWN PIKE & HALLOWELL RD,1,f82d1965
TLXE7M,Fire,Carbon monoxide detector,19038,Springfield,NEW ST & CAMPBELL LN,1,10aa6ee2
TLXEDL,EMS,Assault victim,19440,Hatfield Township,KOFFEL RD & OAK PARK RD,1,27efcb69
TLXEWM,EMS,Subject in pain,19454,North Wales,MAIN ST & W WALNUT ST,1,75795ab2
TLXFDX,Traffic,Disabled vehicle,19403,Lower Providence,EGYPT RD & S PARK AVE,1,e060b462
TLXFJI,EMS,Head injury,19034,Upper Dublin,BETHLEHEM PIKE & W PENNSYLVANIA AVE,1,44bc6fbd
TLXFYP,EMS,Overdose,19426,Perkiomen,FORGE RD & BRANDYWINE RD,1,94bb7c72
TLXFZU,EMS,Subject in pain,19464,Lower Pottsgrove,EVERGREEN RD & W LIGHTCAP RD,1,58547ee9
TLXG6K,EMS,Cardiac emergency,19406,Upper Merion,VALLEY FORGE CIR & OLD VALLEY FORGE RD,1,474ef310
TLXGDW,EMS,CVA/stroke,19401,Norristown,KELLY DR & REGATTA CIR,1,e277b051
TLXGRO,Fire,Fire alarm,19446,Lansdale,LANSDALE AVE & E 7TH ST,1,ed2aee8b
TLXGSU,EMS,Hemorrhaging,19401,Norristown,ELM ST & THOMAS ST,1,c3a3aa8f
TLXH0Q,EMS,Altered mental status,19401,East Norriton,GERMANTOWN PIKE & HANNAH AVE,1,aeccb180
TLXH6S,EMS,Fall victim,19401,East Norriton,GERMANTOWN PIKE & HANNAH AVE,1,f72df695
TLXHFD,EMS,Nausea/vomiting,19046,Jenkintown,WEST AVE & GREENWOOD AVE,1,686f629d
TLXHH4,EMS,Unknown medical emergency,19401,Norristown,ANN ST & CHERRY ST,1,60164804
TLXHLJ,Traffic,Vehicle accident,19116,Phila County,BYBERRY RD & DEPUE AVE,1,64410b58
TLXHOX,EMS,Dehydration,19012,Cheltenham,BARCLAY CIR & OAK LANE RD,1,e3753641
TLXHT0,EMS,Unknown medical emergency,19046,Rockledge,HUNTINGDON PIKE & N PENN AVE,1,f3b4b4aa
TLXI2R,Traffic,Vehicle accident,19038,Springfield,FLOURTOWN AVE & CAMPBELL LN,1,270f0998
TLXI3V,Traffic,Vehicle accident,19003,Lower Merion,COULTER AVE & ST JAMES PL,1,7bc88291
TLXI5T,Fire,Fire alarm,19464,Pottstown,KING ST & N BAILEY ST,1,562103b5
TLXIJU,Traffic,Disabled vehicle,19027,Cheltenham,CHURCH RD & ERVIEN LN,1,99a1b681
TLXINK,Traffic,Vehicle accident,19044,Horsham,HORSHAM RD & MAPLE AVE,1,5382c83a
TLXIPQ,Fire,Carbon monoxide detector,19038,Springfield,HARSTON LN & ATWOOD RD,1,3baa3ec2
TLXISY,EMS,Fall victim,18073,Upper Hanover,WONZIEGLER RD & FINLAND RD,1,fad23c1e
TLXIYD,EMS,Fall victim,19095,Cheltenham,WASHINGTON LN & TOWNSHIP LINE RD,1,ab65cb9a
TLXIZ3,Traffic,Vehicle accident,19446,Towamencin,FORTY FOOT RD & WELSH RD,1,6cdbe2ad
TLXJBS,Fire,Trash/dumpster fire,19444,Whitemarsh,FIELDS DR & LAUREL DR,1,01357f57
TLXJGY,EMS,Fall victim,19401,East Norriton,PATTERSON AVE & HAINES RD,1,4ce2ea31
TLXJLT,Traffic,Vehicle accident,19150,Cheltenham,CHELTENHAM AVE & 79TH AVE,1,934e08af
TLXJPE,Traffic,Disabled vehicle,19002,Ambler,E RACE ST & N SPRING GARDEN ST,1,f349d0ca
TLXJQT,Traffic,Vehicle accident,19428,Plymouth,COLWELL LN & TURF LN,1,cbca0f1e
TLXJX2,Traffic,Disabled vehicle,19504,Douglass,HILL RD & PARESTIS RD,1,8e40cdb9
TLXKN7,EMS,General weakness,19403,Lower Providence,SHANNONDELL BLVD & EGYPT RD,1,966c41cd
TLXKPC,Fire,Building fire,19044,Horsham,BRIARWOOD DR & BLAIR MILL RD,1,820e3cfd
TLXKPU,Traffic,Vehicle accident,19401,Norristown,HARDING BLVD & MARKLEY ST,1,74ac4950
TLXL2E,Traffic,Vehicle accident,19027,Cheltenham,OLD YORK RD & CHELTENHAM AVE,1,36e6f38b
TLXL67,Fire,Carbon monoxide detector,19438,Towamencin,GEHMAN RD & TRANSIT WAY,1,7d166546
TLXL6G,EMS,Carbon monoxide detector,19438,Towamencin,GEHMAN RD & TRANSIT WAY,1,39e8c9bd
TLXL7H,Traffic,Disabled vehicle,19004,Lower Merion,CONSHOHOCKEN STATE RD & BALA AVE,1,5a5b443a
TLXMGR,Fire,Fire alarm,19464,Pottstown,KING ST & PENN ST,1,352f192d
TLXMO3,EMS,Overdose,19426,Trappe,WEISER PL & ROYER DR,1,9ae07662
TLXMR4,EMS,Fall victim,19446,Upper Gwynedd,STATION SQUARE BLVD & HORSESHOE CURVE DR,1,74659990
TLXNLR,EMS,Cardiac emergency,19428,Conshohocken,11TH AVE & HALLOWELL ST,1,2d2fae33
TLXNRG,EMS,Hemorrhaging,19454,Montgomery,HORSESHOE LN & UPPER STATE RD,1,3c192362
TLXO8X,EMS,Fall victim,19406,Upper Merion,FLINT HILL RD & HERTZOG BLVD,1,a29f6a8b
TLXOA9,EMS,Choking,19473,Limerick,LIMERICK RD & GRATERFORD RD,1,d684ca54
TLXOL9,EMS,Fall victim,19422,Whitpain,TWIN SILO DR & MORRIS RD,1,d17458e9
TLXONK,Fire,Unknown type fire,19040,Horsham,BLAIR MILL RD & W MORELAND AVE,1,24ede78b
TLXP8N,EMS,Fall victim,19446,Upper Gwynedd,STATION SQUARE BLVD & HORSESHOE CURVE DR,1,563d5cb4
TLXPIN,EMS,Seizures,19464,Pottstown,KING ST & MANATAWNY ST,1,bfe0a76d
TLXQ38,EMS,Unconscious subject,19401,Norristown,E ELM ST,1,c923d9ff
TLXQ3Y,Fire,Fire alarm,19512,Douglass,PHILADELPHIA AVE & MONTGOMERY AVE,1,951f9b70
TLXQJT,EMS,Medical alert alarm,18076,Red Hill,5TH ST & BITTING ALY,1,c0083e36
TLXQKV,Traffic,Road obstruction,19004,Lower Merion,SCHUYLKILL EXPY & RAMP I76 EB TO BELMONT AVE,1,b8250307
TLXQTN,EMS,Subject in pain,19473,Lower Frederick,YERGER RD & CREEKSIDE WAY,1,10c0162b
TLXQV5,EMS,Cardiac arrest,19090,Abington,BANNER RD & FITZWATERTOWN RD,1,f8cb0cdb
TLXQWU,EMS,Assault victim,19406,Upper Merion,DEKALB PIKE & KING OF PRUSSIA RD,1,7dfd3fea
TLXR4E,Traffic,Disabled vehicle,18914,Montgomery,COUNTY LINE RD & WALNUT ST,1,c057e2a4
TLXRGY,EMS,Cardiac emergency,19096,Lower Merion,WYNNEWOOD AVE & HAVERFORD AVE,1,3698300d
TLXRP4,EMS,General weakness,19428,Whitemarsh,HILLCREST AVE & WELLS ST,1,a445d950
TLXRQP,Fire,Appliance fire,19446,Hatfield Township,LINE ST & COWPATH RD,1,d82236a9
TLXRUZ,EMS,Dizziness,19403,Lower Providence,PROVIDENCE RD & CHURCH RD,1,ad55d278
TLXS5Z,Traffic,Road obstruction,19446,Towamencin,MORRIS RD & BUSTARD RD,1,8f461f7a
TLXSF1,Traffic,Vehicle accident,19464,Pottstown,N WARREN ST & KING ST,1,383f7082
TLXSG7,EMS,Fall victim,19401,Norristown,DEKALB ST & E MARSHALL ST,1,88a945f1
TLXSHI,Fire,Carbon monoxide detector,19460,Upper Providence,PORT PROVIDENCE RD & STORE ST,1,4269fdbc
TLXSJ6,Traffic,Vehicle accident,19464,Lower Pottsgrove,BUCHERT RD & KEPLER RD,1,f272c7ec
TLXSYS,EMS,Abdominal pains,19403,West Norriton,HIGHLAND AVE & HOOVER AVE,1,3847b740
TLXT0H,EMS,Medical alert alarm,19095,Cheltenham,WASHINGTON LN & TOWNSHIP LINE RD,1,663b382a
TLXT68,EMS,Cardiac emergency,19401,Norristown,SPRUCE ST & WILLOW ST,1,6a43876c
TLXT87,EMS,Subject in pain,19464,Pottstown,MANATAWNY ST,1,def75b36
TLXTV3,Traffic,Vehicle accident,19027,Cheltenham,OLD YORK RD & CHELTENHAM AVE,1,a3933d25
TLXUOG,EMS,Abdominal pains,19401,Norristown,LOCUST ST & DOGWOOD DR,1,61247040
TLXVBS,EMS,Unknown medical emergency,19426,Upper Providence,CIDER MILL RD,1,10abaea6
TLXVZF,Fire,Building fire,19401,Norristown,CHERRY ST & W MARSHALL ST,1,2b0dc8d2
TLXWON,EMS,Subject in pain,19406,Upper Merion,AMERICAN AVE & 1ST AVE,1,60c29052
TLXWVZ,Traffic,Road obstruction,19440,Towamencin,FORTY FOOT RD & NEWBURY WAY,1,0a78387b
TLXXIU,Traffic,Disabled vehicle,19454,Montgomery,COUNTY LINE RD & LOWER STATE RD,1,cddc6781
TLXXLX,EMS,Seizures,19401,Norristown,MARKLEY ST & W ROBERTS ST,1,b43ccffd
TLXXR5,EMS,Unknown medical emergency,19438,Franconia,MAPLEWOOD DR & CRESCENT CIR,1,b3a1b191
TLXXRQ,Traffic,Vehicle accident,18076,Red Hill,MAIN ST & W 3RD ST,1,64a2b5d2
TLXYCQ,EMS,Fall victim,18073,Upper Hanover,FRYE RD & GRAMM RD,1,d228fa9a
TLXYFO,EMS,Head injury,19403,Lower Providence,EAGLEVILLE RD & SUNDERLAND DR,1,8be189cd
TLXYND,Fire,S/B at helicopter landing,19401,Norristown,MARKLEY ST & W ROBERTS ST,1,b4db1b01
TLXYOD,EMS,Respiratory emergency,19426,Perkiomen,BRIDGE ST & SEITZ RD,1,83b421f7
TLXYUH,EMS,Medical alert alarm,19040,Upper Moreland,PRESTON LN & CORINTHIAN AVE,1,362c9275
TLXZD3,EMS,Nausea/vomiting,19422,Whitpain,DORAL DR & KIMBERTON DR,1,f7818a92
TLXZFZ,Traffic,Vehicle fire,19004,Lower Merion,E CITY AVE & BELMONT AVE,1,f77f97ac
TLXZFZ-1,Traffic,Vehicle fire,19004,Lower Merion,CITY AVE & N 47TH ST,1,ee9513e8
TLXZG2,Fire,Vehicle fire,19004,Lower Merion,CITY AVE & N 47TH ST,1,2e392212
TLY09M,EMS,Cardiac emergency,19464,Pottstown,HIGH ST & N CHARLOTTE ST,1,c1663a20
TLY0D1,EMS,Cardiac arrest,19027,Cheltenham,ASPEN WAY & FOREST HILLS DR,1,51ec7f3b
TLY0N0,EMS,Fall victim,19044,Horsham,WHITE BIRCH LN & TIMBER RD,1,26be501e
TLY1AR,EMS,EMS special service,19473,Skippack,BRIDGE RD & SERENDIPITY WAY,1,bf2f2bd2
TLY1TY,EMS,Cardiac emergency,19038,Abington,CENTRAL AVE & SPRUCE AVE,1,221f1a05
TLY1WQ,EMS,Respiratory emergency,19401,Norristown,LAFAYETTE ST & ROBERTS ALY,1,13796ebf
TLY27N,EMS,Head injury,19426,Lower Providence,RIDGE PIKE & GERMANTOWN PIKE,1,6cc24f18
TLY2PB,EMS,Nausea/vomiting,18074,New Hanover,BROOMSTICK RD & WARD RD,1,12816be9
TLY3NY,EMS,Fall victim,19518,Berks County,RANDOM RD & DUSK DR,1,a3df7445
TLY4K6,EMS,Abdominal pains,19438,Lower Salford,MAIN ST & OLD SUMNEYTOWN PIKE,1,e08ce5f2
TLY6RM,EMS,Abdominal pains,19040,Upper Moreland,BYBERRY RD & VILLAGE CIR,1,4af1daf0
TLY74D,EMS,Seizures,19446,Towamencin,SNYDER RD & VALLEY FORGE RD,1,802eec45
TLY74D-1,EMS,Seizures,19446,Towamencin,TROXEL RD,1,d29465f8
TLY7AG,EMS,Respiratory emergency,19401,Norristown,LOCUST ST & DOGWOOD DR,1,68174ce6
TLY88K,EMS,Hemorrhaging,19096,Lower Merion,LANCASTER AVE & LANKENAU DR,1,669596c8
TLY9HG,EMS,Diabetic emergency,19406,Upper Merion,GULPH RD & TURN LANE,1,6e2c1aaa
TLYBS6,EMS,Cardiac emergency,19027,Cheltenham,JOHN RUSSELL CIR & LUCRETIA MOTT WAY,1,1d538bf3
TLYBY6,EMS,Seizures,18074,Upper Frederick,COLONIAL RD & FAGLEYSVILLE RD,1,0ea5caac
TLYBY6-1,EMS,Seizures,18074,Lower Frederick,COLONIAL DR & MEADOW LN,1,adaba2a7
TLYDG4,EMS,Fall victim,19464,Pottstown,GRANDVIEW RD & BEECH ST,1,70bd814a
TLYDTS,EMS,Unconscious subject,19038,Abington,MT CARMEL AVE & RUSCOMBE AVE,1,8b784baf
TLYDTS-1,EMS,Unconscious subject,19038,Abington,MT CARMEL AVE,1,334fc619
TLYE89,EMS,General weakness,19403,Lower Providence,SHANNONDELL DR & SHANNONDELL BLVD,1,b4cb1739
TLYEWB,EMS,Fall victim,19422,Whitpain,WINSTON CT & CROMWELL DR,1,fbbdbcc6
TLYFDM,EMS,Nausea/vomiting,19464,West Pottsgrove,GROSSTOWN RD & ROBERTS DR,1,e137e4f5
TLYFQM,EMS,Back pains/injury,19422,Whitpain,VALLEY RD & SKIPPACK PIKE,1,091c438d
TLYFXV,EMS,Respiratory emergency,19038,Springfield,STENTON AVE & E EVERGREEN AVE,1,52defc46
TLYGXW,EMS,Fall victim,18964,Franconia,CHATHAM CT & WESTBURY DR,1,aac532ba
TLYHM8,EMS,Hemorrhaging,18041,Pennsburg,MAIN ST & CHURCH ST,1,196274a6
TLYHNG,EMS,Fall victim,19001,Abington,THOMSON RD & FERNWOOD AVE,1,1b48b177
TLYHOV,EMS,Seizures,19403,Lower Providence,EAGLEVILLE RD & RIDGE PIKE,1,dfd8211f
TLYIUT,EMS,Overdose,19426,Perkiomen,FORGE RD & BRANDYWINE RD,1,e7815a79
TLYIZK,EMS,Fall victim,19010,Lower Merion,ROBERTS RD & WYNDON AVE,1,17ec826d
TLYJ0V,Fire,Cardiac arrest,19426,Perkiomen,FORGE RD & BRANDYWINE RD,1,7d478339
TLYJFG,Traffic,Vehicle accident,19454,Montgomery,HORSHAM RD & NORTH WALES RD,1,563191d5
TLYJY7,EMS,Fall victim,19438,Lower Salford,MAIN ST & OLD SUMNEYTOWN PIKE,1,d5f793da
TLYK5M,EMS,Overdose,19464,Pottstown,KING ST & N FRANKLIN ST,1,ce46393c
TLYKCW,Traffic,Hazardous road conditions,18073,Marlborough,UPPER RIDGE RD & PRICE RD,1,a04a6ccb
TLYKRR,EMS,Respiratory emergency,19401,Norristown,AIRY ST & CHAIN ST,1,f838e4ed
TLYKT2,EMS,Head injury,19464,Lower Pottsgrove,EVERGREEN RD & W LIGHTCAP RD,1,01d1cd75
TLYKYF,EMS,Lacerations,19401,East Norriton,GERMANTOWN PIKE & HANNAH AVE,1,cfffd327
TLYKZC,EMS,Subject in pain,19464,Lower Pottsgrove,EVERGREEN RD & W LIGHTCAP RD,1,4be688ff
TLYL79,Fire,Vehicle fire,19040,Upper Moreland,DAVISVILLE RD & PENNYPACK RD,1,cbb8bc8b
TLYL81,Traffic,Vehicle fire,19040,Upper Moreland,DAVISVILLE RD & PENNYPACK RD,1,1f8578aa
TLYLNS,EMS,Rescue,18076,Red Hill,WALNUT ST & W 6TH ST,1,31b48010
TLYM1A,Fire,Gas-odor/leak,19401,Norristown,AIRY ST & HIGH ALY,1,a4ff85ab
TLYM80,Fire,Fire alarm,19446,Lansdale,LINE ST & PENN ST,1,56c333f7
TLYMA7,EMS,Respiratory emergency,19150,Springfield,IVY HILL RD & BAYARD ST,1,3873ba31
TLYMXF,EMS,Subject in pain,19001,Abington,OLD ORCHARD RD & CHURCH ST,1,cee4124a
TLYMZU,EMS,Respiratory emergency,19426,Skippack,MT AIRY RD & HARMON CT,1,f44b3395
TLYNLV,Traffic,Disabled vehicle,19468,Royersford,UNI SKI,1,d56d914b
TLYNLV-1,Traffic,Disabled vehicle,19464,Lower Pottsgrove,UNI SKI,1,ddf7ffe8
TLYNLV-2,Traffic,Disabled vehicle,19422,Whitpain,UNION MEETING RD & SKIPPACK PIKE,1,bda7395a
TLYNQ4,EMS,Hemorrhaging,19464,Lower Pottsgrove,BROOKWOOD DR & KEPLER RD,1,465f0c6e
TLYNYA,EMS,Cardiac arrest,18073,Upper Hanover,BROOKE RD & ANDREWS LN,1,c2dbe4c2
TLYNZ3,Fire,Cardiac arrest,18073,Upper Hanover,BROOKE RD & ANDREWS LN,1,6433f021
TLYO1A,Fire,Fire alarm,19001,Abington,OLD YORK RD & WHEATSHEAF LN,1,869aaa9f
TLYO3Y,Fire,Carbon monoxide detector,19066,Lower Merion,UPLAND RD & OLD LANCASTER RD,1,1a69c95a
TLYO86,Fire,Fire investigation,19460,Upper Providence,EGYPT RD & PIN OAKS DR,1,aba2fd41
TLYOPI,Traffic,Vehicle accident,19468,Limerick,LEWIS RD & CHAPEL RD,1,d669d1af
TLYOYV,EMS,Dizziness,19403,Lower Providence,BARRY AVE & RIDGE PIKE,1,011f2029
TLYP71,Traffic,Disabled vehicle,19406,Upper Merion,AMERICAN AVE & 1ST AVE,1,4dfcdf6b
TLYPH7,EMS,Seizures,19403,Lower Providence,DEFFORD PL & SUNDERLAND DR,1,0c03bf86
TLYPKO,EMS,Syncopal episode,19038,Abington,WOODLYN AVE & FAIRHILL AVE,1,92830c02
TLYPSJ,EMS,Cardiac emergency,19403,Lower Providence,FORGE AVE & S TROOPER RD,1,d789491d
TLYQC9,EMS,Dizziness,19422,Whitpain,BIRKDALE DR & GOLFVIEW DR,1,953642e2
TLYQFS,EMS,Nausea/vomiting,19406,Upper Merion,VALLEY FORGE CIR & OLD VALLEY FORGE RD,1,51fcb1f3
TLYQN7,EMS,Subject in pain,19462,Plymouth,HALLOWELL RD & SANDY HILL RD,1,11260a28
TLYQRK,EMS,Vehicle accident,19426,Collegeville,9TH AVE & MAIN CAMPUS DR,1,34d27239
TLYQRK-1,EMS,Vehicle accident,19426,Trappe,COLLEGE AVE & E 9TH AVE,1,2b337c2c
TLYQS8,Traffic,Vehicle accident,19426,Collegeville,9TH AVE & MAIN CAMPUS DR,1,84bdf089
TLYQS8-1,Traffic,Vehicle accident,19426,Trappe,COLLEGE AVE & E 9TH AVE,1,92d677dc
TLYQU4,EMS,Unknown medical emergency,19010,Lower Merion,BRYN MAWR AVE & OLD LANCASTER RD,1,53554ca9
TLYR09,EMS,Syncopal episode,19406,Upper Merion,ANTHONY RD & THOMAS DR,1,fba63f0a
TLYR1Y,Fire,Vehicle accident,19426,Collegeville,9TH AVE & MAIN CAMPUS DR,1,973c1e4b
TLYR1Y-1,Fire,Vehicle accident,19426,Trappe,COLLEGE AVE & E 9TH AVE,1,d1d7605a
TLYR4L,Traffic,Vehicle accident,19426,Trappe,COLLEGE AVE & E 9TH AVE,1,636bb886
TLYR50,Fire,Fire special service,19406,Upper Merion,ANTHONY RD & THOMAS DR,1,8098dee0
TLYR9Z,EMS,CVA/stroke,19438,Lower Salford,MAIN ST & OLD SUMNEYTOWN PIKE,1,076ec12a
TLYRJ1,Traffic,Vehicle accident,19401,Norristown,MARKLEY ST & W FORNANCE ST,1,56724cb1
TLYRQG,Fire,Building fire,19446,Upper Gwynedd,ANDERS RD & CREST RD,1,21567dfa
TLYRX8,EMS,Building fire,19446,Upper Gwynedd,ANDERS RD & CREST RD,1,9ded1910
TLYSE8,Traffic,Vehicle accident,18964,Franconia,HARLEYSVILLE PIKE & ALLENTOWN RD,1,b973122d
TLYSFE,Traffic,Disabled vehicle,19468,Limerick,BUCKWALTER RD & JOSHUA DR,1,6768a947
TLYSJU,Fire,Fire alarm,19004,Lower Merion,ROCK HILL RD & CONSHOHOCKEN STATE RD,1,ef0dd680
TLYSME,EMS,Unconscious subject,19012,Cheltenham,PLEASANT HILL DR & BERWYN RD,1,e3a44682
TLYSOF,EMS,Medical alert alarm,19401,East Norriton,DEKALB PIKE & COLONIAL DR,1,31a4605b
TLYSQ6,EMS,Respiratory emergency,19403,West Norriton,LIBERTY AVE & NEW ST,1,c9378059
TLYSUO,Traffic,Vehicle accident,19403,West Norriton,W MAIN ST & POTTS AVE,1,fb18a4e7
TLYSUO-1,Traffic,Vehicle accident,19403,West Norriton,MAIN ST & POTTS AVE,1,c955d230
TLYSWS,Traffic,Vehicle accident,19468,Limerick,RT422  & RAMP RT422 WB TO N LEWIS RD,1,5e72107a
TLYSX7,EMS,Cardiac emergency,19426,Upper Providence,CRESSON BLVD & EGYPT RD,1,ec96260f
TLYT9D,EMS,Respiratory emergency,19438,Skippack,HUDSON TER & COLEBROOK LN,1,55cafa06
TLYTCT,EMS,Respiratory emergency,19422,Whitpain,CHERRY LN & GRANT AVE,1,b37161d4
TLYTLG,Traffic,Disabled vehicle,19090,Upper Moreland,N YORK RD & FITZWATERTOWN RD,1,07dd120b
TLYTQI,Fire,Fire alarm,19096,Lower Merion,SUSSEX RD & E ATHENS AVE,1,b87efc49
TLYU7S,Fire,Fire alarm,19422,Whitpain,DEKALB PIKE & MICHAELS LN,1,147f8038
TLYU92,Fire,Fire alarm,19440,Hatfield Township,PENN ST & BERGEY RD,1,88143788
TLYUBU,EMS,Subject in pain,19422,Whitpain,CANTERBURY CT & CANTERBURY LN,1,dbce1323
TLYUKD,Traffic,Vehicle accident,19004,Lower Merion,MONTGOMERY AVE & BANGOR RD,1,9af4661e
TLYUQ9,EMS,Fall victim,18964,Souderton,COUNTY LINE RD & E BROAD ST,1,b500aefd
TLYUXV,Fire,Fire alarm,19422,Whitpain,DEKALB PIKE & MICHAELS LN,1,4e1d20c6
TLYUZL,EMS,Back pains/injury,19006,Abington,MEADOWBROOK DR & HUNTINGDON PIKE,1,00d16f68
TLYV9D,Fire,Fire alarm,19075,Springfield,TOLL RD & PHEASANT LN,1,9d8f2c3c
TLYVFF,EMS,Shooting,19095,Cheltenham,GREEN VALLEY RD & THORNBERRY RD,1,ecbb20c0
TLYVQ7,EMS,Heat exhaustion,19046,Jenkintown,RUNNYMEDE AVE & FLORENCE AVE,1,3f529250
TLYVYC,Fire,Fire alarm,19096,Lower Merion,SUSSEX RD & E ATHENS AVE,1,50c9ca85
TLYW7T,EMS,Overdose,19428,Plymouth,FAYETTE ST & E 13TH AVE,1,18dfedf8
TLYW8J,Fire,Fire alarm,19468,Limerick,LINFIELD TRAPPE RD & S LIMERICK RD,1,02224c90
TLYWA7,EMS,Fall victim,19462,Plymouth,PLYMOUTH RD & RITTENHOUSE SQ,1,ed695622
TLYWBU,Fire,Electrical fire outside,19002,Lower Gwynedd,PENN OAK RD & PENN OAK RD,1,8cfc9d4f
TLYWG0,EMS,Fall victim,18969,Telford,CHURCH AVE & AUTUMN LEA CIR,1,c481139d
TLYWHT,Traffic,Vehicle accident,19002,Lower Gwynedd,BETHLEHEM PIKE & SUMNEYTOWN PIKE,1,72b77813
TLYX87,Traffic,Disabled vehicle,19460,Upper Providence,BLACK ROCK RD & S COLLEGEVILLE RD,1,abe1067f
TLYXCQ,EMS,Cardiac arrest,18964,Souderton,MAIN ST & HILLSIDE AVE,1,4bd6429d
TLYXFY,EMS,Unknown medical emergency,19401,East Norriton,COTTAGE LN & WOODLAWN RD,1,bab5cbbc
TLYXLO,Fire,Cardiac arrest,18964,Souderton,MAIN ST & HILLSIDE AVE,1,c362de08
TLYXMO,EMS,Hemorrhaging,19403,Lower Providence,SHANNONDELL DR & SHANNONDELL BLVD,1,8531734d
TLYXPI,Traffic,Vehicle accident,19438,Towamencin,OLD FORTY FOOT RD & SUMNEYTOWN PIKE,1,46b2c5b9
TLYXWW,Traffic,Vehicle accident,19464,Pottstown,RT100 SB & SHOEMAKER RD,1,c56e120b
TLYYC6,Traffic,Vehicle accident,19004,Lower Merion,BELMONT AVE & OLD BELMONT AVE,1,9abbf4b4
TLYYF6,Traffic,Road obstruction,18964,Franconia,LEIDY RD & COWPATH RD,1,0181b803
TLYYS5,EMS,Respiratory emergency,19040,Hatboro,JACKSONVILLE RD & TERRACE AVE,1,6789b4f3
TLYZ08,EMS,Syncopal episode,19090,Upper Moreland,EASTON RD & KNOCK N KNOLL CIR,1,dd7a5012
TLYZ7K,Traffic,Road obstruction,19464,Upper Pottsgrove,W MOYER RD & RT100 SB,1,62fb1dbe
TLZ03S,Traffic,Vehicle accident,19002,Lower Gwynedd,BETHLEHEM PIKE & SHEBLE LN,1,27dbb0c1
TLZ0AV,EMS,Subject in pain,19025,Upper Dublin,GREEN VALLEY CIR & BROOKDALE CT,1,90a9372a
TLZ0CG,EMS,Cardiac emergency,19009,Bryn Athyn,DALE RD & BUCK RD,1,21f9fda6
TLZ0HV,EMS,Vehicle accident,19002,Lower Gwynedd,BETHLEHEM PIKE & SHEBLE LN,1,0d42e792
TLZ0KX,Fire,Vehicle accident,19002,Lower Gwynedd,BETHLEHEM PIKE & SHEBLE LN,1,f1ca503e
TLZ1FO,Traffic,Vehicle accident,19468,Upper Providence,RIDGE PIKE & KLINE RD,1,0ddbcec9
TLZ1JO,EMS,Overdose,19464,Pottstown,BEECH ST,1,18782b27
TLZ1NM,Traffic,Road obstruction,19001,Abington,OLD WELSH RD & OLD YORK RD,1,64f1099f
TLZ1QN,EMS,Cardiac emergency,19446,Lansdale,MAIN ST & RIDGE ST,1,4ae899e0
TLZ1ZS,Traffic,Vehicle accident,19454,Montgomery,BETHLEHEM PIKE & VILSMEIER RD,1,90d2739b
TLZ2I1,EMS,Medical alert alarm,19027,Cheltenham,MELROSE AVE & MOUNTAIN AVE,1,bce90f5e
TLZ2OT,Traffic,Vehicle accident,19401,Norristown,CHERRY ST & W ELM ST,1,5c88f28b
TLZ2TE,EMS,Fracture,19422,Whitpain,COPPER BEECH DR & ORCHARD CT,1,24da963c
TLZ317,Traffic,Disabled vehicle,19403,Lower Providence,EGYPT RD & WEDGEWOOD WAY,1,6b5a2810
TLZ317-1,Traffic,Disabled vehicle,19403,Lower Providence,SHANNONDELL BLVD & EGYPT RD,1,e8589a0c
TLZ36O,EMS,Subject in pain,19464,Pottstown,FARMINGTON AVE & N YORK ST,1,06c421e5
TLZ3CZ,Traffic,Vehicle accident,19041,Lower Merion,HAVERFORD STATION RD & W LANCASTER AVE,1,a9a0e488
TLZ3G2,Traffic,Vehicle accident,19426,Skippack,SKIPPACK PIKE & COLLEGEVILLE RD,1,67fca6e5
TLZ3RL,Fire,Electrical fire outside,19422,Whitpain,WALTON RD,1,effc9a42
TLZ3RL-1,Fire,Electrical fire outside,19422,Whitpain,WALTON RD & SKIPPACK PIKE,1,37459183
TLZ3UL,Traffic,Vehicle accident,19422,Whitpain,WENTZ RD & JOLLY RD,1,940d5030
TLZ3XT,EMS,Vehicle accident,19072,Lower Merion,HAVERFORD AVE,1,91ae4c91
TLZ3XY,Traffic,Vehicle accident,19096,Lower Merion,HAVERFORD AVE & CITY AVE,1,00482ad8
TLZ3YK,EMS,Respiratory emergency,19040,Upper Moreland,WINDING RD & SHORT LN,1,23c1fe64
TLZ44B,Traffic,Vehicle accident,19095,Cheltenham,NORTH AVE & PAXSON AVE,1,d2911683
TLZ471,EMS,Respiratory emergency,19031,Springfield,SUFFOLK RD & PRESTON RD,1,c0a28ad1
TLZ47W,Fire,Carbon monoxide detector,19066,Lower Merion,MONROE RD & MEETING HOUSE LN,1,86d417d6
TLZ4GE,EMS,Cardiac emergency,19046,Abington,OLD YORK RD & WYNCOTE RD,1,19735a0e
TLZ4H5,EMS,Cardiac arrest,19072,Narberth,ESSEX AVE & WOODBINE AVE,1,27343ea3
TLZ4IA,Fire,Gas-odor/leak,19403,West Norriton,S TROOPER RD,1,8d875119
TLZ4IA-1,Fire,Gas-odor/leak,19403,West Norriton,TROOPER RD & VAN BUREN AVE,1,36e8db8d
TLZ4JF,EMS,Medical alert alarm,19403,West Norriton,MARSHALL ST & N MONTGOMERY AVE,1,78e411c2
TLZ4OF,EMS,Head injury,19401,Norristown,SCHUYLKILL RIVER TRL & FORD ST,1,0c568332
TLZ5R6,Traffic,Vehicle accident,19010,Lower Merion,W LANCASTER AVE & N BRYN MAWR AVE,1,cf0057a2
TLZ5VP,EMS,Respiratory emergency,19403,Norristown,CIRCLE DR & SERVICE ST,1,23d41661
TLZ5WU,EMS,Choking,19428,Conshohocken,HECTOR ST & POPLAR ST,1,91d2fd29
TLZ656,EMS,Fall victim,19464,Pottstown,HARMONY DR & FORESMAN DR,1,4ab3942f
TLZ67L,EMS,Head injury,18964,Franconia,LOWER RD & ALLENTOWN RD,1,77ca2b07
TLZ694,EMS,Cardiac emergency,19038,Upper Dublin,AVENUE G  & LINCOLN AVE,1,c95a143d
TLZ6G8,EMS,Fall victim,19422,Whitpain,PULASKI DR & JENNIFER LN,1,33f87ca9
TLZ6JG,EMS,Heat exhaustion,19464,Pottstown,HANOVER ST & WALNUT ST,1,ff8da4e0
TLZ6OT,EMS,Syncopal episode,19406,Upper Merion,REES DR & SPRINGDELL RD,1,8048f7a0
TLZ6VZ,EMS,Heat exhaustion,19426,Collegeville,MAIN ST & E 3RD AVE,1,e2903a00
TLZ6WK,Traffic,Vehicle accident,19090,Upper Moreland,WELSH RD & BLAIR MILL RD,1,cd4ceb82
TLZ7AQ,Fire,Fire alarm,19031,Springfield,WISSAHICKON AVE & ROSE LN,1,e57db76c
TLZ7G8,EMS,Overdose,19462,Plymouth,PLYMOUTH RD & MAPLEWOOD DR,1,6fff8e46
TLZ7I1,Traffic,Vehicle accident,19001,Abington,OLD YORK RD & OLD WELSH RD,1,9b21fe07
TLZ7ID,EMS,Respiratory emergency,19403,Lower Providence,SHANNONDELL DR & SHANNONDELL BLVD,1,93832abc
TLZ7K3,Traffic,Vehicle accident,19406,Upper Merion,DEKALB PIKE & BRANDYWINE LN,1,ec61d96d
TLZ7XW,EMS,Subject in pain,19038,Abington,MONROE AVE & WOODROW AVE,1,f242fd9c
TLZ81A,EMS,Syncopal episode,18054,Marlborough,MAGAZINE RD & MAIN ST,1,43e15a33
TLZ8DI,Traffic,Vehicle accident,19403,West Norriton,W MAIN ST & N WHITEHALL RD,1,e83f36af
TLZ8ES,Traffic,Vehicle accident,19027,Cheltenham,CHELTENHAM AVE & MOUNTAIN AVE,1,e8748a83
TLZ8FD,EMS,Unknown medical emergency,18073,Pennsburg,VALLEY CT & 10TH ST,1,de7c0877
TLZ8I5,Traffic,Vehicle accident,19131,Lower Merion,CITY AVE & CONSHOHOCKEN AVE,1,9978efaf
TLZ8PA,Traffic,Vehicle accident,19468,Limerick,N TOWNSHIP LINE RD & HEFFNER RD,1,7869ddfe
TLZ8WM,EMS,Cardiac emergency,19468,Royersford,WALNUT ST & S 4TH AVE,1,fa44a80a
TLZ9LU,EMS,Head injury,19403,West Norriton,WENDOVER DR & MEADOW LN,1,492b3730
TLZ9O0,EMS,Fall victim,19426,Upper Providence,TAYLOR WAY & CAMPUS DR,1,4222fb88
TLZ9QG,Traffic,Disabled vehicle,19406,Upper Merion,SAULIN BLVD & E DEKALB PIKE,1,c08419b0
TLZ9T2,EMS,Seizures,19464,Pottstown,EVANS ST & ROWAN ALY,1,8d39cdd9
TLZA0G,Traffic,Vehicle accident,19401,East Norriton,DEKALB PIKE & W GERMANTOWN PIKE,1,86b66c89
TLZA5L,EMS,Seizures,19428,Plymouth,RIDGE PIKE & BUTLER PIKE,1,d898928d
TLZA6L,EMS,Dizziness,19401,East Norriton,SWEDE RD & W GERMANTOWN PIKE,1,00941065
TLZAHO,EMS,Maternity,19401,Norristown,MAIN ST & FRANKLIN ST,1,7d96f429
TLZAKJ,Fire,Fire investigation,19006,Lower Moreland,BYBERRY RD,1,14ddeec8
TLZAP5,EMS,General weakness,19468,Limerick,PRESIDENTIAL DR & JEFFERSON CT,1,c7aeed66
TLZAUG,EMS,Respiratory emergency,19403,Lower Providence,PARKLANE DR & RIDGE PIKE,1,c6084adf
TLZB4S,EMS,Respiratory emergency,19002,Horsham,BUTLER PIKE & NESBITT RD,1,0bfc33e5
TLZBI6,EMS,Fever,19001,Abington,HILLTHORPE AVE & TYSON AVE,1,7b553004
TLZBZ0,EMS,Poisoning,19403,West Norriton,MARSHALL ST & N MONTGOMERY AVE,1,518a55a5
TLZC6X,EMS,Nausea/vomiting,19401,Norristown,LOCUST ST & DOGWOOD DR,1,c9877cdb
TLZC9P,EMS,Altered mental status,19002,Ambler,BETHLEHEM PIKE & TENNIS AVE,1,45518465
TLZCK1,Traffic,Hazardous road conditions,19406,Upper Merion,ALLENDALE RD & 1ST AVE,1,5cbcaedd
TLZCKO,Traffic,Vehicle accident,19406,Upper Merion,GULPH RD & HAYLEY JACKSON WAY,1,3027a978
TLZCMS,Traffic,Vehicle accident,19406,Upper Merion,GULPH RD & HAYLEY JACKSON WAY,1,bc8ef83f
TLZCUY,EMS,Syncopal episode,19001,Upper Moreland,COUNTRY CLUB DR & EDGE HILL RD,1,3fa8b43b
TLZD0Q,EMS,Fall victim,19460,Upper Providence,EGYPT RD & OAKLAND AVE,1,cd7d6eb1
TLZD1Z,EMS,Medical alert alarm,19010,Lower Merion,MONTGOMERY AVE & MORRIS AVE,1,c93078ee
TLZD3B,Fire,Fire investigation,19406,Upper Merion,ALLENDALE RD & 1ST AVE,1,e16619a8
TLZD8T,Traffic,Vehicle accident,19454,Montgomery,BETHLEHEM PIKE & NORTH WALES RD,1,60ebedc8
TLZDGF,EMS,Head injury,19468,Limerick,N LEWIS RD,1,43a20d8c
TLZDNB,EMS,Heat exhaustion,19446,Worcester,SKIPPACK PIKE & BUSTARD RD,1,e12a7616
TLZDPC,EMS,Seizures,19422,Whitpain,BOEHMS CHURCH RD & PLYMOUTH RD,1,d1b6d82c
TLZE8G,EMS,Fall victim,19440,Hatfield Township,FAIRGROUNDS RD & JEAN DR,1,ff769f80
TLZEDJ,Traffic,Disabled vehicle,19406,Upper Merion,EVERGREEN LN & COATES LN,1,b9ad13ea
TLZES6,EMS,Fall victim,19464,Pottstown,MANATAWNY ST & UPLAND ST,1,031f8ec5
TLZEW1,EMS,Seizures,19046,Lower Moreland,VALLEY RD & MANOR AVE,1,49e2a19b
TLZFEX,Fire,Fire alarm,19010,Lower Merion,MONTGOMERY AVE & MORRIS AVE,1,ad936391
TLZFLP,EMS,Cardiac emergency,19446,Towamencin,WEIKEL RD & SALEM WAY,1,daf45feb
TLZFNA,Fire,Fire investigation,18054,Green Lane,2ND ST & MEADOW ALY,1,c8eeaf3a
TLZFQA,EMS,Fall victim,19438,Lower Salford,MAIN ST & OLD SUMNEYTOWN PIKE,1,e5c19690
TLZG1X,EMS,Fall victim,19468,Limerick,BRIAR CT & LAKESIDE DR,1,e656c950
TLZG5N,EMS,Unresponsive subject,19401,Norristown,MARSHALL ST & ARCH ST,1,7b9d50ce
TLZGKF,EMS,Vehicle accident,18964,Souderton,NOBLE ST & UNNAMED ALY,1,0a1703fe
TLZGKO,Fire,Vehicle accident,18964,Souderton,NOBLE ST & UNNAMED ALY,1,0dac2606
TLZGL9,Traffic,Vehicle accident,18964,Souderton,NOBLE ST & UNNAMED ALY,1,17ae97ee
TLZH6S,EMS,Unconscious subject,19401,Norristown,LAFAYETTE ST & SWEDE ST,1,fc098af7
TLZHJJ,Fire,Fire alarm,19446,Lansdale,LANSDALE AVE & E 7TH ST,1,97a4d38a
TLZI54,EMS,Medical alert alarm,19401,East Norriton,JEFFERSON AVE & UNNAMED ALY,1,31727064
TLZI6S,EMS,Assault victim,19406,Upper Merion,VALLEY FORGE RD & N HENDERSON RD,1,83f49227
TLZI9R,EMS,Dehydration,19027,Cheltenham,ASPEN WAY & FOREST HILLS DR,1,daa9a86b
TLZILZ,Fire,Fire alarm,19401,Norristown,DEKALB ST & E ELM ST,1,e6aebb27
TLZIP7,Traffic,Disabled vehicle,19035,Lower Merion,CONSHOHOCKEN STATE RD & YOUNGS FORD RD,1,346c2e87
TLZJJW,Fire,Transferred call,19401,Norristown,W WASHINGTON ST,1,01050b00
TLZJYN,EMS,Lacerations,19012,Cheltenham,WETHERILL RD & HAMMOND RD,1,814b65bc
TLZK2U,Traffic,Vehicle accident,19438,Franconia,EXTENSION PENNSYLVANIA TPKE & SCHOOLHOUSE RD ACCESS GATE,1,2d319226
TLZK5E,EMS,Fall victim,19403,Lower Providence,SHANNONDELL DR & SHANNONDELL BLVD,1,a0f5d98a
TLZKTE,EMS,Assault victim,19401,East Norriton,JOHNSON HWY & PINE ST,1,7bdb056d
TLZKWT,EMS,Fall victim,19468,Royersford,CHURCH ST & N 3RD AVE,1,75417ae1
TLZL9P,Traffic,Road obstruction,19027,Cheltenham,OLD YORK RD & MEETINGHOUSE RD,1,601a0ab9
TLZLDU,Traffic,Vehicle accident,18964,Souderton,NOBLE ST & UNNAMED ALY,1,5d5ae826
TLZLUL,Traffic,Vehicle accident,19446,Hatfield Township,BROAD ST & COWPATH RD,1,2c45f9d2
TLZLXD,EMS,Hemorrhaging,19446,Towamencin,TROXEL RD & SNYDER RD,1,20493dea
TLZM51,EMS,General weakness,19428,Plymouth,RIDGE PIKE & BUTLER PIKE,1,35cd1b50
TLZMRU,EMS,Syncopal episode,19406,Upper Merion,AMERICAN AVE & 1ST AVE,1,b7eac1ae
TLZMXC,Fire,Elevator emergency,19428,West Conshohocken,CRAWFORD AVE & FRONT ST,1,6f37591d
TLZN12,EMS,Altered mental status,19464,Lower Pottsgrove,EVERGREEN RD & W LIGHTCAP RD,1,a6048cd5
TLZN41,EMS,Respiratory emergency,19401,Norristown,OAK ST & HIGH ALY,1,c63497ba
TLZN4V,EMS,Dizziness,19072,Lower Merion,CONSHOHOCKEN STATE RD & N WOODBINE AVE,1,97301b4b
TLZNFU,EMS,Unknown medical emergency,19464,Pottstown,4TH ST & JOHNSON ST,1,06a43eaf
TLZNH9,EMS,Abdominal pains,19464,Pottstown,4TH ST & JOHNSON ST,1,eaff5e92
TLZNSX,EMS,Medical alert alarm,19075,Springfield,PENNSYLVANIA AVE & APEL AVE,1,b504ae74
TLZP12,EMS,Unconscious subject,19040,Hatboro,NEW ST & E MORELAND AVE,1,f44c16b1
TLZPBB,EMS,Respiratory emergency,19001,Abington,WOODLAND RD & ST CHARLES PL,1,8532a104
TLZPH4,Traffic,Vehicle accident,19012,Cheltenham,CENTRAL AVE & JEFFERSON AVE,1,7e3b13c2
TLZPIH,EMS,Dehydration,19440,Hatfield Township,MAPLE AVE & CHESTNUT ST,1,527a37e7
TLZPS4,EMS,Abdominal pains,19403,Lower Providence,EAGLEVILLE RD & SUNDERLAND DR,1,91fe541d
TLZQ61,EMS,Altered mental status,19401,East Norriton,COLES BLVD & MONTGOMERY AVE,1,a4dd06fd
TLZQHJ,Traffic,Vehicle accident,19454,Lower Gwynedd,DEKALB PIKE & HANCOCK RD,1,0a74c0aa
TLZQIN,Traffic,Vehicle accident,19454,Upper Gwynedd,DEKALB PIKE & HANCOCK RD,1,38674f6d
TLZR8A,EMS,Head injury,19046,Abington,THE FAIRWAY  & RYDAL RD,1,68c2b0b2
TLZROP,EMS,Hemorrhaging,19066,Lower Merion,MELROSE AVE & MELROSE CIR,1,037584d6
TLZRWB,EMS,Back pains/injury,19044,Horsham,MAPLE AVE & WAYNE AVE,1,165432ae
TLZS8K,EMS,Head injury,19401,East Norriton,NEW HOPE ST & SAW MILL CT,1,d98d458a
TLZSJL,Traffic,Vehicle accident,19126,Cheltenham,CHELTENHAM AVE & N 5TH ST,1,62020f14
TLZTVR,EMS,Syncopal episode,19403,Lower Providence,SHANNONDELL BLVD & EGYPT RD,1,5f6c6877
TLZUB6,EMS,Respiratory emergency,19403,West Norriton,BEECH DR & SPRUCE ST,1,def152fa
TLZV36,EMS,Overdose,19095,Cheltenham,EASTON RD & GREENWOOD AVE,1,71932a65
TLZVDS,EMS,Subject in pain,19438,Lower Salford,MAIN ST & OLD SUMNEYTOWN PIKE,1,6b849b76
TLZVF0,Fire,Fire alarm,18964,Telford,LINCOLN AVE & WOOD ALY,1,0721a6b8
TLZVY9,EMS,Unknown medical emergency,19401,East Norriton,DEKALB PIKE & COLONIAL DR,1,1580cdd0
TLZVZM,EMS,Cardiac arrest,19128,Springfield,RIDGE PIKE & NORTHWESTERN AVE,1,8fd8f615
TLZW6S,EMS,Head injury,19035,Lower Merion,BRIAR HILL RD & WINSTON RD,1,0b2d71bc
TLZWW9,Fire,Fire investigation,19002,Ambler,SPRING GARDEN ST & E BUTLER AVE,1,ea055323
TLZY1M,EMS,Medical alert alarm,19468,Limerick,PEBBLE BEACH DR & AUGUSTA AVE,1,74afc899
TLZYEE,EMS,EMS special service,19473,Skippack,BRIDGE RD & SERENDIPITY WAY,1,f081bb7c
TLZYJU,EMS,Cardiac emergency,19095,Cheltenham,LIMEKILN PIKE & GREENWOOD AVE,1,e60cbeb0
TLZZPE,EMS,Unconscious subject,19012,Cheltenham,CHELTENHAM AVE & COMPOUND 1,1,996db2e9
TLZZQP,EMS,Head injury,19468,Limerick,RIDGE PIKE & MAIN DR,1,826e8966
TLZZZF,EMS,Fall victim,19464,Lower Pottsgrove,WHITE PINE LN & N CHARLOTTE ST,1,eb404f2f
TM00IK,Traffic,Disabled vehicle,19462,Plymouth,E LAFAYETTE ST & CONSHOHOCKEN RD,1,84010e38
TM00ZC,EMS,Respiratory emergency,19454,North Wales,MAIN ST & W WALNUT ST,1,48594f8a
TM02B2,EMS,Overdose,19006,Lower Moreland,PINE RD & PHEASANT DR,1,2ea51c26
TM02HR,Traffic,Vehicle accident,18074,Lower Frederick,N GRAVEL PIKE & LITTLE RD,1,5a7d928f
TM02IZ,Traffic,Vehicle accident,18074,Lower Frederick,N GRAVEL PIKE & LITTLE RD,1,b17dc449
TM02SN,EMS,Cardiac emergency,19401,Norristown,WASHINGTON ST & SELMA ST,1,5da25aa9
TM02XM,EMS,Unresponsive subject,19473,Skippack,ERIC DR & WENDY WAY,1,248a825d
TM03C8,EMS,Unconscious subject,19468,Limerick,LINFIELD TRAPPE RD & WEAVER LN,1,0fd7171b
TM03IB,EMS,Respiratory emergency,18964,Franconia,HARLEYSVILLE PIKE & ALLENTOWN RD,1,7b1d9c0a
TM04JC,EMS,Altered mental status,19446,Upper Gwynedd,SUMNEYTOWN PIKE & MERCK GATE 1,1,f94d3bcd
TM052S,EMS,Cardiac emergency,18073,Upper Hanover,OTTS RD & BERKELEY DR,1,8175ce21
TM058X,EMS,Overdose,19401,Norristown,W LAFAYETTE ST,1,9df31ddb
TM05A7,Fire,Fire alarm,19031,Springfield,WISSAHICKON AVE & ROSE LN,1,7da7620c
TM06NB,EMS,Cardiac emergency,19465,Chester County,MILLER RD & E CEDARVILLE RD,1,7727a364
TM0815,Traffic,Vehicle accident,19038,Cheltenham,LAVEROCK RD & PLYMOUTH RD,1,bef1122a
TM08UL,Fire,Fire investigation,19446,Lansdale,LAKEVIEW DR & BARBERRY DR,1,2632f65d
TM09I4,EMS,Hemorrhaging,19403,Norristown,CIRCLE DR & SERVICE ST,1,ba6d1f5e
TM09MM,EMS,General weakness,19462,Plymouth,LEE DR & DAVIS DR,1,d9d93136
TM0A4X,EMS,Unconscious subject,18073,Pennsburg,POTTSTOWN AVE & WASHINGTON ST,1,04d47478
TM0A7E,EMS,Back pains/injury,18076,Red Hill,6TH ST & ADAMS ST,1,9400c0a1
TM0BJ3,EMS,Fall victim,19403,Lower Providence,SHANNONDELL DR & SHANNONDELL BLVD,1,15f4870d
TM0DEA,EMS,Head injury,19473,Schwenksville,PERKIOMEN AVE & 3RD ST,1,c78d1751
TM0DG0,EMS,Seizures,19096,Lower Merion,LANCASTER AVE & LANKENAU DR,1,34f2732d
TM0DXM,EMS,General weakness,19038,Springfield,AVONDALE RD & DEAD END,1,6bb5815f
TM0EGK,EMS,Cardiac arrest,19446,Worcester,SKIPPACK PIKE & MEADOWOOD DR,1,02e1f61e
TM0EGT,Traffic,Vehicle accident,18915,Hatfield Township,BETHLEHEM PIKE & WALNUT ST,1,935b505f
TM0EHO,Fire,Cardiac arrest,19446,Worcester,SKIPPACK PIKE & MEADOWOOD DR,1,e7b8e19d
TM0ETQ,Traffic,Disabled vehicle,19401,Norristown,DEKALB ST & E ELM ST,1,857d560d
TM0F4B,Traffic,Vehicle accident,19446,Lansdale,EDGEMONT AVE & POPLAR ST,1,f5684093
TM0FEE,EMS,CVA/stroke,19027,Cheltenham,WEBB RD & OLD YORK RD,1,04ef217f
TM0FF6,EMS,Cardiac emergency,19446,Worcester,SKIPPACK PIKE & MEADOWOOD DR,1,f18259d5
TM0FPT,EMS,Altered mental status,19002,Ambler,BETHLEHEM PIKE & TENNIS AVE,1,bf71ac02
TM0GBI,Traffic,Vehicle accident,18074,Lower Frederick,BIG RD & GERLOFF RD,1,3d33721d
TM0GEW,Fire,Fire alarm,19426,Upper Providence,COLLEGEVILLE RD & ARCOLA RD,1,89a32c47
TM0GKH,EMS,Respiratory emergency,19038,Abington,HIGHLAND AVE & MT CARMEL AVE,1,23306d3d
TM0GRX,EMS,Head injury,19446,Lansdale,4TH ST & PACIFIC AVE,1,b619775f
TM0GWX,Fire,Fire special service,19454,Montgomery,QUAKER CT & CONGRESS DR,1,86ef8530
TM0GY6,EMS,Head injury,19464,Pottstown,CHARLOTTE ST & NIGHTINGALE ST,1,225af4b5
TM0H7B,EMS,Medical alert alarm,19090,Upper Moreland,EASTON RD & LAWNTON RD,1,4a6eb17a
TM0H9F,EMS,Fall victim,19040,Upper Moreland,DAVISVILLE RD & PENNYPACK RD,1,e696611a
TM0HAN,EMS,Medical alert alarm,19403,Lower Providence,SHANNONDELL DR & SHANNONDELL BLVD,1,653fa01a
TM0HDE,Traffic,Road obstruction,19428,Conshohocken,FAYETTE ST & E 8TH AVE,1,f0d88ecb
TM0HOI,Fire,Fire alarm,19003,Lower Merion,CRICKET AVE & SCHOOL LN,1,f3e66db9
TM0I0L,EMS,Syncopal episode,19044,Horsham,WITMER RD & DRESHER RD,1,27edb611
TM0J90,EMS,Nausea/vomiting,19044,Horsham,EASTON RD & PINE AVE,1,8eba5f74
TM0JFA,Traffic,Disabled vehicle,19002,Ambler,NEW HANOVER SW,1,5c36dfac
TM0JFA-1,Traffic,Disabled vehicle,19525,New Hanover,NEW HANOVER SQUARE RD & BURTON DR,1,b95356c9
TM0JFB,Traffic,Vehicle accident,19090,Upper Moreland,EASTON RD & CENTER AVE,1,4637cab0
TM0JFB-1,Traffic,Vehicle accident,19090,Upper Moreland,EASTON RD & PARK AVE,1,1c71c005
TM0JJN,EMS,Vehicle accident,19090,Upper Moreland,EASTON RD & CENTER AVE,1,915a4083
TM0JJN-1,EMS,Vehicle accident,19090,Upper Moreland,EASTON RD & PARK AVE,1,af4d8e98
TM0JPB,Fire,Vehicle accident,19090,Upper Moreland,EASTON RD & CENTER AVE,1,5d6339d7
TM0JPB-1,Fire,Vehicle accident,19090,Upper Moreland,EASTON RD & PARK AVE,1,b62cccec
TM0KE4,EMS,Cardiac emergency,19462,Plymouth,BELVOIR RD & ROMANO DR,1,ddce5206
TM0KIG,EMS,Cardiac arrest,19464,Pottstown,FRANKLIN ST & HIGH ST,1,aa929a7f
TM0KLV,EMS,CVA/stroke,19454,Montgomery,PIMLICO WAY & AQUEDUCT DR,1,a82cdb5c
TM0KO1,Fire,Cardiac arrest,19464,Pottstown,FRANKLIN ST & HIGH ST,1,622667f5
TM0KQ5,Fire,Fire alarm,19401,Norristown,LAURA LN & STANBRIDGE ST,1,63c0c0aa
TM0KR7,Traffic,Vehicle accident,19446,Hatfield Township,BETHLEHEM PIKE & N BROAD ST,1,02c33623
TM0LGW,EMS,Unknown medical emergency,19403,West Norriton,BEECH DR & SPRUCE ST,1,d6cd77c0
TM0LHA,EMS,Unknown medical emergency,19027,Cheltenham,OLD YORK RD & GREEN BRIAR RD,1,fbbbce65
TM0LNB,EMS,Cardiac emergency,18073,Upper Hanover,GERYVILLE PIKE & BRINCKMAN RD,1,0eacec02
TM0LXO,EMS,Syncopal episode,19462,Whitemarsh,PURITAN RD & COLONY LN,1,279c0f59
TM0MDJ,Fire,Fire alarm,19446,Towamencin,COLUMBIA AVE & S VALLEY FORGE RD,1,6da9a363
TM0MEQ,EMS,Respiratory emergency,19462,Plymouth,LEE DR & DAVIS DR,1,b09885d9
TM0MGA,EMS,Fall victim,19006,Abington,HUNTINGDON PIKE & JUGHANDLE,1,95c5dc54
TM0MIO,EMS,Dehydration,19446,Lansdale,ST ELMO ST & VINE ST,1,b5c4c39c
TM0MMS,Traffic,Road obstruction,19066,Lower Merion,GREYSTONE RD & RAYNHAM RD,1,e3c9ae58
TM0MMS-1,Traffic,Road obstruction,19131,Lower Merion,RAYNHAM RD & CITY AVE,1,3e87e75c
TM0MUI,EMS,Head injury,19406,Upper Merion,COLONIAL PL & POWDERHORN RD,1,b5877c33
TM0N0A,EMS,Fall victim,19012,Cheltenham,MATHER WAY & COMPOUND 23,1,0d267048
TM0N88,Fire,Gas-odor/leak,19038,Cheltenham,WILLOW GROVE AVE & CHELTENHAM AVE,1,9467a2b2
TM0NG1,EMS,Hemorrhaging,19046,Jenkintown,WALNUT ST & GREENWOOD AVE,1,14abda80
TM0NOQ,EMS,Altered mental status,19464,Lower Pottsgrove,HIGH ST & S PARK RD,1,4e64374d
TM0O00,Fire,Cardiac arrest,19464,Lower Pottsgrove,HIGH ST & S PARK RD,1,b5173e09
TM0O1X,EMS,Respiratory emergency,19468,Royersford,CHURCH ST & N 3RD AVE,1,30eb126d
TM0O6U,EMS,Cardiac arrest,19401,Norristown,E LAFAYETTE ST,1,75cdf1f0
TM0O7D,Traffic,Vehicle accident,19468,Limerick,N LEWIS RD & S LIMERICK RD,1,adc2377e
TM0OZ2,EMS,General weakness,18073,Upper Hanover,KUTZTOWN RD & HEFFNER RD,1,f5833af0
TM0P12,EMS,Syncopal episode,19038,Abington,JACKSON AVE & JENKINTOWN RD,1,77daf3a0
TM0P6B,Traffic,Vehicle accident,19095,Cheltenham,EASTON RD & GREENWOOD AVE,1,1c13b5e5
TM0PH0,EMS,Hemorrhaging,19454,Horsham,HORSHAM RD & GREEN TREE TAVERN RD,1,b1e98687
TM0PIP,EMS,Syncopal episode,19426,Perkiomen,GRAVEL PIKE & STEPHANIE LN,1,4cf5ae0d
TM0Q3X,EMS,General weakness,19454,North Wales,MAIN ST & SHEARER ST,1,113eab30
TM0Q3X-1,Traffic,Vehicle accident,19464,Upper Pottsgrove,N CHARLOTTE ST & NORTH ST,1,a7643c6b
TM0QDL,EMS,Fall victim,19446,Hatfield Township,HIDDEN MEADOW DR & N BROAD ST,1,8711828f
TM0QLQ,EMS,Unconscious subject,19401,Norristown,FREEDLEY ST & BRINGHURST ALY,1,409a924d
TM0QO3,EMS,Head injury,19034,Whitemarsh,LAFAYETTE AVE & SKIPPACK PIKE,1,eef5121b
TM0QQG,Fire,Fire special service,19046,Abington,HUNTINGDON PIKE & OLD HUNTINGDON PIKE,1,ed7b7873
TM0QRC,EMS,Unknown medical emergency,19046,Abington,HUNTINGDON PIKE & OLD HUNTINGDON PIKE,1,75ea56c3
TM0QVB,EMS,Fall victim,19001,Abington,OLD YORK RD & WHEATSHEAF LN,1,7ea319bd
TM0QX3,Fire,Fire alarm,19044,Horsham,DRESHER RD & GIBRALTAR RD,1,8635e18f
TM0R6R,Traffic,Disabled vehicle,19464,New Hanover,MOYER RD & YARNALL RD,1,504d729d
TM0R6R-1,Traffic,Disabled vehicle,19525,New Hanover,E MOYER RD & SPECHT RD,1,73be8e42
TM0RBG,Traffic,Vehicle accident,19403,Lower Providence,RIDGE PIKE & EAGLE STREAM DR,1,271cd31a
TM0REM,Traffic,Disabled vehicle,19446,Lansdale,N BROAD ST & E 6TH ST,1,eaf1d2e6
TM0S07,EMS,Head injury,19090,Upper Moreland,MADISON RD & SHELDON RD,1,aff7a094
TM0S28,Fire,Fire alarm,19006,Abington,PAPER MILL RD & OLD WELSH RD,1,c5392815
TM0S4R,EMS,Seizures,19006,Lower Moreland,HUNTINGDON PIKE & CALVIN RD,1,0d022b88
TM0S87,EMS,Back pains/injury,19038,Abington,FLOREY LN & MT VERNON DR,1,aa8229cc
TM0SEJ,EMS,Syncopal episode,19406,Upper Merion,GULPH RD & W DEKALB PIKE,1,3ccc647e
TM0SJN,Fire,Fire alarm,19406,Upper Merion,CHURCH RD & HORIZON DR,1,fe639cf1
TM0SWX,Traffic,Road obstruction,19473,Skippack,SKIPPACK PIKE & PLANK RD,1,634b3de6
TM0T2J,Traffic,Disabled vehicle,19025,Upper Dublin,LIMEKILN PIKE & MARTIN LN,1,eebf86e7
TM0T7O,Fire,Fire alarm,19401,Norristown,WILLOW ST & E WOOD ST,1,f314cd17
TM0UAJ,EMS,Cardiac emergency,19003,Lower Merion,SIMPSON RD & E SPRING AVE,1,9fafc207
TM0UMQ,EMS,Head injury,19403,Lower Providence,EAGLEVILLE RD & SUNDERLAND DR,1,74befd0d
TM0USY,Traffic,Vehicle accident,19401,East Norriton,GERMANTOWN PIKE & HILLCREST AVE,1,01f5ba2d
TM0UWC,EMS,Seizures,19075,Upper Dublin,PENNSYLVANIA AVE & APEL AVE,1,622429ae
TM0UXO,EMS,CVA/stroke,19464,Pottstown,SOUTH ST & EDEN ST,1,ec4c159c
TM0UZX,EMS,Vehicle accident,19401,East Norriton,GERMANTOWN PIKE & HILLCREST AVE,1,54a9b120
TM0V0M,Traffic,Disabled vehicle,19038,Springfield,STATION AVE & BROOKE RD,1,8c619815
TM0V28,EMS,Unknown medical emergency,19031,Springfield,BETHLEHEM PIKE & E WISSAHICKON AVE,1,e227f922
TM0V4F,EMS,Altered mental status,19403,Lower Providence,EAGLEVILLE RD & SUNDERLAND DR,1,034f5511
TM0V4H,Traffic,Vehicle accident,19462,Plymouth,CHEMICAL RD & GALLAGHER RD,1,8c8b5a6c
TM0V5H,EMS,Respiratory emergency,19095,Cheltenham,LIMEKILN PIKE & GREENWOOD AVE,1,bfcb19fb
TM0V68,EMS,Subject in pain,19002,Upper Dublin,HARRISON PL & HONEY RUN RD,1,79c2d5a6
TM0V6Z,Traffic,Vehicle accident,19422,Whitpain,SKIPPACK PIKE & CRESTLINE DR,1,a15f023f
TM0VGA,EMS,Head injury,19035,Lower Merion,WAVERLY RD & YOUNGS FORD RD,1,a3c3cd29
TM0VJ6,EMS,Nausea/vomiting,19403,East Norriton,BAKER DR & WHITEHALL RD,1,24938165
TM0VQU,EMS,CVA/stroke,19428,Conshohocken,4TH AVE & HARRY ST,1,0831c935
TM0VYG,EMS,Respiratory emergency,19406,Upper Merion,GULPH RD & KIRK AVE,1,d07998a7
TM0W26,Fire,Fire special service,19406,Upper Merion,GULPH RD & KIRK AVE,1,f23311d6
TM0WA5,EMS,Altered mental status,18073,Pennsburg,MAIN ST & W 3RD ST,1,6d7a9c84
TM0WML,EMS,Respiratory emergency,19406,Upper Merion,TICONDEROGA DR & CHAMPLAIN DR,1,9a5df15f
TM0X0P,Traffic,Disabled vehicle,19006,Abington,OLD WELSH RD & HOLCOMB RD,1,8dc1978b
TM0X1J,EMS,Respiratory emergency,19462,Plymouth,LEE DR & DAVIS DR,1,629ac679
TM0X2U,EMS,Fall victim,19087,Upper Merion,REBEL HILL RD & LEMONTON WAY,1,db590a82
TM0X53,Fire,Fire special service,19087,Upper Merion,REBEL HILL RD & LEMONTON WAY,1,092deaae
TM0X6F,Traffic,Vehicle accident,19473,Cheltenham,MARKLEY RD & WARD RD,1,67dfb727
TM0X6F-1,Traffic,Vehicle accident,19473,Upper Dublin,MARKLEY RD & WARD RD,1,2d47c50c
TM0XCP,Fire,Fire alarm,19464,Pottstown,HIGH ST & S FRANKLIN ST,1,919bac1d
TM0XNE,EMS,General weakness,19406,Upper Merion,CHURCH RD & RADAR DR,1,15653c36
TM0XUP,Traffic,Vehicle accident,19002,Upper Dublin,ASCOT DR & SUSQUEHANNA RD,1,e624bffa
TM0XUP-1,Traffic,Vehicle accident,19002,Upper Dublin,FORT WASHINGTON AVE & SUSQUEHANNA RD,1,35855fcb
TM0XXR,EMS,Vehicle accident,19004,Lower Merion,CITY AVE & N 47TH ST,1,11228174
TM0XY5,Traffic,Vehicle accident,19004,Lower Merion,CITY AVE & N 47TH ST,1,6c1b543a
TM0Y2I,EMS,Nausea/vomiting,19401,Norristown,GARY LN & HIGH ST,1,afe57f30
TM0Y9K,Traffic,Vehicle accident,19428,Plymouth,ALAN WOOD RD & RIDGE PIKE,1,5fba42aa
TM0YLU,Traffic,Vehicle accident,19003,Lower Merion,W WYNNEWOOD RD & E ATHENS AVE,1,d90c3bd5
TM0YN6,Fire,Fire special service,19406,Upper Merion,CHURCH RD & RADAR DR,1,4d82b284
TM0YU2,Fire,Electrical fire outside,19428,Whitemarsh,RIVER RD & HARTS LN,1,d2287e6d
TM0YVH,Fire,Fire alarm,19001,Abington,WHEATSHEAF LN & SUSQUEHANNA RD,1,5bd3abe6
TM0ZEU,Fire,Trash/dumpster fire,19444,Whitemarsh,MULBERRY LN & ASPEN WAY,1,d36470fd
TM0ZGA,Fire,Fire alarm,19406,Upper Merion,DREW CT & E CHURCH RD,1,0452a0dc
TM10BJ,EMS,Heat exhaustion,19468,Royersford,MAIN ST & RAILROAD PLZ,1,bdc4b44f
TM10WK,Traffic,Vehicle accident,19001,Abington,OLD YORK RD & TREMONT AVE,1,9fa16f41
TM1148,Traffic,Vehicle accident,19426,Upper Providence,COMMERCE DR & BROAD ST,1,ca5df703
TM11MW,Traffic,Vehicle accident,19401,Norristown,W MARSHALL ST & CHERRY ST,1,3e54004c
TM11QU,EMS,Heat exhaustion,19031,Whitemarsh,VALLEY GREEN RD & CRICKET RD,1,a48d7126
TM11SC,EMS,Cardiac emergency,19464,Pottstown,HIGH ST & MADISON ST,1,fd888df4
TM11ZL,EMS,Cardiac emergency,19128,Springfield,RIDGE PIKE & NORTHWESTERN AVE,1,43633454
TM128F,Fire,Fire alarm,19010,Lower Merion,WILLIAMSON RD & AMIES LN,1,79979c1d
TM12BC,Traffic,Vehicle accident,19446,Lansdale,7TH ST & MAPLE AVE,1,72a99983
TM12G8,Traffic,Vehicle accident,19446,Lansdale,7TH ST & MAPLE AVE,1,8c9fc487
TM130U,EMS,Allergic reaction,19464,Pottstown,HIGH ST & S EVANS ST,1,928c48e1
TM134L,EMS,General weakness,18969,Telford,3RD ST & RAILROAD AVE,1,129a802d
TM139V,Fire,Fire alarm,19046,Abington,BAR HARBOR RD & JENKINTOWN RD,1,3d7e6be9
TM13QB,Fire,Elevator emergency,19090,Upper Moreland,EASTON RD & LAWNTON RD,1,05dbe957
TM13WS,Traffic,Road obstruction,19464,Lower Pottsgrove,N PLEASANT VIEW RD & E HIGH ST,1,3678adb7
TM1429,Traffic,Vehicle accident,19090,Horsham,EASTON RD & BLAIR MILL RD,1,bbf1b8ac
TM146A,EMS,Subject in pain,19504,Douglass,HENRY RD & NIANTIC RD,1,5254ebcb
TM149B,Traffic,Disabled vehicle,19001,Abington,OLD YORK RD & HORACE AVE,1,d11735b4
TM14AN,Traffic,Vehicle accident,19001,Abington,OLD YORK RD & HORACE AVE,1,448646f3
TM14OU,EMS,Medical alert alarm,19403,Lower Providence,SHANNONDELL DR & SHANNONDELL BLVD,1,9a191e43
TM14XM,EMS,Unconscious subject,19446,Hatfield Township,FORTY FOOT RD & ELROY RD,1,632fea8a
TM1512,EMS,Unknown medical emergency,19464,Pottstown,GRANDVIEW RD & BEECH ST,1,eac782c5
TM151E,Traffic,Disabled vehicle,19468,Limerick,W RIDGE PIKE & S TOWNSHIP LINE RD,1,ededeb26
TM155G,Traffic,Vehicle accident,19038,Abington,LIMEKILN PIKE & MT CARMEL AVE,1,8ad434d3
TM1582,EMS,Assault victim,18073,Pennsburg,4TH ST & CHERRY ST,1,5ec1cd21
TM15CE,Traffic,Vehicle accident,19426,Upper Providence,ARCOLA RD & S COLLEGEVILLE RD,1,939d2488
TM15CP,EMS,Respiratory emergency,19428,Whitemarsh,14TH AVE & HALLOWELL ST,1,ca966e1b
TM15DP,Fire,Fire alarm,19002,Horsham,LOWER STATE RD & SQUIRE DR,1,13547884
TM15LP,EMS,Cardiac emergency,19090,Upper Moreland,FITZWATERTOWN RD & BARTRAM RD,1,2dbcea07
TM15RQ,Traffic,Vehicle accident,19440,Hatfield Boro,W BROAD ST & COLUMBIA AVE,1,1d6b4ebb
TM15Y6,EMS,Head injury,19090,Upper Moreland,WELSH RD & COMPUTER AVE,1,6f7aeb8a
TM15ZH,EMS,Fall victim,19468,Limerick,ROYERSFORD RD & LONG MEADOW RD,1,946b6f55
TM167K,Traffic,Disabled vehicle,19090,Abington,OLD WELSH RD & EASTON RD,1,b0388fa1
TM168X,Fire,Fire alarm,19041,Lower Merion,BOOTH LN & IVY LN,1,b966121b
TM16A2,EMS,Fall victim,19403,Lower Providence,SHANNONDELL DR & SHANNONDELL BLVD,1,63b28ff1
TM16H9,Traffic,Disabled vehicle,19131,Lower Merion,E CITY AVE & MONUMENT RD,1,409e54f1
TM16N6,Fire,Building fire,19403,Lower Providence,LONG MEADOW RD & VILLAGE GREEN LN,1,ac403034
TM16RF,EMS,Medical alert alarm,19403,Lower Providence,SHANNONDELL DR & SHANNONDELL BLVD,1,6d41c517
TM175F,Traffic,Vehicle accident,19464,Pottstown,SUNRISE DR & QUEEN ST,1,7414f815
TM176V,EMS,Fever,19464,Pottstown,MYRTLE ST & W KING ST,1,2951a0f1
TM17FW,EMS,Seizures,19426,Skippack,COLLEGEVILLE RD & CREAMERY RD,1,346530b5
TM17GP,EMS,Unconscious subject,19095,Cheltenham,GREEN VALLEY RD & THORNBERRY RD,1,dc77d49c
TM17HS,EMS,Subject in pain,19046,Abington,LOS ANGELES AVE & SAN DIEGO AVE,1,b4c1aacf
TM17NH,EMS,Fall victim,19403,West Norriton,TROOPER RD & MONROE BLVD,1,1ffd7181
TM17WG,Traffic,Disabled vehicle,19010,Lower Merion,OLD GULPH RD & N ITHAN AVE,1,9c67dd04
TM183L,EMS,Fall victim,19096,Lower Merion,GREYTHORNE RD & E ATHENS AVE,1,4ddb0c7b
TM1857,EMS,Cardiac emergency,19038,Springfield,STENTON AVE & NEWTON ST,1,0a14f619
TM18BS,EMS,General weakness,19426,Upper Providence,TRAPPE RD & SUGARPINE LN,1,5a8c40e9
TM18ML,Fire,Carbon monoxide detector,19468,Upper Providence,ELMAR CIR & CROSSHILL RD,1,f79b6db1
TM1918,Fire,Vehicle fire,19454,Worcester,EXTENSION PENNSYLVANIA TPKE & DEKALB PIKE ACCESS GATE,1,72b1192f
TM193R,Traffic,Vehicle fire,19454,Worcester,EXTENSION PENNSYLVANIA TPKE & DEKALB PIKE ACCESS GATE,1,ae826545
TM197T,Traffic,Vehicle accident,19046,Rockledge,HUNTINGDON PIKE & FILLMORE ST,1,a43f1eee
TM199Y,EMS,Respiratory emergency,19525,Douglass,BUCHERT RD & E BUCHERT RD,1,73e35cf5
TM19Z8,EMS,Fall victim,19038,Cheltenham,RADCLIFFE RD & BUTTONWOOD WAY,1,9d6e1f2c
TM1AD0,EMS,Unconscious subject,19426,Upper Providence,EGYPT RD & MILL RD,1,b7f54a4d
TM1AI1,EMS,Unconscious subject,19406,Upper Merion,N HENDERSON RD,1,84a5d638
TM1AJ5,EMS,Respiratory emergency,19446,Chester County,BROAD ST & N WALL ST,1,58c3698a
TM1AP0,Fire,Building fire,19002,Ambler,REIFFS MILL RD & N RIDGE AVE,1,0776b689
TM1AR4,Fire,Fire special service,19405,Bridgeport,DEPOT ST & W 4TH ST,1,86c2fd80
TM1BA6,EMS,Unresponsive subject,19405,Bridgeport,DEPOT ST & W 4TH ST,1,26ea51a7
TM1BTP,EMS,Unknown medical emergency,19454,Montgomery,MCKEAN CT & MONTGOMERY GLEN DR,1,6f91b4d7
TM1BTP-1,EMS,Unknown medical emergency,19454,Montgomery,MCKEAN CT & DEAD END,1,9c680167
TM1BVN,EMS,Hemorrhaging,19401,Norristown,DEKALB ST & E ELM ST,1,44562db9
TM1BXK,Traffic,Disabled vehicle,19525,Douglass,RT100 SB & JACKSON RD,1,0297ce18
TM1C41,EMS,Fall victim,19464,Pottstown,HARMONY DR & FORESMAN DR,1,c8f458c9
TM1C4A,Traffic,Disabled vehicle,19464,Pottstown,RT100 NB & W KING ST,1,5a1c5e73
TM1C9L,EMS,Nausea/vomiting,19040,Upper Moreland,COUNTRY LN & VILLAGE CIR,1,d80ab435
TM1CBY,Traffic,Road obstruction,19446,Lansdale,6TH ST & N LINE ST,1,6a02b2fd
TM1CN8,EMS,Unknown medical emergency,19401,Norristown,BARBADOES ST,1,e4a347bf
TM1CN8-1,EMS,Unknown medical emergency,19401,Norristown,MAIN ST & BARBADOES ST,1,d7e97cf1
TM1CSW,Traffic,Vehicle accident,19027,Cheltenham,MEETINGHOUSE RD & OLD YORK RD,1,92f210b3
TM1CTT,Traffic,Disabled vehicle,19403,Lower Providence,EAGLEVILLE RD & ARCOLA RD,1,d31a983f
TM1CWI,EMS,Cardiac arrest,18964,Souderton,SCHOOL LN & LINCOLN AVE,1,96b4d676
TM1CZI,Traffic,Road obstruction,19446,Lansdale,6TH ST & KENILWORTH AVE,1,e1a2e6f5
TM1D17,EMS,Dizziness,19403,Lower Providence,EAGLEVILLE RD & SUNDERLAND DR,1,7bf04225
TM1D33,Fire,Fire special service,18964,Souderton,SCHOOL LN & LINCOLN AVE,1,7beec53e
TM1D4P,Traffic,Disabled vehicle,19440,Hatfield Township,COWPATH RD & ORVILLA RD,1,4de3c76b
TM1DST,Fire,Fire alarm,19041,Lower Merion,MONTGOMERY AVE & HAVERFORD STATION RD,1,c9fa9fcb
TM1DZV,EMS,Syncopal episode,19473,Lower Frederick,YERGER RD & GERLOFF RD,1,53809c3c
TM1E0Q,EMS,Unknown medical emergency,19002,Horsham,WELSH RD & LOWER STATE RD,1,5da25ef9
TM1EBP,Traffic,Vehicle accident,19401,Norristown,SANDY ST & KELLY DR,1,0b68bb6e
TM1EGF,EMS,Head injury,19038,Springfield,PAPER MILL RD & SKYLINE DR,1,d1a506ce
TM1EKJ,Traffic,Disabled vehicle,19038,Springfield,NORTH HILLS AVE & STATION AVE,1,94dfa898
TM1EPQ,Traffic,Disabled vehicle,19090,Upper Dublin,WELSH RD & TWINING RD,1,757efdce
TM1ET5,EMS,Cardiac arrest,19406,Upper Merion,PARKVIEW DR & PENN CIR,1,95f803e5
TM1EZC,Traffic,Vehicle accident,19401,Norristown,SANDY ST & KELLY DR,1,4718fbb1
TM1EZZ,Fire,Fire special service,19406,Upper Merion,PARKVIEW DR & PENN CIR,1,33482bcb
TM1F2I,Traffic,Vehicle accident,19438,Lower Salford,MAIN ST & OLD SUMNEYTOWN PIKE,1,154508db
TM1FE4,EMS,Dizziness,19512,Berks County,COLLEGE ST & FAIRVIEW ST,1,05dad2ab
TM1G2F,EMS,Altered mental status,19454,Montgomery,MCKEAN CT & DEAD END,1,aa9411fb
TM1GB0,Traffic,Vehicle accident,19440,Hatfield Township,COWPATH RD & ORVILLA RD,1,9e31e846
TM1GDH,Traffic,Vehicle fire,19454,Worcester,EXTENSION PENNSYLVANIA TPKE & DEKALB PIKE ACCESS GATE,1,1bf9b0e5
TM1GKC,EMS,Heat exhaustion,19072,Lower Merion,CONSHOHOCKEN STATE RD & N WOODBINE AVE,1,097790d2
TM1GRL,EMS,Unknown medical emergency,19464,Pottstown,HIGH ST & S FRANKLIN ST,1,2d350d91
TM1GX2,EMS,Abdominal pains,19464,Pottstown,ROWAN ALY & PENN ST,1,8aea6a9e
TM1H0E,EMS,CVA/stroke,19406,Upper Merion,VALLEY FORGE CIR & OLD VALLEY FORGE RD,1,3d92493b
TM1H4D,Traffic,Disabled vehicle,19464,Pottstown,KING ST & MANATAWNY ST,1,146200b5
TM1HHP,Traffic,Disabled vehicle,19446,Towamencin,NASH AVE & PIONEER RD,1,bd7a65ca
TM1I2M,EMS,Overdose,19464,Pottstown,FRANKLIN ST & MASTER ST,1,4947445c
TM1I4E,EMS,Fall victim,19096,Lower Merion,WYNNEWOOD RD & W OLD WYNNEWOOD RD,1,c3f37314
TM1IDQ,Traffic,Vehicle accident,19401,Norristown,JERVIS ALY & W FREEDLEY ST,1,1d263900
TM1J07,EMS,Respiratory emergency,19422,Whitpain,LONGFIELD DR & DEAD END,1,aa377a14
TM1J9B,EMS,Diabetic emergency,19401,Norristown,MARKLEY ST & STERIGERE ST,1,e62ed869
TM1KFF,Traffic,Disabled vehicle,19446,Upper Gwynedd,SUMNEYTOWN PIKE & MARLBROOK LN,1,6aace5d2
TM1KQW,EMS,Fall victim,19468,Upper Providence,BLACK ROCK RD & S TRAPPE RD,1,ae93d927
TM1LIZ,Fire,Fire investigation,19406,Upper Merion,DREW CT & E CHURCH RD,1,b5c9b4eb
TM1LZ9,EMS,Fall victim,19426,Upper Providence,LONGFORD RD & THORNHILL DR,1,6f94e3af
TM1MCY,Traffic,Disabled vehicle,19464,West Pottsgrove,MANATAWNY ST & SELL RD,1,79d32560
TM1MUZ,EMS,EMS special service,19473,Skippack,BRIDGE RD & SERENDIPITY WAY,1,deaca7a1
TM1N5Z,EMS,Allergic reaction,19422,Whitpain,WINGED FOOT DR & SAWGRASS DR,1,44b8a48d
TM1NFR,EMS,Cardiac emergency,19002,Lower Gwynedd,PENLLYN PIKE & FOXFIELD RD,1,2a5b9169
TM1NKD,Fire,Trash/dumpster fire,19403,West Norriton,MARSHALL ST & N MONTGOMERY AVE,1,5ef6db99
TM1O6V,Fire,Fire alarm,19462,Plymouth,JEFFERSON ST & FAIRFIELD RD,1,caf49ae4
TM1OCJ,Fire,Building fire,19004,Lower Merion,RIGHTERS FERRY RD & MONUMENT RD,1,74c1d565
TM1OF2,EMS,Fall victim,19438,Lower Salford,MAIN ST & OLD SUMNEYTOWN PIKE,1,49e87b14
TM1OMO,EMS,CVA/stroke,19406,Upper Merion,HOLLY DR & COATES LN,1,0f4918c4
TM1OTI,EMS,Cardiac arrest,19034,Whitemarsh,PENNSYLVANIA AVE & INDIANA AVE,1,8d311c1e
TM1OTP,Fire,Cardiac arrest,19034,Whitemarsh,PENNSYLVANIA AVE & INDIANA AVE,1,5c33a06f
TM1PPA,EMS,Building fire,19004,Lower Merion,RIGHTERS FERRY RD & MONUMENT RD,1,d88239d8
TM1PR2,EMS,Dizziness,19462,Plymouth,FOUNTAIN RD & HICKORY RD,1,779bbb8d
TM1PSV,Fire,Fire alarm,19468,Upper Providence,YEAGER RD & WILLOWBROOKE LN,1,d1e40d36
TM1PX3,EMS,Fall victim,19401,Norristown,W AIRY ST,1,53a09b68
TM1QE7,Fire,Fire alarm,19046,Jenkintown,YORK RD & YORKWAY PL,1,5b0a5040
TM1QTF,Fire,Fire investigation,19406,Upper Merion,B ST & W ST,1,9d5ded67
TM1SES,EMS,Subject in pain,19044,Horsham,DRESHER RD & GIBRALTAR RD,1,e982a066
TM1TGS,Fire,Elevator emergency,19462,Plymouth,LEE DR & DAVIS DR,1,45dcef6e
TM1TLS,EMS,General weakness,19454,North Wales,MAIN ST & W WALNUT ST,1,281c6bf4
TM1TVA,EMS,Respiratory emergency,19462,Plymouth,GERMANTOWN PIKE & ATRIUM WAY,1,e2a2ca5a
TM1UWG,EMS,Cardiac emergency,19438,Lower Salford,MAIN ST & GODSHALL DR,1,e6a6acb3
TM1V02,EMS,Cardiac arrest,19040,Hatboro,HORSHAM RD & MOREBORO RD,1,59330567
TM1WT5,EMS,Dizziness,18964,Souderton,MAIN ST & CENTRAL AVE,1,899e64ee
TM1Y3R,EMS,Maternity,19401,Norristown,DEKALB ST & E JACOBY ST,1,7e67d508
TM1YPD,EMS,Unconscious subject,19090,Upper Moreland,EASTON RD & ANDREA DR,1,a4b42781
TM1YQL,Fire,Fire alarm,19046,Abington,CARMET RD & BEVERLY RD,1,d92aef97
TM1ZXI,EMS,Hemorrhaging,19040,Hatboro,MORELAND AVE & S YORK RD,1,574399b6
TM20HM,EMS,Respiratory emergency,19422,Whitpain,BUGLE LN & FARM DR,1,55c2f015
TM21PT,Fire,Building fire,19090,Abington,SUMMIT AVE & RUBICAM AVE,1,5f84fc19
TM21Q2,EMS,Building fire,19090,Abington,SUMMIT AVE & RUBICAM AVE,1,3de84cfc
TM21S3,Traffic,Vehicle accident,19046,Jenkintown,YORK RD & WASHINGTON LN,1,bca18321
TM224A,Traffic,Vehicle accident,19031,Whitemarsh,BETHLEHEM PIKE & FARMAR LN,1,b6dd368f
TM22HX,Traffic,Vehicle accident,19444,Whitemarsh,RIDGE PIKE & HARTS LN,1,2da48f22
TM22J0,EMS,Hemorrhaging,19465,Chester County,MAIN ST & S PENN ST,1,1a651ee4
TM22OH,EMS,Abdominal pains,19464,Pottstown,KING ST & N YORK ST,1,2c7de8e8
TM2380,Traffic,Vehicle accident,19422,Whitpain,NORRISTOWN RD & STENTON AVE,1,7eabfba0
TM238D,EMS,Respiratory emergency,19401,East Norriton,OLD ARCH RD & BIRCHWOOD DR,1,e191fa81
TM23K0,EMS,Fall victim,19006,Upper Moreland,HUNTINGDON RD & MASONS MILL RD,1,d5e7192f
TM23W6,EMS,Head injury,19031,Springfield,MILL RD & BETHLEHEM PIKE,1,7db6f8c4
TM245T,EMS,Dehydration,19438,Lower Salford,PIONEER CIR & PARK AVE,1,59fc0b22
TM25HT,Traffic,Vehicle fire,19038,Springfield,BETHLEHEM PIKE & YEAKEL AVE,1,a474a24c
TM26HZ,EMS,Head injury,19046,Abington,SUSQUEHANNA RD & HUNTINGDON RD,1,b6b94e5d
TM2766,Traffic,Disabled vehicle,19426,Upper Providence,BLACK ROCK RD & LONGFORD RD,1,2af88f51
TM27GE,EMS,Medical alert alarm,19403,Lower Providence,SHANNONDELL DR & SHANNONDELL BLVD,1,49e5e642
TM27I3,Traffic,Vehicle accident,19066,Lower Merion,MERION RD & WINDING WAY,1,c326cc62
TM27SF,EMS,Syncopal episode,18073,Upper Hanover,STEVIE LN & GRACE LN,1,41e7c3c6
TM27TQ,EMS,Eye injury,19504,Douglass,HOFFMANSVILLE RD & GREEN HILL RD,1,41d22931
TM27XS,EMS,Respiratory emergency,19002,Upper Dublin,CORSLEY CT & S SPRING HILL DR,1,e0c0e5cf
TM27YQ,EMS,Unresponsive subject,19428,Whitemarsh,HILLCREST AVE & WELLS ST,1,ca9aebc0
TM280N,EMS,Fall victim,18964,Franconia,BERKSHIRE DR & MYER WAY,1,af3ec37a
TM282E,EMS,Seizures,19462,Plymouth,PLEASANT RD & GERMANTOWN PIKE,1,2d3fcdd2
TM28TD,EMS,Seizures,19464,Pottstown,FRANKLIN ST & JEFFERSON AVE,1,4234a5dc
TM2941,Fire,Fire special service,19464,Pottstown,FRANKLIN ST & JEFFERSON AVE,1,0e29f523
TM297A,EMS,Unresponsive subject,19038,Abington,FAIRHILL AVE & LYNNWOOD AVE,1,9c46606f
TM29DC,EMS,Respiratory emergency,19044,Horsham,SALEM LN & STERLING DR,1,ad47452f
TM29ET,EMS,Shooting,19046,Abington,VALLEY RD & OLD VALLEY RD,1,1070c66d
TM29K1,EMS,Fall victim,19001,Abington,CUMBERLAND RD & BENEZET RD,1,74c7193b
TM29WJ,Traffic,Disabled vehicle,19096,Lower Merion,WYNNEWOOD RD & W OLD WYNNEWOOD RD,1,973ed108
TM2AAF,Traffic,Hazardous road conditions,19040,Hatboro,HORSHAM RD & ACADEMY RD,1,5930cd44
TM2ACL,EMS,CVA/stroke,19006,Upper Moreland,HUNTINGDON RD & HIGH POINT W,1,ff27fe5f
TM2AY7,EMS,Dehydration,19066,Lower Merion,MONTGOMERY AVE & MERION RD,1,cc21c4ef
TM2BKA,EMS,Fall victim,19150,Cheltenham,CHELTENHAM AVE & 79TH AVE,1,c641e5d6
TM2BP1,EMS,Head injury,19401,Plymouth,NEW HOPE ST & RENEL RD,1,041a0e31
TM2C2L,EMS,Cardiac emergency,19046,Abington,THE FAIRWAY  & RYDAL RD,1,864a8f14
TM2CL0,EMS,Syncopal episode,19462,Plymouth,PLYMOUTH RD & RITTENHOUSE SQ,1,bd8b06c7
TM2CM3,Fire,Fire alarm,19031,Springfield,COLLEGE AVE & S COLLEGE AVE,1,2c533d35
TM2CPT,Fire,Fire alarm,19090,Abington,OLD WELSH RD & CUMMINGS AVE,1,0423039e
TM2D5Z,EMS,Medical alert alarm,19454,Montgomery,FIELDCREST CT & CHERRYWOOD CT,1,aa850fe5
TM2DCA,Fire,Fire investigation,19031,Springfield,COLLEGE AVE & S COLLEGE AVE,1,ce6e870c
TM2DH4,Traffic,Hazardous road conditions,19462,Plymouth,GERMANTOWN PIKE & CHEMICAL RD,1,24412ad6
TM2DI6,EMS,Cardiac emergency,18041,Upper Hanover,TAGART RD & SPRING VALLEY RD,1,ae33bba5
TM2DJQ,EMS,Dehydration,19403,Lower Providence,CARDINAL RD & WREN RD,1,48f94443
TM2DTZ,EMS,Syncopal episode,19072,Narberth,DUDLEY AVE & SABINE AVE,1,72492246
TM2DWL,Fire,Fire alarm,19002,Lower Gwynedd,LORIEN DR & EVANS RD,1,40213906
TM2DYJ,EMS,Fall victim,19038,Abington,HIGHLAND AVE & GHOST RD,1,2bded005
TM2EAO,Fire,Carbon monoxide detector,19072,Narberth,WAYNE AVE & N ESSEX AVE,1,9c73ca31
TM2EAV,EMS,Carbon monoxide detector,19072,Narberth,WAYNE AVE & N ESSEX AVE,1,5de8762a
TM2EC8,Fire,Gas-odor/leak,19046,Jenkintown,WEST AVE & JOHNSON ST,1,9b6b7941
TM2EJ4,Traffic,Road obstruction,19096,Lower Merion,REMINGTON RD & HAVERFORD RD,1,891323d7
TM2ELE,EMS,Fall victim,19075,Springfield,EDANN RD & HUNTERS LN,1,7e7673b0
TM2EP9,Traffic,Disabled vehicle,19446,Lansdale,MAIN ST & S MITCHELL AVE,1,602ca9e2
TM2ESV,Fire,Fire alarm,19401,Norristown,STANBRIDGE ST & STERIGERE ST,1,c547fda5
TM2EVV,Fire,Fire alarm,19464,Lower Pottsgrove,EVERGREEN RD & W LIGHTCAP RD,1,3070a6c4
TM2EX9,EMS,Medical alert alarm,19403,Lower Providence,SHANNONDELL DR & SHANNONDELL BLVD,1,04a78335
TM2F3A,EMS,Unknown medical emergency,19454,Lower Gwynedd,TURNBURY LN & TANGLEWOOD DR,1,2b0554c3
TM2F4C,EMS,Syncopal episode,19468,Limerick,LEWIS RD & LINFIELD TRAPPE RD,1,958e5346
TM2F8Q,Fire,Electrical fire outside,19040,Hatboro,CORINTHIAN AVE & JEFFERSON AVE,1,e27f450b
TM2FA4,EMS,Abdominal pains,19403,East Norriton,GERMANTOWN PIKE & EINSTEIN WAY,1,3ae02352
TM2FC7,EMS,Head injury,19403,Lower Providence,SHANNONDELL DR & SHANNONDELL BLVD,1,a5a9edbc
TM2FEN,EMS,CVA/stroke,19446,Worcester,WILLOW WAY & MEADOWOOD DR,1,ade0846d
TM2FK8,EMS,Cardiac emergency,19038,Abington,ROSLYN AVE & ROSEMORE AVE,1,2d60f486
TM2FLV,Traffic,Road obstruction,19464,Upper Pottsgrove,LEVENGOOD RD & SYCAMORE BLVD,1,ef70ccbf
TM2FPR,EMS,Head injury,18969,Salford,COUNTRY VIEW WAY & ROSY RIDGE CT,1,8a075a6a
TM2FR3,EMS,Abdominal pains,18076,Red Hill,4TH ST & APPLE ST,1,1e7f5394
TM2G46,EMS,Dizziness,18969,Telford,EMLEN WAY & E CHURCH AVE,1,8368a9d4
TM2G5Q,EMS,Abdominal pains,19044,Horsham,BUSINESS CENTER DR & DRESHER RD,1,5a779eb7
TM2GC4,Traffic,Hazardous road conditions,19096,Lower Merion,REMINGTON RD & HAVERFORD RD,1,728812dd
TM2GC4-1,Traffic,Hazardous road conditions,19096,Lower Merion,REMINGTON RD & WARICK RD,1,4b07e383
TM2GDZ,EMS,Abdominal pains,19403,Lower Providence,HOLLYWOOD AVE & S PARK AVE,1,54de69d7
TM2GHT,EMS,Cardiac emergency,19038,Springfield,STENTON AVE & E EVERGREEN AVE,1,38af8b1c
TM2GM4,EMS,Head injury,19473,Skippack,BRIDGE RD & SERENDIPITY WAY,1,73de87d8
TM2GNG,Traffic,Vehicle accident,19046,Abington,OLD YORK RD & BAEDER RD,1,ca377c38
TM2GO4,Traffic,Vehicle accident,19027,Cheltenham,OAK LANE RD & CHELTENHAM AVE,1,add3ba20
TM2GZM,Traffic,Disabled vehicle,19512,Douglass,SWINEHART RD & MILL ST,1,b19eb40d
TM2HHB,EMS,CVA/stroke,19031,Springfield,WISSAHICKON AVE & ROSE LN,1,5a71130e
TM2HIG,EMS,Fall victim,19401,Norristown,ELM ST & MARKLEY ST,1,8f1527a0
TM2HP6,EMS,Fever,19406,Upper Merion,BEIDLER RD & SARATOGA RD,1,7dcf489f
TM2HSJ,EMS,Abdominal pains,19468,Limerick,FRANKLIN CT & MADISON CT,1,305927df
TM2HT4,EMS,Hemorrhaging,19006,Lower Moreland,WELSH RD & PACKARD AVE,1,eef940a9
TM2I9Y,Fire,Fire police needed,19454,Upper Gwynedd,WISSAHICKON AVE,1,fa4334b2
TM2IKW,Fire,Fire special service,19406,Upper Merion,BEIDLER RD & SARATOGA RD,1,1566035b
TM2IO9,EMS,Dizziness,19010,Lower Merion,WARNER AVE & W LANCASTER AVE,1,03f7d526
TM2JU8,EMS,Unconscious subject,19446,Lansdale,BROAD ST & E 6TH ST,1,6ed6dc87
TM2JWL,Fire,Fire alarm,19046,Abington,WASHINGTON LN & VERNON RD,1,fc018609
TM2JZV,Fire,Fire alarm,19438,Franconia,HARLEYSVILLE PIKE & MAPLE AVE,1,3b288cd7
TM2K90,Traffic,Road obstruction,19003,Lower Merion,E LANCASTER AVE & RITTENHOUSE PL,1,4d5e14b8
TM2KK3,EMS,Head injury,19401,Norristown,WALNUT ST & MOORE ST,1,78452d0f
TM2KPL,Traffic,Disabled vehicle,19401,East Norriton,SWEDE RD & W GERMANTOWN PIKE,1,abcb7900
TM2KXG,EMS,Unconscious subject,19131,Lower Merion,CITY AVE & CONSHOHOCKEN AVE,1,de5e8edf
TM2L8Q,Fire,Carbon monoxide detector,19405,Upper Merion,JEFFERSON ST & ROOSEVELT AVE,1,0d0e7bf5
TM2LRJ,Fire,Fire alarm,19027,Abington,TOWNSHIP LINE RD & ROLLING HILL RD,1,5f59912f
TM2LTW,EMS,Medical alert alarm,19004,Lower Merion,MONTGOMERY AVE & BANGOR RD,1,2b806f23
TM2LYZ,Fire,Fire special service,19401,Norristown,SANDY ST & TREMONT AVE,1,b0f0a5a6
TM2M1S,EMS,Respiratory emergency,19401,Norristown,FORNANCE ST & GREEN VALLEY RD,1,f3b1bc1d
TM2M28,Traffic,Disabled vehicle,18964,Franconia,COWPATH RD & LEIDY RD,1,15359d7b
TM2M7J,EMS,Altered mental status,19454,Horsham,HORSHAM RD & GREEN TREE TAVERN RD,1,d223b433
TM2ML7,Traffic,Vehicle accident,19038,Abington,EASTON RD & JENKINTOWN RD,1,a93d87ef
TM2MP6,EMS,Back pains/injury,19401,East Norriton,MILL RD & SWEDE RD,1,bc29ec89
TM2MRB,EMS,Maternity,19428,Plymouth,RIDGE PIKE & BUTLER PIKE,1,ffe11228
TM2MWZ,EMS,Respiratory emergency,19040,Hatboro,MORELAND AVE & S YORK RD,1,157641e1
TM2N02,EMS,Cardiac emergency,19403,Lower Providence,EAGLEVILLE RD & SUNDERLAND DR,1,eecdb69c
TM2N4U,Fire,Fire alarm,18969,Upper Salford,SUMNEYTOWN PIKE & CEDAR HILL RD,1,852f3953
TM2NDS,Fire,Fire special service,19401,East Norriton,MILL RD & SWEDE RD,1,d8e6607c
TM2NL4,Traffic,Vehicle accident,19473,Upper Salford,SCHWENKSVILLE RD & OLD SKIPPACK RD,1,a69f3ff1
TM2NLD,Traffic,Vehicle accident,19401,Norristown,MARKLEY ST & W MAIN ST,1,dd0d2ce6
TM2NMQ,Fire,Fire alarm,19403,Norristown,CIRCLE DR & LOWER FARM RD,1,4dc4f42c
TM2NOG,EMS,Respiratory emergency,19044,Horsham,JACK LADDER CIR & LOG POND DR,1,c3f5e7d9
TM2NQS,EMS,Unconscious subject,19462,Plymouth,FOUNTAIN RD & HICKORY RD,1,488bc6ce
TM2NUE,Traffic,Vehicle accident,19468,Limerick,LEWIS RD & BENNER RD,1,09163ca2
TM2O4R,Fire,Vehicle accident,19473,Upper Salford,SCHWENKSVILLE RD,1,d61202a6
TM2O4W,Traffic,Disabled vehicle,19027,Cheltenham,OLD YORK RD & ELKINS AVE,1,a00a9960
TM2OC5,EMS,Fall victim,19438,Lower Salford,MAIN ST & MAPLE AVE,1,746e4e42
TM2OLV,EMS,Respiratory emergency,19406,Upper Merion,HILLTOP DR & TOWNE PL,1,8ab869dd
TM2OOY,EMS,Altered mental status,19464,Lower Pottsgrove,EVERGREEN RD & W LIGHTCAP RD,1,7501c234
TM2OVU,Traffic,Disabled vehicle,19403,East Norriton,GERMANTOWN PIKE & EINSTEIN WAY,1,7801c2c1
TM2P6S,EMS,Subject in pain,19096,Lower Merion,WYNGATE RD & MORRIS RD,1,4c3b6d45
TM2PAQ,EMS,Overdose,19468,Limerick,LIGHTCAP RD & SANATOGA SPRINGS DR,1,d024a71f
TM2PBQ,EMS,Fever,19012,Cheltenham,ASHMEAD RD & ROWLAND AVE,1,5a75b0aa
TM2PIY,Fire,Fire investigation,19003,Lower Merion,ST JAMES PL & COULTER AVE,1,853cf65f
TM2PN8,Fire,Fire alarm,19027,Cheltenham,HEATHER RD & SPRING AVE,1,1f7d7f84
TM2PR4,EMS,Poisoning,19438,Lower Salford,BOB BEA LN & STURGIS RD,1,689fd0a0
TM2PTW,EMS,Respiratory emergency,19090,Upper Moreland,EASTON RD & ANDREA DR,1,2301f572
TM2Q4W,Traffic,Disabled vehicle,19046,Abington,JENKINTOWN RD & MEETINGHOUSE RD,1,187e2dea
TM2Q51,EMS,General weakness,19453,Upper Providence,WHITAKER AVE & EGYPT RD,1,00aa7aa7
TM2QLG,EMS,Respiratory emergency,19401,East Norriton,GERMANTOWN PIKE & HANNAH AVE,1,79a7c24d
TM2QWT,EMS,Cardiac emergency,19462,Plymouth,GERMANTOWN PIKE & HALLOWELL RD,1,2e7f6309
TM2QY3,Traffic,Vehicle accident,19401,Norristown,KNOX ST & W MAIN ST,1,2244f218
TM2QYC,EMS,Cardiac emergency,19403,West Norriton,BRANDON RD & S SCHUYLKILL AVE,1,2ef4f3c4
TM2QYE,Traffic,Disabled vehicle,19435,New Hanover,LAYFIELD RD & HOFFMANSVILLE RD,1,d762ecc3
TM2R4C,EMS,Seizures,19002,Lower Gwynedd,PENLLYN PIKE & FOXFIELD RD,1,40934e4d
TM2RJZ,EMS,Respiratory emergency,19131,Lower Merion,CITY AVE & CONSHOHOCKEN AVE,1,1ffbb8e5
TM2RUM,EMS,Unknown medical emergency,19090,Upper Moreland,FITZWATERTOWN RD,1,db57a6ee
TM2RUM-1,EMS,Unknown medical emergency,19090,Upper Moreland,MORELAND RD & FITZWATERTOWN RD,1,e81ef8b6
TM2S09,Fire,Vehicle accident,19473,Skippack,CROSS RD & SPENCER DR,1,e4aa301f
TM2S0F,EMS,Vehicle accident,19473,Skippack,CROSS RD & SPENCER DR,1,b6cf3a79
TM2S1X,Traffic,Vehicle accident,19473,Skippack,CROSS RD & SPENCER DR,1,5dd323e7
TM2S5N,Traffic,Disabled vehicle,19468,Limerick,RIDGE PIKE & N TOWNSHIP LINE RD,1,762872b5
TM2SBK,EMS,Cardiac emergency,19446,Lansdale,BROAD ST & E 6TH ST,1,c96e8503
TM2SCG,Traffic,Road obstruction,19406,Upper Merion,CROOKED LN & CHURCH ST,1,5021b8cb
TM2SSQ,Traffic,Vehicle accident,19444,Whitemarsh,RIDGE PIKE & PARK AVE,1,fccf1dfa
TM2SYD,Fire,Fire police needed,19406,Upper Merion,CROOKED LN,1,d6e4f9bb
TM2T50,EMS,Respiratory emergency,19468,Upper Providence,BLACK ROCK RD & S TRAPPE RD,1,d18dde73
TM2T60,EMS,Medical alert alarm,19006,Lower Moreland,CARSON TER & WELSH RD,1,bd5e2424
TM2T8R,Fire,Fire alarm,19462,Plymouth,PLYMOUTH RD & GREEN VIEW CT,1,f0507119
TM2TJW,EMS,Overdose,19464,Pottstown,HANOVER ST & HIGH ST,1,3564e9c3
TM2TNI,EMS,CVA/stroke,19422,Whitpain,HIGH GATE LN & PENLLYN BLUE BELL PIKE,1,2734419c
TM2TQK,EMS,Cardiac arrest,19473,Lower Frederick,ZIEGLERVILLE RD & GOSHEN RD,1,5bc3e325
TM2TRY,Fire,Appliance fire,19040,Upper Moreland,COUNTY LINE RD & CENTENNIAL RD,1,72c1c65f
TM2TSZ,Fire,Appliance fire,19454,Upper Gwynedd,KEARNEY DR & ARBOUR CT,1,b84f8e1a
TM2TYH,EMS,Cardiac emergency,19096,Lower Merion,PARKVIEW DR & CEDAR GROVE RD,1,888c8392
TM2UBZ,Fire,Fire alarm,19428,Conshohocken,FAYETTE ST & E 5TH AVE,1,e1416817
TM2UIG,EMS,Subject in pain,19438,Lower Salford,MORRIS RD & MOYER RD,1,4d53732c
TM2UML,Traffic,Vehicle accident,19454,Montgomery,STUMP RD & HORSHAM RD,1,4eb21ab1
TM2URT,Fire,Fire alarm,19046,Abington,THE FAIRWAY  & RYDAL RD,1,b7b311a0
TM2UV2,EMS,Respiratory emergency,19090,Abington,EASTON RD & RUBICAM AVE,1,7a9811c4
TM2VFP,Traffic,Vehicle accident,19044,Upper Dublin,WELSH RD & NORRISTOWN RD,1,fb00426c
TM2VJK,Fire,Electrical fire outside,18969,Franconia,COUNTY LINE RD,1,a97f5fe1
TM2VJS,Traffic,Vehicle accident,19044,Upper Dublin,WELSH RD & NORRISTOWN RD,1,c22edc69
TM2VPD,Traffic,Disabled vehicle,19462,Plymouth,W GERMANTOWN PIKE & WALTON RD,1,7db47f3f
TM2VSD,Traffic,Vehicle accident,19090,Abington,COOLIDGE AVE & OLD WELSH RD,1,4fa48b3f
TM2VTM,EMS,Respiratory emergency,19464,Pottstown,CHESTNUT ST & N CHARLOTTE ST,1,a6bd0912
TM2VXE,Fire,Fire investigation,19038,Abington,JENKINTOWN RD,1,e10ae6cf
TM2VXW,Traffic,Vehicle accident,19468,Limerick,N LEWIS RD & LINFIELD TRAPPE RD,1,a87d2024
TM2W5C,Traffic,Vehicle accident,19040,Hatboro,N YORK RD & E COUNTY LINE RD,1,f9613366
TM2W6F,EMS,Unknown medical emergency,19006,Lower Moreland,HUNTINGDON PIKE & CALVIN RD,1,31905452
TM2WAY,EMS,Choking,19090,Upper Moreland,YORK RD & LAKEVUE DR,1,72e43de4
TM2WUF,Traffic,Vehicle accident,19462,Plymouth,CHEMICAL RD & RIDGE PIKE,1,e4579b09
TM2XLZ,Traffic,Road obstruction,19072,Lower Merion,HOLLOW RD & HAGYS FORD RD,1,297b1b5c
TM2XP9,Fire,Fire alarm,19464,Pottstown,KING ST & PENN ST,1,d1cb6444
TM2XQE,EMS,Medical alert alarm,19403,Lower Providence,SHANNONDELL DR & SHANNONDELL BLVD,1,b81b309b
TM2XYH,EMS,General weakness,19464,Pottstown,SHOEMAKER RD & ROBINSON ST,1,2b2c29f0
TM2YGZ,Fire,Fire alarm,19046,Jenkintown,TOWNSHIP LINE RD & MATHER SPUR,1,7062df7c
TM2YIJ,EMS,Heat exhaustion,19150,Cheltenham,CHELTENHAM AVE & 79TH AVE,0,481b23f5
TM2YKG,EMS,Medical alert alarm,19403,Lower Providence,SHANNONDELL DR & SHANNONDELL BLVD,1,deffed40
TM2YV5,Traffic,Disabled vehicle,19038,Springfield,BELLS MILL RD & S PAPER MILL RD,1,ea70bd47
TM2Z0H,EMS,Seizures,19464,Pottstown,CHESTNUT ST & N EVANS ST,1,d12dfe16
TM2Z62,EMS,Dizziness,19440,Hatfield Township,JEAN DR & TOWAMENCIN AVE,1,32996375
TM2Z7G,Traffic,Vehicle accident,19468,Upper Providence,BLACK ROCK RD & S TRAPPE RD,1,08ddc2b5
TM2ZAT,EMS,Fall victim,19403,Lower Providence,SHANNONDELL DR & SHANNONDELL BLVD,1,e9a841eb
TM2ZH7,Traffic,Vehicle accident,19464,Lower Pottsgrove,KEIM ST & BROOKE RD,1,24cfafaa
TM2ZR8,EMS,Fever,19401,Norristown,MARSHALL ST & MARKLEY ST,1,3b560601
TM301S,Traffic,Vehicle accident,19468,Upper Providence,BLACK ROCK RD & S TRAPPE RD,1,351b3170
TM3084,EMS,Head injury,19095,Cheltenham,FERNBROOK AVE & MAPLE AVE,1,37c16457
TM30KB,EMS,Hemorrhaging,19040,Hatboro,MORELAND AVE & S YORK RD,1,ed95f7be
TM30LU,Fire,Fire alarm,19044,Horsham,BABYLON RD & HORSHAM RD,1,e14d5449
TM30R7,EMS,Allergic reaction,18074,Pottstown,SHOEMAKER RD & CONNECTING ROAD,1,cc078e3c
TM30SZ,EMS,Fall victim,19428,Whitemarsh,LISA LN & DEAD END,1,fc96bee5
TM319R,Traffic,Vehicle accident,19512,Douglass,PHILADELPHIA AVE & MONTGOMERY AVE,1,836e0407
TM31GN,EMS,Respiratory emergency,19002,Upper Dublin,HOWE LN & WRIGHT DR,1,35e6efe8
TM31P4,Traffic,Disabled vehicle,19422,Whitpain,MORRIS RD & CATHCART RD,1,a5399733
TM322V,Traffic,Road obstruction,19444,Whitemarsh,RIDGE PIKE & CHESTNUT ST,1,6d7161ad
TM323I,Traffic,Vehicle accident,19406,Upper Merion,GULPH RD & KIRK AVE,1,07c426a8
TM32T1,EMS,Dizziness,19518,Berks County,OLD PHILADELPHIA PIKE & RIVER BRIDGE RD,1,715b5357
TM334M,Fire,Fire alarm,19072,Lower Merion,FAIRVIEW RD & CENTENNIAL RD,1,c94576cd
TM335T,EMS,Hemorrhaging,19001,Abington,LINDBERGH AVE & PERSHING AVE,1,f0c5ef65
TM33D1,Fire,Fire alarm,19085,Lower Merion,MT MORO RD & SPRING MILL LN,1,beeeb876
TM34LJ,Fire,Appliance fire,19446,Towamencin,SNYDER RD & VALLEY FORGE RD,1,8da1a4b9
TM34NS,EMS,Unknown medical emergency,19453,Upper Providence,MEADOWVIEW LN & NORWOOD ST,1,a9824fa5
TM34ON,EMS,Nausea/vomiting,19401,Norristown,SWEDE ST & W SPRUCE ST,1,16841367
TM34V3,EMS,Syncopal episode,19403,Lower Providence,FAIRVIEW LN & TENNYSON CT,1,431da155
TM354M,EMS,Cardiac arrest,19075,Springfield,BRIAR RD & MEADOW LN,1,0e0b649b
TM35G4,EMS,Fall victim,19044,Horsham,WHITE BIRCH LN & TIMBER RD,1,d51621b8
TM35WE,EMS,Respiratory emergency,19464,Pottstown,HIGH ST & S EVANS ST,1,b88355df
TM35XG,EMS,Head injury,19038,Abington,HOUSTON AVE & DUMONT AVE,1,2ef2d6cd
TM360W,EMS,Hemorrhaging,19446,Montgomery,CAROL CT & DYLAN DR,1,eb2600e7
TM363C,EMS,Cardiac emergency,19002,Horsham,BUTLER PIKE & NESBITT RD,1,30de405c
TM365N,EMS,Subject in pain,19464,Pottstown,KING ST & PENN ST,1,60912103
TM368I,Fire,Fire alarm,19438,Towamencin,TOWAMENCIN AVE & SUMNEYTOWN PIKE,1,bc4de824
TM36DU,EMS,Choking,19403,Lower Providence,COLONY DR & PAWLINGS RD,1,3ccdf18a
TM36F5,EMS,Medical alert alarm,19403,Lower Providence,SHANNONDELL DR & SHANNONDELL BLVD,1,1836de9f
TM36G6,Fire,Appliance fire,19046,Abington,KIPLING RD & BEVERLY RD,1,c4dc753e
TM36T5,EMS,Fall victim,19040,Upper Moreland,BYBERRY RD & VILLAGE CIR,1,d3e47f19
TM36U6,EMS,General weakness,19090,Abington,MT VERNON AVE & WILLARD AVE,1,f4f2c90b
TM36X2,EMS,Fall victim,19046,Abington,THE FAIRWAY  & RYDAL RD,1,e755729e
TM3718,EMS,Syncopal episode,19046,Abington,AMITY RD & SHERWOOD RD,1,9df9d5e7
TM37D7,Fire,Carbon monoxide detector,19504,Douglass,GREEN HILL RD & HOFFMAN RD,1,a8003364
TM37HS,Traffic,Road obstruction,19035,Lower Merion,MILL CREEK RD & RIVER RD,1,3a85922d
TM37HS-1,Traffic,Road obstruction,19035,Lower Merion,MILL CREEK RD & CONSHOHOCKEN STATE RD,1,ddfa0474
TM37KM,EMS,Unknown medical emergency,19446,Hatfield Township,BROAD ST & MEDICAL CAMPUS DR,1,c34b2987
TM37KM-1,EMS,Unknown medical emergency,19446,Hatfield Township,BROAD ST & LYNWOOD DR,1,948eb503
TM37LP,EMS,CVA/stroke,19002,Upper Dublin,STOUT RD & THREE TUNS LN,1,8c646363
TM37RG,Traffic,Vehicle accident,19464,Pottstown,HIGH ST & BEECH ST,1,c02451e1
TM37XG,EMS,Cardiac arrest,19006,Lower Moreland,ALBIDALE DR & HUNTINGDON PIKE,1,ba0e62e7
TM37ZI,Fire,Cardiac arrest,19006,Lower Moreland,ALBIDALE DR & HUNTINGDON PIKE,1,8c46b050
TM382E,EMS,Altered mental status,19038,Springfield,BROOKSIDE RD & BETHLEHEM PIKE,1,bf88ab26
TM385Y,Traffic,Disabled vehicle,19462,Plymouth,BELVOIR RD & SCHOOL LN,1,053bd945
TM38B5,EMS,Abdominal pains,19034,Whitemarsh,SKIPPACK PIKE & LAFAYETTE AVE,1,65ef3b4a
TM38D6,Traffic,Vehicle accident,19454,Lower Gwynedd,N BETHLEHEM PIKE & W WELSH RD,1,d2be9882
TM38FN,Traffic,Vehicle accident,19454,Lower Gwynedd,N BETHLEHEM PIKE & W WELSH RD,1,950cb5bd
TM38JV,EMS,Seizures,19426,Upper Providence,COLLEGEVILLE RD & PARK AVE,1,554cdf6b
TM38KX,EMS,Fall victim,19087,Upper Merion,WARNER RD & PUGH RD,1,5a789a7e
TM38QD,EMS,Fracture,19428,Whitemarsh,E ELM ST,1,bb5d2633
TM38QD-1,EMS,Fracture,19444,Whitemarsh,THOMAS RD,1,b97ba801
TM3936,EMS,Cardiac emergency,19002,Upper Dublin,TUPELO GRV & CREEK DR,1,fbf1774d
TM395I,EMS,Syncopal episode,19422,Whitpain,WICK LN & SPRUCE ST,1,d2f6cc26
TM3986,EMS,Fall victim,19046,Rockledge,HUNTINGDON PIKE & S SYLVANIA AVE,1,ebfe3baa
TM39BL,EMS,Cardiac emergency,19406,Upper Merion,DEKALB PIKE & N HENDERSON RD,1,117c434e
TM39CW,Fire,Elevator emergency,19462,Plymouth,LEE DR & DAVIS DR,1,5d48ef06
TM3A9G,Fire,Fire investigation,19446,Lansdale,4TH ST & UNNAMED ALY,1,b13ebb14
TM3AZ4,EMS,Fever,19403,West Norriton,WOODSTREAM DR & WESTOVER CLUB DR,1,df7f23cf
TM3B1T,Traffic,Vehicle accident,19446,Lansdale,4TH ST & CHURCH ALY,1,cd6a761a
TM3BLB,EMS,Unconscious subject,19406,Upper Merion,VALLEY FORGE RD & N HENDERSON RD,1,7a3f81bd
TM3C7Y,EMS,Maternity,19401,Norristown,DEKALB ST & E JACOBY ST,1,75a358eb
TM3D8Y,EMS,Respiratory emergency,19464,Pottstown,KING ST & VANBUSKIRK ALY,1,f563ae20
TM3D9Q,EMS,Cardiac emergency,19438,Towamencin,CHADBOURNE CT & KAREVE DR,1,064fb53f
TM3DGR,Fire,Fire alarm,19002,Ambler,BUTLER AVE & YORK ST,1,0b9fc857
TM3DSB,EMS,Unconscious subject,19002,Upper Dublin,BUTLER PIKE & LINCOLN DR,1,753e400a
TM3E0P,EMS,Fall victim,19438,Lower Salford,MAIN ST & OLD SUMNEYTOWN PIKE,1,ed29384e
TM3E2O,EMS,Cardiac arrest,19464,Pottstown,KING ST & N EVANS ST,1,b12bcf66
TM3E9S,EMS,General weakness,18074,New Hanover,BROOMSTICK RD & WARD RD,1,ae1f65bf
TM3EKQ,EMS,Altered mental status,19090,Upper Moreland,EASTON RD & ANDREA DR,1,5eff1f54
TM3EPC,EMS,Nausea/vomiting,19046,Abington,AMITY RD & SHERWOOD RD,1,6cac695a
TM3F7C,EMS,Assault victim,19401,Norristown,SMITH ST & E OAK ST,1,dcbdf3a3
TM3FDC,Fire,Fire alarm,19002,Ambler,BUTLER AVE & YORK ST,0,7c699b12
TM3FEE,EMS,CVA/stroke,19405,Bridgeport,BUSH ST & E 7TH ST,1,f8c8a141
TM3FNA,EMS,Respiratory emergency,19428,Conshohocken,11TH AVE & WELLS ST,1,30086459
TM3G0V,EMS,Nausea/vomiting,19444,Chester County,RT422  & RAMP RT422 EB TO 1ST AVE,1,d69600be
TM3GA1,Fire,Fire special service,19444,Chester County,RT422  & RAMP RT422 EB TO 1ST AVE,1,7735ee60
TM3HER,EMS,Cardiac emergency,19440,Hatfield Township,FAIRGROUNDS RD & JEAN DR,1,697e4249
TM3HGX,EMS,Syncopal episode,19401,Norristown,CARRIAGE LN & WILLOW ST,1,afe90baa
TM3HSI,EMS,Overdose,19090,Upper Moreland,FITZWATERTOWN RD & BARTRAM RD,1,3ce977ab
TM3HV6,EMS,Respiratory emergency,19034,Whitemarsh,CAMP HILL RD & BETHLEHEM PIKE,1,972e405c
TM3IBP,EMS,Subject in pain,19002,Lower Gwynedd,BETHLEHEM PIKE & ALENE RD,1,6c220a63
TM3IY9,EMS,EMS special service,19473,Skippack,BRIDGE RD & SERENDIPITY WAY,1,812f2c83
TM3KHK,EMS,Fall victim,19403,Lower Providence,SHANNONDELL DR & SHANNONDELL BLVD,1,fd6ccf92
TM3LDP,EMS,Head injury,19422,Whitpain,PENLLYN BLUE BELL PIKE & VILLAGE CIR,1,a2d039dc
TM3LLO,Fire,Gas-odor/leak,19027,Cheltenham,CHURCH RD & HIGH SCHOOL RD,1,a2566df4
TM3LY8,EMS,Lacerations,19454,Upper Gwynedd,HANCOCK PL & DEAD END,1,66372a81
TM3MXZ,EMS,Heat exhaustion,19406,Upper Merion,AMERICAN AVE & 1ST AVE,1,786f5f17
TM3NA7,EMS,Respiratory emergency,19001,Abington,OMEGA PL & ANZAC AVE,1,346dab24
TM3P4Z,EMS,Respiratory emergency,19464,Pottstown,HIGH ST & MANATAWNY ST,1,94bd5596
TM3Q26,EMS,Respiratory emergency,19468,Limerick,GLENEAGLES RD & ST ANDREWS BLVD,1,3edeb60f
TM3R5C,EMS,Cardiac emergency,19401,Norristown,LOCUST ST & DOGWOOD DR,1,bb66e97e
TM3R6V,EMS,Fall victim,18054,Marlborough,OAK DR & WILLOW DR,1,aa0986d6
TM3RGW,EMS,General weakness,19003,Lower Merion,ELM AVE & SHELDON LN,1,4ebce7b4
TM3RK5,EMS,Respiratory emergency,19040,Hatboro,MORELAND AVE & S YORK RD,1,ddb53861
TM3RKY,EMS,Cardiac emergency,19401,Norristown,OAK ST & HIGH ALY,1,cbff7586
TM3RQI,EMS,Cardiac emergency,19406,Upper Merion,COATES LN & HOLLY DR,0,90b68177
TM3S2E,EMS,Respiratory emergency,19401,Norristown,LAFAYETTE ST & POTTS ALY,1,9b88c17c
TM3SI5,EMS,CVA/stroke,19090,Abington,COOLIDGE AVE & PHIPPS AVE,0,f7aa656e
TM3SMF,EMS,Head injury,19454,Upper Gwynedd,CHURCH RD & BECKER RD,1,8c3e7de3
TM3TDJ,Fire,Building fire,19401,Norristown,SWEDE ST & W ELM ST,1,c844cec0
TM3TFX,EMS,Unknown medical emergency,19401,Norristown,MAIN ST & BARBADOES ST,1,b709c30d
TM3TI5,EMS,Building fire,19401,Norristown,SWEDE ST & W ELM ST,1,b71a81d1
TM3U61,EMS,Cardiac emergency,19446,Lansdale,3RD ST & N CANNON AVE,1,b84d42cc
TM3UPZ,EMS,General weakness,19401,Norristown,GLENN VALLEY DR & E ROBERTS ST,1,0fe22383
TM3VEZ,Fire,Fire alarm,19446,Montgomery,COWPATH RD & MORGAN ST,1,58c0da2d
TM3VG7,Fire,Woods/field fire,19038,Abington,JENKINTOWN RD & EDGE HILL RD,1,029d8fe1
TM3VJ5,EMS,Unresponsive subject,19003,Lower Merion,COBBLESTONE DR & W SPRING AVE,1,f1021a2d
TM3VUQ,EMS,Abdominal pains,19401,Norristown,WILLOW ST & SCOTT ALY,1,6ef83a1a
TM3WQ1,Traffic,Vehicle accident,19095,Cheltenham,LIMEKILN PIKE & GREENWOOD AVE,1,e59cb98d
TM3WVY,EMS,Vehicle accident,19095,Cheltenham,LIMEKILN PIKE & GREENWOOD AVE,1,b2d85d93
TM3X3R,EMS,Cardiac emergency,19095,Cheltenham,EASTON RD & GREENWOOD AVE,1,bcf4b946
TM3XIS,EMS,Fall victim,19464,Pottstown,GROVE ST & S PRICE ST,1,4ad279ec
TM3Y2O,EMS,Assault victim,19446,Lansdale,N BROAD ST,1,64023368
TM3Y2O-1,EMS,Assault victim,19446,Lansdale,MAIN ST & S BROAD ST,1,e2c64675
TM3YA8,EMS,Unconscious subject,19401,Norristown,LAFAYETTE ST & SWEDE ST,1,8e90cd00
TM3YA8-1,EMS,Unconscious subject,19401,Norristown,SCHUYLKILL AVE & DEKALB ST,1,b8b8dd63
TM3YVE,EMS,Head injury,19002,Upper Dublin,NORRISTOWN RD & TENNIS AVE,1,606f30a7
TM3Z44,EMS,Fall victim,19525,Douglass,GILBERTSVILLE RD & YODER AVE,1,f4677f07
TM3Z5M,Fire,Fire special service,19401,Norristown,LAFAYETTE ST & SWEDE ST,1,33a54135
TM3Z5M-1,Fire,Fire special service,19401,Norristown,SCHUYLKILL AVE & DEKALB ST,1,3ff8010e
TM3ZAJ,EMS,Hemorrhaging,19462,Plymouth,FOUNTAIN RD & HICKORY RD,1,f2a2a184
TM3ZTO,Fire,S/B at helicopter landing,19462,Plymouth,FOUNTAIN RD & HICKORY RD,1,789e0f7c
TM4076,Traffic,Road obstruction,19454,Horsham,LOWER STATE RD & STONEY RIVER DR,1,1874e3b5
TM4076-1,Traffic,Road obstruction,19002,Horsham,LOWER STATE RD & BRYANT CT,1,6532327b
TM40EU,EMS,Cardiac emergency,19046,Jenkintown,LINDEN ST & WEST AVE,1,ba00d529
TM40QD,Traffic,Vehicle accident,19468,Upper Providence,RIDGE PIKE & KLINE RD,1,a76895a8
TM40SY,Fire,Fire alarm,19006,Lower Moreland,HALLOWELL DR & WALTON RD,1,1cd513aa
TM41W2,EMS,Altered mental status,19462,Plymouth,SANDY HILL RD & WHITES RD,1,755d2b7c
TM420I,Traffic,Road obstruction,19034,Upper Dublin,MUNDOCK RD & SUSQUEHANNA RD,1,5ec6d53a
TM426O,EMS,General weakness,19401,Norristown,MAIN ST & MILL ST,1,805b1b14
TM42HR,EMS,Altered mental status,19401,Norristown,AIRY ST & GEORGE ST,1,01d758e6
TM42J3,EMS,Overdose,19401,Norristown,MAIN ST & BARBADOES ST,1,f0901344
TM42U2,Traffic,Road obstruction,19446,Upper Gwynedd,MORRIS RD & GLENVIEW DR,1,335be8fe
TM432F,Traffic,Vehicle accident,19440,Hatfield Township,BETHLEHEM PIKE & STERLING DR,1,bfb66dc5
TM435A,EMS,General weakness,18074,Upper Frederick,COLONIAL RD & HILDEBEIDEL RD,1,b63cb3a2
TM4367,Traffic,Road obstruction,19034,Upper Dublin,MUNDOCK RD & SUSQUEHANNA RD,1,46ccf01c
TM43AB,Fire,Elevator emergency,19464,Pottstown,KING ST & PENN ST,1,f305101c
TM43DS,Traffic,Vehicle accident,18964,Souderton,HARLEYSVILLE PIKE & E RELIANCE RD,1,709b6406
TM43HM,Fire,Gas-odor/leak,19464,Lower Pottsgrove,JACKSON LN & STEEPLECHASE LN,1,adb5df5d
TM43LW,EMS,General weakness,19096,Lower Merion,GREYTHORNE RD & E ATHENS AVE,1,fc068904
TM43MV,Traffic,Disabled vehicle,19034,Whitemarsh,MILITIA HILL RD & STENTON AVE,1,9c92850c
TM43PV,EMS,Nausea/vomiting,19095,Cheltenham,OLD FARM RD,1,51a2ccd5
TM43QW,Fire,Fire alarm,19031,Whitemarsh,VALLEY GREEN RD & CRICKET RD,1,39fb50d0
TM43UG,EMS,Fracture,19438,Franconia,MAPLEWOOD DR & CRESCENT CIR,1,8428fff3
TM43YZ,EMS,Fall victim,19422,Whitpain,WINSTON CT & CROMWELL DR,1,fdb6e0a8
TM440P,EMS,General weakness,19446,Montgomery,MAGDALENA LN & N LINE ST,1,8f1acd03
TM4476,Traffic,Vehicle fire,19446,Hatfield Township,N LINE ST & MEDICAL CAMPUS DR,1,e844cea9
TM44HE,Traffic,Vehicle accident,19473,Upper Salford,GRUBB RD & LARSON RD,1,1f481b8c
TM44HG,EMS,Fall victim,19464,Lower Pottsgrove,DONNA LN & N PLEASANT VIEW RD,1,18c2e05d
TM44SS,Traffic,Vehicle fire,19444,Whitemarsh,RIDGE PIKE & SPRING MILL RD,1,a58c55b3
TM44UY,EMS,Hemorrhaging,19438,Lower Salford,MAIN ST & OLD SUMNEYTOWN PIKE,1,0334aafd
TM44VX,EMS,Diabetic emergency,19090,Upper Moreland,MADISON RD & SHELDON RD,1,7eb316c1
TM44YN,Fire,Fire alarm,19468,Limerick,LEWIS RD & LINFIELD TRAPPE RD,1,023dc68b
TM4511,EMS,General weakness,19454,Montgomery,GWYNEDD LEA DR & CLOVER LEAF LN,1,7d973027
TM456S,EMS,General weakness,19001,Abington,BLUE JAY RD & THUNDERHEAD RD,1,23fbbe4c
TM45B9,Fire,Fire alarm,19462,Plymouth,GERMANTOWN PIKE & WALTON RD,1,ee80fa9b
TM45D3,Fire,Fire alarm,19403,Norristown,CIRCLE DR & LOWER FARM RD,1,5beed82c
TM45EC,Fire,Fire alarm,19401,East Norriton,GERMANTOWN PIKE & SWEDE RD,1,dfc53083
TM45F9,EMS,Fall victim,19403,West Norriton,STONYBROOK DR & N WHITEHALL RD,1,bb9bfda0
TM45QA,Traffic,Vehicle accident,19446,Hatfield Township,FORTY FOOT RD & WELSH RD,1,b546b241
TM460M,Traffic,Hazardous road conditions,19464,Pottstown,SHOEMAKER RD & MAACO DR,1,b92630e6
TM463S,EMS,Back pains/injury,19038,Abington,JEFFERSON AVE & PENN AVE,1,5a60c6ed
TM464V,Traffic,Disabled vehicle,19403,Lower Providence,TROOPER RD & W MAIN ST,1,e07b0542
TM4684,Fire,Carbon monoxide detector,19072,Lower Merion,OAKWOOD TER & OAKWOOD DR,1,efd049fd
TM46D3,EMS,Fall victim,19446,Lansdale,MAIN ST & HIGHLAND RD,1,720a159f
TM46DX,EMS,Cardiac emergency,19090,Upper Moreland,LAUREL CIR & DEAD END,1,737d0121
TM46KX,EMS,Medical alert alarm,19403,Lower Providence,SHANNONDELL DR & SHANNONDELL BLVD,1,c9fbf552
TM46LU,Traffic,Vehicle accident,19462,Whitemarsh,GERMANTOWN PIKE & BUTLER PIKE,1,1872e023
TM46OE,EMS,Seizures,19403,Skippack,MOKYCHIC RD & PRISON RD,0,961bebfd
TM472A,EMS,Respiratory emergency,19044,Horsham,SALEM LN & STERLING DR,1,7669e429
TM474M,EMS,Respiratory emergency,19426,Perkiomen,GRAVEL PIKE & HIGH SCHOOL DR,1,8199bf68
TM475G,EMS,Head injury,19468,Upper Providence,RIDGE PIKE & KLINE RD,1,6d3fea9e
TM478I,EMS,Medical alert alarm,19027,Cheltenham,VALLEY RD & CREST AVE,1,b353376a
TM47DN,Traffic,Vehicle accident,19454,Montgomery,LIMEKILN PIKE & LOWER STATE RD,1,09c5c43a
TM47DP,EMS,Medical alert alarm,19041,Lower Merion,CHESWOLD LN & W MONTGOMERY AVE,1,69f54bca
TM47NW,Traffic,Vehicle accident,19460,Upper Providence,EGYPT RD & LONGFORD RD,1,646f7036
TM47OV,EMS,General weakness,19401,East Norriton,NEW HOPE ST & RENEL RD,1,6435370a
TM47ZH,EMS,Fall victim,19446,Towamencin,DOCK DR & DETWILER RD,1,27e11ce7
TM48F2,Fire,Fire alarm,19428,West Conshohocken,BARR HARBOR DR & BLISS ST,0,b91214bc
TM48TN,EMS,Cardiac emergency,19464,Upper Pottsgrove,BOXWOOD CT & MIMOSA LN,1,fd416ce0
TM48W2,Traffic,Vehicle accident,19072,Lower Merion,HOLLOW RD & RIVER RD,1,6fa5b2bc
TM491U,EMS,Head injury,19454,Montgomery,AVENEL BLVD & DEKALB PIKE,1,561aafa8
TM499K,EMS,General weakness,19403,Lower Providence,SHANNONDELL DR & SHANNONDELL BLVD,1,66234210
TM49AX,EMS,Head injury,19038,Springfield,STATION AVE & BROOKE RD,1,2cdef3f9
TM49BJ,Traffic,Vehicle accident,19046,Abington,JENKINTOWN RD & WALNUT ST,1,0bed130b
TM49BO,EMS,Vehicle accident,19046,Abington,JENKINTOWN RD & WALNUT ST,1,77854d7f
TM49I7,EMS,Medical alert alarm,19403,Lower Providence,SHANNONDELL DR & SHANNONDELL BLVD,1,c94faab5
TM49JU,EMS,Unconscious subject,19446,Upper Gwynedd,SUMNEYTOWN PIKE & MERCK GATE 1,1,16f286bb
TM49KW,EMS,Cardiac emergency,19464,Lower Pottsgrove,SUNNYBROOK RD & E HIGH ST,1,f1ee1278
TM49Q0,EMS,CVA/stroke,19462,Plymouth,WOODBROOK LN & BELVOIR RD,1,a87264b1
TM49RX,Traffic,Vehicle accident,19438,Lower Salford,YODER RD & SUMMERWIND LN,1,c9f00217
TM49TQ,EMS,Syncopal episode,19006,Lower Moreland,POST RD & BYBERRY RD,1,4e625ae7
TM49UX,EMS,Cardiac emergency,19460,Chester County,RAPPS DAM RD & KIMBERTON RD,1,969d3f37
TM49VZ,EMS,Vehicle accident,19403,West Norriton,BURNSIDE AVE,1,c31be9f1
TM49W7,Traffic,Vehicle accident,19403,West Norriton,BURNSIDE AVE & OAKLAND DR,1,7c2a0188
TM49YO,EMS,Subject in pain,19090,Upper Moreland,DEER RUN RD & RED BARN RD,0,841e839e
TM4AFM,EMS,Unconscious subject,19001,Abington,WOODLAND RD & ST CHARLES PL,1,f3839b6d
TM4AMN,EMS,Cardiac emergency,19006,Lower Moreland,HUNTINGDON PIKE & CALVIN RD,1,80dec667
TM4ARZ,EMS,Medical alert alarm,19403,Lower Providence,SHANNONDELL DR & SHANNONDELL BLVD,1,8d1d7454
TM4AWJ,Traffic,Vehicle accident,19426,Skippack,COLLEGEVILLE RD & SKIPPACK PIKE,1,a1742044
TM4B7K,Traffic,Road obstruction,19003,Lower Merion,MILL CREEK RD & VALLEY RD,1,091fafee
TM4BCP,Fire,Gas-odor/leak,19428,Conshohocken,W 9TH AVE,0,e8f26a72
TM4BJD,Fire,Fire alarm,19085,Delaware County,ALDWYN LN & WOODED LN,1,ebcc2ce1
TM4BO8,EMS,Unknown medical emergency,19401,Norristown,LAFAYETTE ST & SWEDE ST,1,803d6892
TM4BZD,Traffic,Vehicle accident,19403,Worcester,VALLEY FORGE RD & WATER STREET RD,1,4b1438c0
TM4C0P,Traffic,Road obstruction,18969,Franconia,COWPATH RD & FORREST RD,1,2d57440d
TM4C20,EMS,Syncopal episode,19468,Limerick,LIGHTCAP RD & SANATOGA SPRINGS DR,1,aa04b6cb
TM4C20-1,Traffic,Vehicle accident,19428,West Conshohocken,MATSONFORD RD & CHURCH ST,1,a4ea1722
TM4C4R,EMS,Abdominal pains,19401,Norristown,ASTOR ST & W WOOD ST,1,1bfe8704
TM4CE9,EMS,Dizziness,19428,Plymouth,MARKEL RD & WOODSIDE RD,1,467a08c7
TM4CGD,Traffic,Vehicle accident,19422,Whitpain,DEKALB PIKE & BLUE BELL SPRINGS DR,1,b340db90
TM4CHL,Fire,Fire investigation,19464,Pottstown,MOSER RD & QUEEN ST,1,dc6a7c14
TM4CJG,EMS,Back pains/injury,19090,Abington,ROBINSON AVE & GLENDALE AVE,1,60b96506
TM4CYS,Traffic,Road obstruction,19002,Lower Gwynedd,OLD PENLLYN PIKE & PEN AMBLER RD,1,67c23760
TM4D1I,EMS,Respiratory emergency,19464,Pottstown,HIGH ST & MANATAWNY ST,1,d35894f9
TM4DH8,EMS,Cardiac emergency,19095,Cheltenham,GREEN VALLEY RD & WISTAR DR,1,624dd88c
TM4DL2,EMS,Seizures,19468,Upper Providence,RIDGE PIKE & KLINE RD,1,0ce24262
TM4DM2,EMS,Cardiac emergency,19001,Abington,OLD YORK RD & HORACE AVE,1,f81168f4
TM4DUL,Traffic,Vehicle leaking fuel,19428,Conshohocken,FORREST ST & W 8TH AVE,1,7365f215
TM4E0A,EMS,Cardiac emergency,19044,Horsham,HORSHAM RD & NORRISTOWN RD,1,9924ac28
TM4E0R,Traffic,Road obstruction,19004,Lower Merion,GAINSBORO RD & MARY WATERS FORD RD,1,1e54c137
TM4E8K,Fire,Vehicle leaking fuel,19428,Conshohocken,FORREST ST & W 8TH AVE,1,3b9b6cd5
TM4E8Z,Traffic,Vehicle accident,19454,Montgomery,NORTH WALES RD & ROSE LN,1,7f3b313d
TM4EB8,Traffic,Vehicle fire,19406,Upper Merion,KEEBLER RD & ALLENDALE RD,0,66985b8a
TM4EBC,Fire,Vehicle fire,19406,Upper Merion,KEEBLER RD,1,57bf306b
TM4EDH,EMS,Hemorrhaging,19090,Abington,DAVISVILLE RD & EASTON RD,1,0569ccae
TM4EJZ,Traffic,Vehicle accident,19090,Upper Moreland,EASTON RD & WYANDOTTE RD,1,775b51a9
TM4EK7,Fire,Fire special service,19025,Upper Dublin,SUSQUEHANNA RD,0,185a0788
TM4EQK,EMS,Syncopal episode,19006,Bryn Athyn,TOMLINSON RD & CHERRY LN,1,8643bcf4
TM4ESB,EMS,Assault victim,19406,Upper Merion,DEKALB PIKE & S HENDERSON RD,1,65f5e999
TM4ETA,EMS,Syncopal episode,19440,Hatfield Township,WALNUT ST & GARDEN RD,1,4d536743
TM4EZV,EMS,Hemorrhaging,19446,Lansdale,BROAD ST & E 6TH ST,1,38e7ce79
TM4F1Q,EMS,Altered mental status,19401,East Norriton,OLD ARCH RD & BIRCHWOOD DR,1,79523026
TM4F9A,EMS,Altered mental status,19426,Perkiomen,REGENTS RD & YORKTOWN RD,1,4364cbb9
TM4FAG,Traffic,Vehicle accident,19405,Bridgeport,W 5TH ST & DEKALB ST,1,ba47e97e
TM4FFD,Traffic,Disabled vehicle,19446,Lansdale,RIDGE ST & E 5TH ST,1,a55c431d
TM4FHI,Traffic,Vehicle accident,19034,Springfield,CAMP HILL RD & PENNSYLVANIA AVE,1,e625db1b
TM4FHW,Traffic,Vehicle accident,19426,Collegeville,E 9TH AVE & E MAIN ST,1,85314f2c
TM4FLD,Traffic,Vehicle accident,19006,Bryn Athyn,HUNTINGDON PIKE & TOMLINSON RD,1,25e281fa
TM4GW8,Traffic,Disabled vehicle,19006,Lower Moreland,HUNTINGDON PIKE & WARFIELD LN,1,f5617349
TM4GWB,Fire,Vehicle fire,19401,Norristown,MARKLEY ST,0,180fcff0
TM4GWB-1,Fire,Vehicle fire,19401,Norristown,MARKLEY ST & WARREN ST,1,ad85b245
TM4GX2,Traffic,Vehicle accident,19004,Lower Merion,BALA AVE & N HIGHLAND AVE,1,461568ac
TM4GX2-1,Traffic,Vehicle fire,19401,Norristown,MARKLEY ST & W FREEDLEY ST,1,ac5d5abf
TM4H11,Traffic,Vehicle accident,19010,Lower Merion,BRYN MAWR AVE & W LANCASTER AVE,1,18565af9
TM4H5G,Traffic,Vehicle accident,19010,Lower Merion,BRYN MAWR AVE & W LANCASTER AVE,1,1c4e4cdb
TM4H5O,EMS,Fall victim,19406,Upper Merion,CHURCH RD & RADAR DR,1,8a0a4295
TM4HBI,EMS,Fall victim,19035,Lower Merion,MONTICELLO DR & STONY CIR,1,e63b09dd
TM4HKD,EMS,Heat exhaustion,19473,Perkiomen,SALEM RD & CONCORD RD,1,e4039908
TM4HUT,Fire,Fire alarm,19038,Abington,EDGE HILL RD & LIMEKILN PIKE,1,01d95cd2
TM4HXP,EMS,Respiratory emergency,19003,Lower Merion,LANCASTER AVE & CHATHAM RD,1,6733e1df
TM4HYQ,EMS,Fracture,19401,Norristown,MAIN ST & HARTRANFT AVE,1,71b4217d
TM4I1K,EMS,Cardiac emergency,19040,Upper Moreland,ORANGEMANS RD & EXTON RD,1,e468da99
TM4I5J,Fire,Fire alarm,19454,Montgomery,DEKALB PIKE & AVENEL BLVD,1,22b0655a
TM4I9Y,EMS,Nausea/vomiting,19401,Norristown,MARSHALL ST & FRANKLIN ALY,1,7587bdb7
TM4ICE,Fire,Carbon monoxide detector,19446,Upper Gwynedd,PRIMROSE DR & JASMINE CIR,1,2af16c54
TM4IIY,EMS,Subject in pain,19044,Horsham,CAREDEAN DR & SARGON WAY,1,0f54c268
TM4ITX,EMS,Allergic reaction,19006,Bryn Athyn,BYBERRY RD & READING WAY,1,b0877bb5
TM4IWU,Traffic,Vehicle accident,19422,Whitpain,SWEDE RD & W TOWNSHIP LINE RD,0,11823c75
TM4IZH,Traffic,Vehicle accident,19468,Upper Providence,RIDGE PIKE & KLINE RD,1,5e3f64cf
TM4J06,EMS,Unconscious subject,19428,West Conshohocken,JOSEPHINE AVE & WILLIAM ST,1,b6ca5299
TM4J9N,Traffic,Vehicle accident,19040,Hatboro,N CHESTER AVE & W MORELAND AVE,0,8fd62240
TM4JD5,EMS,Cardiac emergency,19446,Lansdale,VALLEY FORGE RD & MILL ST,1,1b466807
TM4JQ7,Traffic,Vehicle accident,18969,Telford,RELIANCE RD & S SCHOOL LN,1,7a456194
TM4JVB,EMS,Subject in pain,19096,Lower Merion,LANCASTER AVE & W OLD WYNNEWOOD RD,1,6faf3388
TM4KAW,EMS,Respiratory emergency,19046,Abington,CYPRESS AVE & HOLMECREST RD,1,e1cda0ec
TM4KGF,Fire,Building fire,19003,Lower Merion,GREENFIELD AVE & W SPRING AVE,1,195c52f8
TM4KIE,Fire,Fire alarm,18964,Souderton,MAIN ST & W CHESTNUT ST,1,352b80fa
TM4KKI,Traffic,Vehicle accident,19046,Jenkintown,YORK RD & WYNCOTE RD,0,b6b95a20
TM4KQA,EMS,Respiratory emergency,19401,East Norriton,SWEDE RD & MEADOWBROOK RD,0,9cb6ba6c
TM4KUK,Traffic,Disabled vehicle,19401,Norristown,W FORNANCE ST & LOCUST ST,1,5d337313
TM4KY3,EMS,Abdominal pains,19002,Horsham,LOWER STATE RD & SQUIRE DR,1,a04a1c59
TM4L1P,Fire,Woods/field fire,19090,Upper Moreland,YORK RD & CENTER AVE,1,a24bc76a
TM4LA1,EMS,Medical alert alarm,19464,Pottstown,HALE ST & SPRUCE ALY,1,29552b03
TM4LEH,EMS,Hemorrhaging,19438,Franconia,MAPLE AVE & YODER RD,1,46acb4b1
TM4LEH-1,Traffic,Disabled vehicle,19403,Lower Providence,EGYPT RD & S TROOPER RD,1,c8e3ffde
TM4LNW,EMS,Respiratory emergency,19003,Lower Merion,SPRING AVE & SUTTON RD,1,a3f30ff9
TM4LQD,EMS,Altered mental status,19401,Norristown,PINE ST & W ROBERTS ST,1,c3f0bcdc
TM4LU0,Traffic,Vehicle accident,19004,Lower Merion,LEVERING MILL RD & BRYN MAWR AVE,1,3b8dab4a
TM4LX5,EMS,Head injury,19095,Cheltenham,BARKER RD & GREENWOOD AVE,1,093bf5ce
TM4M2I,Traffic,Vehicle accident,19038,Springfield,ARDMORE AVE & WILLOW GROVE AVE,1,5e98be69
TM4M5M,Fire,Trash/dumpster fire,19444,Whitemarsh,GERMANTOWN PIKE & CHURCH RD,1,b7190980
TM4MCP,Traffic,Vehicle accident,19004,Lower Merion,BELMONT AVE & E LEVERING MILL RD,1,6fb0eeab
TM4MF8,EMS,Head injury,19096,Lower Merion,GARDEN RD & OVERBROOK RD,1,40a9f985
TM4MJF,Traffic,Vehicle accident,19446,Montgomery,BETHLEHEM PIKE & RICHARDSON RD,0,39bdb7ab
TM4MOH,EMS,Unknown medical emergency,19422,Whitpain,PENLLYN BLUE BELL PIKE & VILLAGE CIR,1,aa139869
TM4MXJ,EMS,General weakness,19492,Upper Frederick,BIG RD & FREDERICK DR,1,158f7621
TM4MY8,EMS,CVA/stroke,19046,Abington,GIBSON AVE & BERKELEY AVE,1,0ac16b0b
TM4N3R,EMS,Cardiac emergency,19403,Lower Providence,BRATTON DR & WASHINGTON DR,1,5c523339
TM4N53,Fire,Woods/field fire,19406,Upper Merion,GODDARD BLVD & VALLEY GREEN LN,1,c20b4e98
TM4N70,Traffic,Vehicle accident,19426,Upper Providence,BLACK ROCK RD & EGYPT RD,1,91217d20
TM4NI8,Traffic,Vehicle accident,19444,Whitemarsh,GERMANTOWN PIKE & CENTER AVE,1,60795d03
TM4NIP,EMS,Allergic reaction,19468,Limerick,LEWIS RD & BENNER RD,1,24d1f36c
TM4NWO,EMS,Fall victim,19403,West Norriton,RIVERVIEW RD & HILLSIDE DR,1,6ed56b99
TM4NXW,Traffic,Vehicle accident,19462,Plymouth,GERMANTOWN PIKE & VIRGINIA RD,1,46ae37d4
TM4O03,EMS,Respiratory emergency,19403,West Norriton,MARSHALL ST & N MONTGOMERY AVE,0,6107c0c4
TM4O9Y,Traffic,Road obstruction,19044,Horsham,DRESHER RD & HORSHAM RD,1,50bc3d62
TM4OIA,Traffic,Vehicle accident,19446,Montgomery,GRAYS LN & FOREST TRAIL DR,1,c648be3f
TM4OJV,Traffic,Vehicle accident,19422,Whitpain,DEKALB PIKE & MORRIS RD,1,c1dcac9e
TM4OMV,Fire,Unresponsive subject,19426,Perkiomen,WALNUT LN & MAPLE AVE,1,1b2f90e5
TM4OMY,EMS,Unresponsive subject,19426,Perkiomen,WALNUT LN & MAPLE AVE,1,62447348
TM4ORA,EMS,Animal bite,19046,Rockledge,PARK AVE & HUNTINGDON PIKE,1,4a184025
TM4P80,Traffic,Road obstruction,19044,Horsham,WITMER RD & COUNTRY RD,1,65e8d285
TM4PS4,Traffic,Vehicle accident,19401,West Norriton,NSH GATE 4 & STERIGERE ST,1,d7a0a63f
TM4Q98,Fire,Vehicle accident,18074,New Hanover,LAYFIELD RD & DEEP CREEK RD,0,d651d7af
TM4Q9C,EMS,Vehicle accident,18074,New Hanover,LAYFIELD RD & DEEP CREEK RD,1,5ef69e94
TM4Q9C-1,Traffic,Vehicle accident,18074,New Hanover,LAYFIELD RD & DEEP CREEK RD,1,808214a2
TM4QAM,Traffic,Vehicle accident,18073,Upper Hanover,LAYFIELD RD & KINGS RD,1,db3769e5
TM4QBM,EMS,Cardiac arrest,18054,Marlborough,MAPLE DR & WILLOW DR,1,c3956ab8
TM4QG9,Traffic,Vehicle accident,19087,Upper Merion,TRINITY LN & S GULPH RD,1,67d880a2
TM4QL9,EMS,Fall victim,19403,Lower Providence,SHANNONDELL DR & SHANNONDELL BLVD,1,ae1994f2
TM4QO0,EMS,Fall victim,19438,Lower Salford,MAIN ST & CLEMENS RD,1,27708068
TM4QRX,Traffic,Vehicle accident,19446,Towamencin,SUMNEYTOWN PIKE & TROXEL RD,1,db14ac0a
TM4QSK,EMS,Respiratory emergency,19406,Upper Merion,HILLTOP DR & TOWNE PL,0,65934f26
TM4QTL,Fire,Fire special service,18054,Marlborough,MAPLE DR & WILLOW DR,1,dfd25a4b
TM4QWA,EMS,Lacerations,19403,Lower Providence,SHANNONDELL DR & SHANNONDELL BLVD,1,7a707e48
TM4R2F,Traffic,Vehicle accident,18974,Hatboro,E COUNTY LINE RD & N WARMINSTER RD,1,c46b0c36
TM4R7U,Traffic,Vehicle accident,19512,Douglass,PHILADELPHIA AVE & BERKS ST,1,c6a0436e
TM4RD0,Fire,Fire special service,19406,Upper Merion,HILLTOP DR & TOWNE PL,1,18d62ea9
TM4REU,Fire,Vehicle accident,19473,Limerick,GAME FARM RD & METKA RD,1,d63201ef
TM4RF6,EMS,Vehicle accident,19473,Limerick,GAME FARM RD & METKA RD,1,df9d1c83
TM4RF8,Traffic,Vehicle accident,19473,Limerick,GAME FARM RD & METKA RD,1,ac6ffffe
TM4RMH,EMS,Unknown medical emergency,19027,Cheltenham,ASBURY AVE,1,f48e7e7e
TM4RN7,Traffic,Vehicle accident,19403,West Norriton,WHITEHALL RD & SPERA LN,1,2564b050
TM4RNE,EMS,Vehicle accident,19403,West Norriton,WHITEHALL RD & SPERA LN,0,f8533ddd
TM4RUK,EMS,Nausea/vomiting,19406,Upper Merion,VALLEY FORGE RD & GEERDES BLVD,1,76950f93
TM4S3Q,Traffic,Disabled vehicle,19401,East Norriton,W GERMANTOWN PIKE & SWEDE RD,1,f46a62d6
TM4S4H,Fire,Fire investigation,19012,Cheltenham,MYRTLE AVE & ELM AVE,1,85076bfe
TM4S9D,EMS,Seizures,19090,Upper Moreland,WELSH RD & COMPUTER AVE,1,3285d1d0
TM4SGB,Fire,Fire alarm,19035,Lower Merion,RIGHTERS MILL RD & MILL CREEK RD,0,c430686a
TM4SQC,Traffic,Disabled vehicle,19040,Hatboro,WARMINSTER RD & TANNER AVE,1,bb53c260
TM4TPL,EMS,Altered mental status,18964,Franconia,SUMMIT ST & COLONIAL AVE,1,6205d4f4
TM4TQP,EMS,Fever,19403,West Norriton,PORT INDIAN RD & EGYPT RD,1,91a850e2
TM4TVK,EMS,General weakness,18964,Franconia,GENTRY TER & GATEWAY DR,1,8a199ea8
TM4U1D,Traffic,Disabled vehicle,19446,Montgomery,BETHLEHEM PIKE & COWPATH RD,1,a0a7e76a
TM4U9T,EMS,Heat exhaustion,19001,Abington,EASTON RD & PATANE AVE,1,88a93cff
TM4UC7,EMS,Fire special service,19027,Cheltenham,BEECH AVE & B D ST,1,a228d367
TM4UGU,Traffic,Disabled vehicle,19006,Upper Moreland,SHOEMAKER RD & JASON DR,1,02bd4ca2
TM4UHX,EMS,Respiratory emergency,19002,Lower Gwynedd,PENLLYN PIKE & FOXFIELD RD,1,a9fa0edf
TM4UX9,Fire,Fire special service,19027,Cheltenham,BEECH AVE & B D ST,0,ca219054
TM4UXL,EMS,Fall victim,19464,Upper Pottsgrove,HORSESHOE DR & E MOYER RD,1,4254ecb5
TM4V28,Traffic,Vehicle accident,19464,Pottstown,MANATAWNY ST & W 3RD ST,1,ddf3a165
TM4VGG,EMS,Respiratory emergency,19401,Norristown,MAIN ST & MILL ST,1,0388ed62
TM4VJI,Fire,Fire special service,19401,Norristown,MAIN ST & MILL ST,1,e88a0e83
TM4VKV,Fire,Fire alarm,19046,Abington,HUNTINGDON PIKE & SAN DIEGO AVE,1,a4efde78
TM4VSY,Fire,Elevator emergency,19401,Norristown,DEKALB ST & E WOOD ST,1,67a61666
TM4VX3,Fire,Gas-odor/leak,19095,Cheltenham,THORNBERRY RD & WISTAR DR,0,b517caea
TM4WCT,Fire,Fire alarm,18074,Upper Frederick,DOGWOOD CT & FREDERICK DR,1,38c16839
TM4WGA,Traffic,Road obstruction,19004,Lower Merion,HECKAMORE AVE & BRYN MAWR AVE,1,be47496e
TM4WGC,EMS,Seizures,19405,Bridgeport,4TH ST & PROSPECT AVE,1,ae032306
TM4X4J,EMS,Seizures,19403,Lower Providence,SKYLINE CIR & PINTAIL DR,1,2cf3af63
TM4XGJ,Fire,Fire alarm,19041,Lower Merion,MULBERRY LN & LAUREL LN,1,540ff53e
TM4XIU,EMS,Fracture,19403,Lower Providence,SHANNONDELL DR & SHANNONDELL BLVD,1,976ec0ef
TM4XKP,Traffic,Vehicle accident,18964,Towamencin,FRETZ RD & TOMLINSON RD,1,1fc44daf
TM4XMC,Fire,Fire alarm,19468,Royersford,MAIN ST & N 3RD AVE,1,7d389821
TM4Y7U,EMS,Hemorrhaging,19406,Upper Merion,CAMBRIDGE RD & REDWOOD RD,1,2e880d32
TM4Y94,EMS,Back pains/injury,19034,Upper Dublin,HARTRANFT AVE & MADISON AVE,1,2d716ba6
TM4Z1D,Fire,Carbon monoxide detector,19002,Upper Dublin,DILLON RD & BAUMAN DR,0,8cbdb8b1
TM4Z2M,EMS,Cardiac emergency,19031,Springfield,WISSAHICKON AVE & ROSE LN,1,a0a09857
TM4Z2M-1,EMS,Cardiac emergency,19031,Springfield,BETHLEHEM PIKE & E WISSAHICKON AVE,1,144095f8
TM4Z3N,EMS,Fever,19002,Upper Dublin,SUSQUEHANNA RD & SPARK DR,1,642a7e7d
TM4ZIU,EMS,Syncopal episode,19031,Springfield,BETHLEHEM PIKE & E WISSAHICKON AVE,1,e3604679
TM4ZNH,EMS,Fall victim,19044,Horsham,WHITE BIRCH LN & TIMBER RD,1,eb729ab9
TM4ZQU,Fire,Fire alarm,19446,Lansdale,BROAD ST & VINE ST,1,fbedd894
TM4ZVD,Fire,Fire investigation,19405,Bridgeport,3RD ST & MERION ST,1,927517c4
TM4ZWB,Traffic,Vehicle accident,19401,Norristown,MARSHALL ST & SELMA ST,0,c1156c10
TM4ZX6,EMS,Unconscious subject,19034,Upper Dublin,FORT WASHINGTON AVE & PENNSYLVANIA AVE,1,eaf68c85
TM4ZYT,EMS,Back pains/injury,19454,Upper Gwynedd,DICKERSON RD & SUMNEYTOWN PIKE,1,c3b9cc2d
TM502J,EMS,Fall victim,19468,Limerick,FERNDALE LN & AUTUMN LN,1,84933bb0
TM50F1,EMS,Lacerations,19446,Montgomery,PINE CREST LN & COUNTRY CLUB DR,1,c2c334ca
TM51VA,EMS,Animal bite,19401,East Norriton,ROLAND DR & STONEY CREEK RD,1,13e3ee60
TM5299,Traffic,Vehicle accident,19446,Lansdale,MAIN ST & GREEN ST,1,25b2bcd2
TM52S0,EMS,Respiratory emergency,19027,Cheltenham,CHELTENHAM AVE & COVINGTON RD,1,213afd2e
TM52UQ,EMS,Nausea/vomiting,19035,Lower Merion,RIVERVIEW RD & WAVERLY RD,1,77dd8eba
TM52W7,Traffic,Vehicle accident,19406,Upper Merion,S GULPH RD & W CHURCH RD,1,a9d48860
TM535U,EMS,Subject in pain,19454,North Wales,WALNUT ST & S 7TH ST,1,2b13cf38
TM53F6,EMS,Back pains/injury,19406,Upper Merion,PENN CIR & OLD FORGE LN,0,d1887f02
TM53ND,EMS,Head injury,19446,Towamencin,VALLEY FORGE RD & ALLENTOWN RD,0,83b85ac4
TM53OM,EMS,Dehydration,19025,Upper Dublin,BROOKDALE CT & GREEN VALLEY CIR,1,4ac1d99c
TM53RE,EMS,Altered mental status,19446,Lansdale,5TH ST & UNNAMED ALY,1,311453d1
TM53TY,EMS,Overdose,19464,Lower Pottsgrove,BUCHERT RD & LAUREL WAY,1,e974041e
TM53W4,EMS,Fall victim,19401,Norristown,HAWS AVE & W OAK ST,1,efd49c6c
TM54B8,EMS,Head injury,19090,Upper Moreland,YORK RD & LAKEVUE DR,1,ebbd78d3
TM54DZ,Traffic,Disabled vehicle,18964,Franconia,HARLEYSVILLE PIKE & CREST AVE,1,5d53a162
TM54EM,EMS,Dehydration,19468,Limerick,PRINCE CT & KNIGHT DR,1,95133712
TM54WD,EMS,Respiratory emergency,19401,Norristown,MARSHALL ST & MARKLEY ST,0,fb19fed8
TM550X,EMS,Back pains/injury,19401,Norristown,CHAIN ST & W BLACKBERRY ALY,0,ed3228c3
TM55D2,Traffic,Disabled vehicle,18936,Montgomery,STUMP RD & BETHLEHEM PIKE,1,6720ed23
TM55EC,EMS,Fall victim,19403,Lower Providence,SHANNONDELL DR & SHANNONDELL BLVD,1,09577029
TM55YY,Traffic,Disabled vehicle,19438,Lower Salford,MAIN ST & SUMNEYTOWN PIKE,1,9b6945d9
TM56I0,EMS,Syncopal episode,19422,Whitpain,SKIPPACK PIKE & PENLLYN BLUE BELL PIKE,0,d890bdfc
TM56PQ,EMS,Unresponsive subject,19468,Limerick,FOXMEADOW CIR & FOXMEADOW DR,1,c8abadfd
TM56YN,EMS,Lacerations,19401,Norristown,HAWS AVE & W WASHINGTON ST,1,c94e8046
TM5705,EMS,Overdose,19401,Norristown,LAFAYETTE ST & SWEDE ST,0,8c201e24
TM578V,EMS,Back pains/injury,19002,Lower Gwynedd,FAIR LAND DR & SEVEREN CT,1,4cbc9770
TM579W,EMS,Unconscious subject,19403,East Norriton,BARBARA DR & WELLINGTON RD,1,b105a218
TM57BT,Fire,Fire alarm,19002,Ambler,SPRING GARDEN ST & E RACE ST,1,f7fe0c60
TM57EN,EMS,Fall victim,19040,Upper Moreland,NEWTON RD & BENSAL RD,1,c2cb0bf2
TM5832,EMS,Lacerations,19446,Lansdale,PENNBROOK PKWY & CHURCH RD,0,5b1ba64f
TM588G,Fire,Fire alarm,19406,Bridgeport,FORD ST & SCHOOL LN,1,17152e4d
TM588Q,Traffic,Vehicle accident,19468,Upper Providence,RIDGE PIKE & N TOWNSHIP LINE RD,1,2e6c8816
TM58HJ,EMS,General weakness,19096,Lower Merion,GARDEN RD & OVERBROOK RD,0,3c10de0e
TM58IV,Fire,Fire alarm,19403,Lower Providence,SURREY LN & EGYPT RD,1,34f584a8
TM59L3,Traffic,Vehicle accident,19464,West Pottsgrove,E VINE ST & JEFFERSON ST,0,75655d39
TM59PW,Fire,Vehicle accident,19464,West Pottsgrove,E VINE ST,1,ecf34d3e
TM5A39,EMS,Altered mental status,19151,Lower Merion,WILTSHIRE RD & CITY AVE,1,6d640e3a
TM5A7V,EMS,Overdose,19002,Horsham,BUTLER PIKE & NESBITT RD,0,ca2fb2f7
TM5AD3,EMS,Cardiac arrest,19090,Upper Moreland,SAMPSON AVE & N YORK RD,0,901e01bb
TM5BAU,EMS,Hemorrhaging,19446,Lansdale,PENNBROOK PKWY & CHURCH RD,1,d090711f
TM5BE2,Fire,Fire alarm,19038,Springfield,SOUTHAMPTON AVE & FLOURTOWN AVE,1,fc10946e
TM5BPZ,EMS,Head injury,19401,Norristown,PINE ST & W ROBERTS ST,1,8fbf95d4
TM5CFD,EMS,Seizures,19446,Lansdale,SHAW AVE & W 7TH ST,1,ae567e90
TM5CWJ,EMS,Syncopal episode,19090,Upper Moreland,WOODLAWN AVE & SILVER AVE,1,16434401
TM5D7K,EMS,Subject in pain,19002,Horsham,LOWER STATE RD & SQUIRE DR,1,e3557ece
TM5DD8,EMS,CVA/stroke,19525,Douglass,GILBERTSVILLE RD & YODER AVE,1,c0359d37
TM5E4O,Fire,Fire alarm,19034,Upper Dublin,VIRGINIA DR & DELAWARE AVE,1,b0da28d2
TM5EGM,EMS,EMS special service,19473,Skippack,BRIDGE RD & SERENDIPITY WAY,1,30a4691e
TM5EOG,EMS,Cardiac emergency,18041,Upper Hanover,WATER ST & STATE ST,1,a011878c
TM5EQD,EMS,Unconscious subject,19401,Norristown,WARREN ST & MARKLEY ST,1,0d9a7bc2
TM5F3U,EMS,Subject in pain,19401,East Norriton,DEKALB PIKE & COLONIAL DR,1,00225af1
TM5FFU,EMS,Back pains/injury,19090,Abington,GOHN DR & SMITH AVE,1,bd620769
TM5FHF,EMS,Respiratory emergency,19428,Whitemarsh,ROBERTS AVE & WELLS ST,1,815be7aa
TM5G8T,Traffic,Disabled vehicle,19031,Whitemarsh,BETHLEHEM PIKE & CHURCH RD,1,a2da7989
TM5GMF,Traffic,Disabled vehicle,19031,Whitemarsh,BETHLEHEM PIKE & CHURCH RD,1,3cdceceb
TM5GMG,Fire,Fire alarm,19438,Lower Salford,HARLEYSVILLE PIKE & GRUBER RD,0,c7fe71b9
TM5GXW,EMS,Respiratory emergency,19428,Conshohocken,ANGEL ALY & POPLAR ST,0,170991a6
TM5HMO,EMS,Respiratory emergency,19401,East Norriton,STUART DR & HAINES RD,1,7664c73b
TM5JED,EMS,Cardiac arrest,19462,Plymouth,IRWINS LN & PLYMOUTH RD,1,fbb6d476
TM5JV6,Traffic,Vehicle accident,19403,West Norriton,MAIN ST & LIBERTY AVE,1,79c31c10
TM5K1B,EMS,Respiratory emergency,19128,Springfield,RIDGE PIKE & NORTHWESTERN AVE,1,a425b0a2
TM5KK3,EMS,Overdose,19446,Lansdale,S BROAD ST,0,3fd320d0
TM5KYW,EMS,Head injury,19444,Whitemarsh,JOSHUA RD & CEDAR GROVE RD,0,51577341
TM5LCD,EMS,Cardiac emergency,19040,Hatboro,NORWYN RD & CRESCENT RD,0,62445c5d
TM5LWW,EMS,Back pains/injury,18964,Souderton,SUMMIT ST & N 4TH ST,0,282745d2
TM5MNQ,EMS,Subject in pain,19401,Norristown,MAIN ST & GREEN ST,0,4da27975
TM5MRS,Fire,Fire alarm,19446,Upper Gwynedd,HORSESHOE CURVE DR & STATION SQUARE BLVD,1,1b15ff65
TM5N52,EMS,Subject in pain,19038,Springfield,STENTON AVE & NEWTON ST,0,d29a5ea2
TM5NBW,EMS,Cardiac emergency,19401,Norristown,MAIN ST & NOBLE ST,0,2c401122
TM5NCX,EMS,Fall victim,19403,Lower Providence,SHANNONDELL DR & SHANNONDELL BLVD,1,10ae6b9e
TM5NTE,EMS,Hemorrhaging,19040,Upper Moreland,JAMES RD & EDWARD RD,1,f0dd7b02
TM5OPH,Fire,Fire alarm,19446,Lansdale,PENNBROOK PKWY & CHURCH RD,0,7c1889db
TM5OXQ,EMS,Subject in pain,19087,Upper Merion,KING OF PRUSSIA RD & LINDSEY DR,1,aac45404
TM5Q03,EMS,Unknown medical emergency,19462,Plymouth,FOUNTAIN RD & HICKORY RD,1,2535ef61
TM5R8Q,EMS,Respiratory emergency,19401,Norristown,MAIN ST & KNOX ST,0,61099807
TM5RHO,Fire,Fire alarm,19446,Towamencin,KRIEBEL RD & PHEASANT HILL WAY,0,43968803
TM5RXG,EMS,Burn victim,19001,Abington,OLD YORK RD & CHESTER AVE,0,5af60d15
TM5RXM,Fire,Burn victim,19001,Abington,OLD YORK RD & CHESTER AVE,1,295756c5
TM5RZ2,EMS,General weakness,19044,Horsham,BUSINESS CENTER DR & DRESHER RD,1,fcdacbee
TM5S2A,EMS,General weakness,19406,Upper Merion,GODDARD BLVD & SOMERSET PL,1,d28ac579
TM5SZ2,Traffic,Disabled vehicle,18964,Franconia,COUNTY LINE RD & BETHLEHEM PIKE,1,fb1e12b4
TM5T6Z,EMS,Cardiac emergency,19446,Montgomery,BEDFORD LN & BELLOWS WAY,1,d35a51a3
TM5TRQ,Fire,Electrical fire outside,19038,Springfield,GLENN CIR & BETHLEHEM PIKE,0,6ed9cb11
TM5U1J,Fire,Vehicle fire,19002,Lower Gwynedd,RT309 EXPY & RAMP RT309 NB TO NORRISTOWN RD,0,5a9f5a8a
TM5U2H,Traffic,Vehicle fire,19002,Lower Gwynedd,RT309 EXPY & RAMP RT309 NB TO NORRISTOWN RD,0,d8b97829
TM5UF8,Traffic,Road obstruction,19426,Collegeville,E 1ST AVE & E MAIN ST,1,707ebba3
TM5UHX,Traffic,Road obstruction,19426,Collegeville,E 1ST AVE & E MAIN ST,1,dd6c4706
TM5UIZ,Traffic,Vehicle fire,19002,Lower Gwynedd,RT309 EXPY & RAMP RT309 NB TO NORRISTOWN RD,1,0030a7ab
TM5V6I,Traffic,Vehicle accident,19151,Lower Merion,CITY AVE & LANCASTER AVE,0,2637c2fc
TM5VQB,EMS,General weakness,19518,Berks County,BIRMINGHAM LN & CONSTITUTION AVE,1,aba88481
TM5VSO,EMS,Assault victim,19428,Conshohocken,7TH AVE & FORREST ST,1,14783d6e
TM5W1Z,EMS,Respiratory emergency,19468,Upper Providence,VAUGHN RD & S 4TH AVE,1,ab3ade75
TM5WH1,Fire,Fire alarm,19001,Abington,OLD YORK RD & WHEATSHEAF LN,0,c136fd61
TM5WHZ,EMS,Fall victim,19406,Upper Merion,PRINCE FREDERICK ST & MAIDEN LN,0,99333e8d
TM5WIX,EMS,Nausea/vomiting,19025,Horsham,WELSH RD & W PRUDENTIAL DR,0,ac06c5d7
TM5WOX,EMS,Assault victim,19428,Conshohocken,7TH AVE & FORREST ST,0,b10f3dcf
TM5WQG,EMS,Seizures,19004,Lower Merion,KENMARE RD & E DARTMOUTH RD,0,4b43a38a
TM5WYS,EMS,Medical alert alarm,19464,Lower Pottsgrove,HIGH ST & BROWN ST,1,bc661303
TM5X4A,Fire,Fire alarm,19038,Springfield,HAWS LN & FRASER RD,0,d683e79b
TM5XS1,EMS,Fall victim,19464,Pottstown,BEECH ST & N EVANS ST,0,3332397f
TM5Y1Y,Traffic,Vehicle accident,19438,Skippack,TOWNSHIP LINE RD & STORE RD,0,7dcd34e2
TM5Y45,EMS,Fall victim,19446,Upper Gwynedd,SUMNEYTOWN PIKE & CHURCH RD,0,0b288c00
TM5Y5D,EMS,Dehydration,19401,East Norriton,NEW HOPE ST & RENEL RD,1,bcb292dc
TM5YDK,EMS,Dizziness,19003,Lower Merion,ELM AVE & SHELDON LN,0,8baefe53
TM5YHL,EMS,Dizziness,19446,Towamencin,DOCK DR & DETWILER RD,0,26381fb9
TM5YTI,EMS,Medical alert alarm,19403,Lower Providence,SHANNONDELL DR & SHANNONDELL BLVD,1,8577527b
TM5Z87,EMS,Back pains/injury,19006,Lower Moreland,WELSH RD & WALTON RD,0,565530ec
TM5ZHX,Traffic,Road obstruction,18969,Telford,N WASHINGTON AVE & E BROAD ST,1,483aeac1
TM5ZRM,Traffic,Disabled vehicle,19401,Norristown,HAWS AVE & W ELM ST,0,e90d8224
TM5ZW7,Fire,Gas-odor/leak,19438,Skippack,ASHLAND DR,0,016457d6
TM605T,EMS,Respiratory emergency,19038,Cheltenham,MONTIER RD & LYNNWOOD AVE,0,c73bad4d
TM60R5,Traffic,Hazardous road conditions,19401,Norristown,MARSHALL ST & TREMONT AVE,0,3e95024d
TM60YQ,EMS,Overdose,19464,Pottstown,CHARLOTTE ST & OAK ST,0,5a180a52
TM610O,EMS,Cardiac emergency,19403,Lower Providence,EAGLEVILLE RD & SUNDERLAND DR,0,dba361eb
TM6153,EMS,Cardiac emergency,19446,Upper Gwynedd,SUMNEYTOWN PIKE & MERCK GATE 1,1,c9e05c5e
TM61G9,EMS,Fall victim,19428,Conshohocken,FAYETTE ST & W 11TH AVE,0,59ea5e24
TM61IG,EMS,EMS special service,19473,Skippack,BRIDGE RD & SERENDIPITY WAY,1,6a223f55
TM61KC,EMS,General weakness,19446,Lansdale,MAIN ST & WALNUT ST,1,f5796c10
TM61MM,EMS,Fall victim,19473,Skippack,SCENIC VIEW DR & CREEKWOOD DR,0,6820fad9
TM61PU,Traffic,Vehicle accident,19046,Cheltenham,COTTMAN AVE & ZANE AVE,0,8e43f3a9
TM61SS,Fire,Fire alarm,19444,Whitemarsh,FOX HOUND DR & MARBLE HL,0,8e379908
TM6245,Fire,Gas-odor/leak,19046,Abington,OLD YORK RD & LENOX RD,0,1aacc421
TM628F,EMS,Cardiac emergency,19401,Norristown,PINE ST & W ROBERTS ST,1,ff34ac62
TM62JX,EMS,Cardiac emergency,19464,Pottstown,ARMAND HAMMER BLVD & SUNSET DR,0,e7534ab9
TM62L9,EMS,Cardiac emergency,19401,East Norriton,GERMANTOWN PIKE & HANNAH AVE,1,c3312faa
TM62Y9,EMS,General weakness,18969,Franconia,COUNTRY CLUB DR & BERGEY RD,1,3cfa76fe
TM633D,EMS,Fracture,19406,Upper Merion,EDWARDS DR & BERNARD DR,1,929b3b1b
TM634F,EMS,Cardiac emergency,18969,Franconia,4TH ST & CHURCH RD,1,a54a4bc2
TM63E1,EMS,Cardiac emergency,19040,Upper Moreland,GOODWIN RD & HIGH AVE,1,1b52c572
TM63HX,EMS,Seizures,19046,Lower Moreland,VALLEY RD & MANOR AVE,0,9a2f76d9
TM64DB,EMS,Medical alert alarm,19066,Lower Merion,MONTGOMERY AVE & MERION RD,0,9c74b89b
TM64GU,Traffic,Vehicle accident,19446,Upper Gwynedd,SUMNEYTOWN PIKE & CHURCH RD,0,2456b999
TM64IN,Traffic,Vehicle accident,19041,Lower Merion,W MONTGOMERY AVE & WOODSIDE RD,0,be09be49
TM64W9,EMS,Overdose,19462,Plymouth,HICKORY RD & FOUNTAIN RD,1,b858b914
TM650Z,Traffic,Vehicle accident,19403,Lower Providence,RIDGE PIKE & N TROOPER RD,0,35e96089
TM653U,Fire,Fire alarm,19010,Lower Merion,ST ANDREWS RD & CALAWAY LN,0,8963a9e7
TM65A5,EMS,Syncopal episode,19031,Springfield,WISSAHICKON AVE & ROSE LN,1,bae09abf
TM65DK,Traffic,Vehicle accident,19401,East Norriton,DEKALB PIKE & COLONIAL DR,1,1e6d8911
TM65HA,EMS,Fracture,19044,Horsham,BROWNSTONE LN & SCHOOL RD,0,33ccf5d8
TM65J4,Traffic,Vehicle accident,19444,Springfield,GERMANTOWN PIKE & THOMAS RD,0,efe168be
TM65TV,Fire,Fire alarm,19010,Lower Merion,ROUND HILL RD & CALAWAY LN,1,71088839
TM664P,EMS,Cardiac arrest,19401,Norristown,FOREST AVE & W AIRY ST,0,95a4b039
TM66ER,EMS,Cardiac arrest,19525,New Hanover,FAWN DR & MIDDLE CREEK RD,1,d94d0654
TM66G7,EMS,Unknown medical emergency,19002,Lower Gwynedd,PENLLYN PIKE & FOXFIELD RD,1,9df8da62
TM66LM,EMS,Fall victim,19426,Perkiomen,GRAVEL PIKE & GRATERFORD RD,0,d2b45c00
TM66P4,EMS,Hemorrhaging,19004,Lower Merion,RIGHTERS FERRY RD & MONUMENT RD,0,13f08d9f
TM66YX,Fire,Fire alarm,19446,Montgomery,BETHLEHEM PIKE & MAPLE DR,0,fc5cb30e
TM674P,EMS,Fall victim,19406,Upper Merion,SWEETBRIAR CIR & LUKENS LN,0,af2e38d3
TM679G,EMS,Abdominal pains,19446,Towamencin,NASH AVE & SWARTLEY RD,1,60d7cc79
TM67CM,Fire,Fire special service,19426,Perkiomen,GRAVEL PIKE & GRATERFORD RD,0,9a6db375
TM67DB,Fire,Fire alarm,19446,Lansdale,MAIN ST & HIGHLAND RD,1,1a40acc1
TM67OV,Fire,Fire alarm,19006,Upper Moreland,EDGEHILL RD & TERWOOD RD,0,c6f602b7
TM67W5,EMS,Nausea/vomiting,19446,Worcester,SKIPPACK PIKE & HOLLOW RD,0,83d70164
TM67YH,EMS,Altered mental status,19040,Upper Moreland,DAVISVILLE RD & PENNYPACK RD,0,e2cd4f51
TM68WO,EMS,Medical alert alarm,19403,Lower Providence,SHANNONDELL DR & SHANNONDELL BLVD,0,34047ecc
TM68Y0,EMS,Cardiac emergency,18964,Telford,MAIN ST & E BROAD ST,1,00ebbbdc
TM68Z6,EMS,Respiratory emergency,19002,Lower Gwynedd,NORRISTOWN RD & RADCLIFF LN,1,99a06d23
TM69LR,Fire,Electrical fire outside,19046,Abington,LINDSAY LN & SUSQUEHANNA RD,0,1e40bb01
TM69PY,EMS,Cardiac emergency,19403,Lower Providence,SHANNONDELL DR & SHANNONDELL BLVD,0,f030054e
TM6A40,EMS,Respiratory emergency,19002,Lower Gwynedd,SUMNEYTOWN PIKE & WELLINGTON DR,1,4341d3a6
TM6A85,Traffic,Vehicle accident,19003,Lower Merion,BLUEROUTE  & EMERGENCY CROSS OVER,1,61e35dcd
TM6AC8,Traffic,Vehicle accident,19401,Plymouth,NEW HOPE ST & BELVOIR RD,0,28ef6fa1
TM6AH2,EMS,Seizures,19401,Norristown,W AIRY ST,0,31c621c0
TM6AJD,EMS,Nausea/vomiting,19046,Jenkintown,FLORENCE AVE & GREENWOOD AVE,0,ccb01446
TM6AK4,EMS,General weakness,19422,Whitpain,SULLIVAN DR & LAFAYETTE WAY,0,d0dc5dda
TM6AXV,EMS,Vehicle accident,19401,East Norriton,GERMANTOWN PIKE & HANNAH AVE,0,889201e3
TM6AY4,Traffic,Vehicle accident,19401,East Norriton,GERMANTOWN PIKE & HANNAH AVE,1,8c334038
TM6B7D,EMS,Fall victim,19468,Limerick,RED ROCK CIR & STONEBACH CT,1,e26f574f
TM6B9B,Fire,Carbon monoxide detector,19006,Lower Moreland,MAPLE RD & PHILMONT AVE,0,d8859ec1
TM6BRG,EMS,Unknown medical emergency,19428,Conshohocken,FAYETTE ST & E 4TH AVE,1,2d71a6ec
TM6C82,Traffic,Vehicle accident,19406,Upper Merion,S HENDERSON RD & E CHURCH RD,0,81f0c06d
TM6CK4,Traffic,Disabled vehicle,19401,Plymouth,CONSHOHOCKEN RD & E LAFAYETTE ST,1,316f95ff
TM6CM4,EMS,Head injury,19405,Upper Merion,COATES ST & HOLSTEIN ST,0,291a3376
TM6CPA,Traffic,Vehicle accident,19512,Douglass,PHILADELPHIA AVE & MONTGOMERY AVE,0,f272681d
TM6CWS,EMS,Vehicle accident,19006,Lower Moreland,PHILMONT AVE & ANNE ST,0,d7c5c0c3
TM6CWU,Traffic,Vehicle accident,19006,Lower Moreland,PHILMONT AVE & ANNE ST,1,c927aed4
TM6D1R,EMS,Syncopal episode,19464,Lower Pottsgrove,HIGH ST & BROWN ST,0,17dac42b
TM6D2J,EMS,CVA/stroke,19454,Montgomery,WINDING BROOK RUN & NESHAMINY FALLS CIR,0,88ef36e7
TM6D8H,EMS,Respiratory emergency,19001,Abington,GROVANIA AVE & MYRTLEWOOD AVE,0,e883db5a
TM6DB3,Traffic,Hazardous road conditions,18074,Lower Frederick,CEPP RD & SUSANS LN,0,5101d8ee
TM6DC7,Fire,Gas-odor/leak,18073,Upper Hanover,ROSEMONT TER & UNNAMED ALY,0,c212422c
TM6DDL,Fire,Fire alarm,19031,Whitemarsh,CHURCH RD & BETHLEHEM PIKE,0,c614e59b
TM6DF4,Fire,Fire investigation,19401,Norristown,AIRY ST & HURST ALY,0,c36318fc
TM6DFX,EMS,Fall victim,19403,Lower Providence,EVANS RD & HENRY RD,1,f13ec3dd
TM6DGJ,EMS,CVA/stroke,19428,Conshohocken,7TH AVE & WOOD ST,1,e6e0b74c
TM6DHT,EMS,Unknown medical emergency,19401,Norristown,MAIN ST & GREEN ST,0,b4c38b9d
TM6DR2,EMS,Fall victim,19464,Lower Pottsgrove,EVERGREEN RD & W LIGHTCAP RD,1,38430016
TM6DRT,EMS,Subject in pain,19006,Abington,MEADOWBROOK DR & HUNTINGDON PIKE,0,ee78584a
TM6E2X,EMS,Assault victim,18969,Telford,SPRING HOUSE LN & VILLAGE GREEN LN,0,efe6074f
TM6E5G,Fire,Fire alarm,19438,Towamencin,GEHMAN RD & DETWILER RD,0,cae34c68
TM6E8P,EMS,Altered mental status,19454,Lower Gwynedd,GWYNEDD VIEW RD & ROSE LN,0,1a8c3b77
TM6F0Q,Traffic,Vehicle accident,19464,Pottstown,JEFFERSON AVE & N EVANS ST,0,61042fa7
TM6FA4,Traffic,Vehicle accident,19454,Montgomery,NORTH WALES RD & HARBOB LN,0,8ac18511
TM6FC9,EMS,Unknown medical emergency,19401,Norristown,AIRY ST & DEKALB ST,0,0d236025
TM6FCY,EMS,Vehicle accident,19454,Montgomery,NORTH WALES RD & HARBOB LN,0,481c5da0
TM6FDV,Fire,Vehicle accident,19454,Montgomery,NORTH WALES RD & HARBOB LN,0,389640af
TM6G6H,Traffic,Vehicle accident,19403,Lower Providence,RIDGE PIKE & N PARK AVE,0,d31162be
TM6GJ0,Traffic,Road obstruction,19438,Towamencin,EXTENSION PENNSYLVANIA TPKE & MORRIS RD,0,58fb2cba
TM6GLV,EMS,Cardiac emergency,19525,Douglass,ASPEN LN & ASH ST,0,4e59a54f
TM6GSP,EMS,Animal bite,19001,Abington,SILVER AVE & CORINTHIAN AVE,0,478a4184
TM6GZZ,EMS,Fall victim,19002,Ambler,BETHLEHEM PIKE & VALLEY BROOK RD,0,d02bd601
TM6H1H,Traffic,Vehicle accident,19460,Upper Providence,EGYPT RD & GREEN TREE RD,1,14071541
TM6HEY,Fire,Woods/field fire,19464,Pottstown,SHOEMAKER RD & ROBINSON ST,0,d6b1a13a
TM6HGH,EMS,Subject in pain,19044,Horsham,LEARY DR & SUMMER AVE,0,356ef8f0
TM6HXH,EMS,General weakness,19446,Lansdale,5TH ST & UNNAMED ALY,0,4d5eb2b2
TM6I0V,EMS,Assault victim,19464,Pottstown,OAK ST & LOCUST ALY,0,150abeef
TM6I4G,EMS,Cardiac emergency,19044,Horsham,LEARY DR & SUMMER AVE,0,3d6c5e72
TM6I58,Traffic,Vehicle accident,19401,Norristown,NEW HOPE ST & LINDA LN,0,b1116a87
TM6I6H,EMS,Syncopal episode,19002,Horsham,JOSEPH RD & MARIETTA DR,0,e23f9c23
TM6IHA,Fire,Gas-odor/leak,19444,Whitemarsh,1ST AVE & GERMANTOWN PIKE,0,39c07101
TM6IJN,EMS,Cardiac emergency,18964,Franconia,CHATHAM CT & DEERFIELD DR,0,b416cd25
TM6IL1,EMS,Fall victim,18073,Pennsburg,WASHINGTON ST & W 3RD ST,0,64aca9fd
TM6IP0,Traffic,Disabled vehicle,19403,West Norriton,MAIN ST & JEFFERSON AVE,0,85d88845
TM6ITG,Traffic,Vehicle accident,19046,Abington,SUSQUEHANNA RD & MEETINGHOUSE RD,0,182fd944
TM6IUP,EMS,Respiratory emergency,19403,Lower Providence,COLONY DR & PAWLINGS RD,0,afbd3804
TM6J1L,EMS,Fall victim,19403,Lower Providence,SHANNONDELL DR & SHANNONDELL BLVD,0,2ce9a588
TM6J2A,EMS,Respiratory emergency,19027,Cheltenham,IVY LN & WIDENER RD,0,17669838
TM6J31,EMS,Cardiac emergency,19006,Lower Moreland,LONGFELLOW RD & LAWRENCE RD,0,19e1c8e1
TM6J3V,EMS,Syncopal episode,19468,Limerick,TOWNSHIP LINE RD & 10TH AVE,0,c8c28a46
TM6J5L,Traffic,Vehicle fire,19406,Upper Merion,VILLAGE DR & N GULPH RD,0,88cb74b8
TM6JAS,Fire,Fire alarm,19027,Cheltenham,CHELSEA RD & EUSTON RD,0,ea43c6de
TM6JOF,Traffic,Vehicle accident,19403,East Norriton,SUNSET AVE & WOODLAND AVE,0,829cb9ab
TM6JXJ,EMS,General weakness,19403,Lower Providence,EAGLEVILLE RD & BUNTING CIR,0,36729345
TM6JYA,Traffic,Vehicle accident,19041,Lower Merion,HAVERFORD STATION RD & W MONTGOMERY AVE,0,8e526d8f
TM6JYG,EMS,Vehicle accident,19041,Lower Merion,HAVERFORD STATION RD,0,0c23a773
TM6K0K,Fire,Building fire,19401,Norristown,MARSHALL ST & HAWS AVE,0,2c05df7f
